id,category,question,aliases,answer,keywords,answer_mode,status,priority,last_verified_at,internal_note
faq-001,訂房與空房,請問還有空房嗎？,這天還有房嗎｜請問有空房嗎｜這個日期可以訂嗎｜還有房間嗎｜想查房況,可直接至官網訂房系統查詢即時房況；如需管家協助，也可透過官方 LINE 或電話聯繫。,空房｜房況｜可訂日期｜查房,collect_info,approved,80,2026-09-03,需查詢即時房況，不可直接回答「有房」。
faq-002,訂房與空房,我要怎麼訂房？,怎麼訂房｜我要預約｜要去哪裡下訂｜訂房流程是什麼｜可以用LINE訂嗎,可透過官網訂房系統、官方 LINE 或電話提出訂房需求；透過官網完成訂房並入住，每入住 1 晚可獲贈慢寶精美文創禮 1 份。Booking.com 等第三方平台訂房不適用此官網限定禮遇。,訂房｜預約｜下訂｜官網預約｜訂房流程,direct,approved,80,2026-09-03,官網限定：每入住 1 晚贈文創禮 1 份；第三方平台不適用。
faq-003,訂房與空房,線上訂房後還需要再跟民宿確認嗎？,送出預約就算成功嗎｜線上預約後還要確認嗎｜預約申請等於訂房嗎｜官網送出後有保留嗎,官網送出訂房申請後，尚不代表訂房已成立；民宿會依訂單流程確認房況與付款資訊，完成訂金付款並由館主確認入帳後，訂房才正式成立。,線上訂房｜預約申請｜訂房確認｜訂房成立,direct,approved,80,2026-09-03,送出申請不等於成立；完成訂金並確認入帳後才成立。
faq-004,訂房與空房,訂房需要先付訂金嗎？,需要先付訂金嗎｜要先匯款嗎｜訂房要先付款嗎｜訂金多少｜可以現場再付嗎,需要。官網訂房的應付訂金為訂房總額 30%，實際金額以訂房頁顯示為準；完成付款並由館主確認入帳後，訂房才正式成立。,訂金｜預付款｜先付款｜匯款｜保留日期,direct,approved,80,2026-09-03,訂金為總額 30%；不得自行重算，以訂房頁 server 報價為準。
faq-005,訂房與空房,訂房後多久內要匯款？,多久要匯款｜付款期限多久｜幾天內要付款｜超過期限怎麼辦｜可以晚點付款嗎,付款期限請以訂單頁面或民宿正式通知顯示的時間為準；逾時未完成付款，日期可能會自動釋出，之後需重新確認房況。,匯款期限｜付款期限｜付款逾期｜延後付款｜保留日期,direct,approved,80,2026-09-03,不得自行承諾固定天數；依訂單頁面或官方通知的期限。
faq-006,訂房與空房,我可以先口頭保留房間嗎？,可以先保留嗎｜還沒付款可以保留嗎｜可以口頭卡房嗎｜先幫我留日期｜能暫時保留房間嗎,不好意思，民宿不接受口頭保留。只有完成官網訂房流程或取得民宿正式確認的訂單，才會依系統或通知所示期限保留；完成訂金並確認入帳後才正式成立。,口頭保留｜暫時保留｜先保留｜卡房｜未付款,direct,approved,80,2026-09-03,不接受口頭保留；實際保留依訂單流程與正式通知。
faq-007,訂房與空房,可以現場看房再訂嗎？,可以先去看房嗎｜可以參觀房間嗎｜能現場看過再決定嗎｜可以預約看房嗎,"為維護住客隱私與品質，目前不開放現場看房喔！
若有合作或拍攝需求，歡迎先透過官方 LINE 聯繫預約。",看房｜現場看房｜參觀房間｜預約參觀,direct,approved,80,,不接受臨時到場，特殊需求須預約。
faq-008,訂房與空房,可以指定房間嗎？,可以選房嗎｜能指定房號嗎｜可以選主題房嗎｜想住某一間可以嗎｜可以指定房型嗎,包棟時會依入住人數與可選房間組合安排開房；如有長輩、幼兒或特定房間偏好，可在訂房備註提出，我們會依實際房況協助，但無法保證指定房號。單間開放時則以訂房頁顯示的可訂房型為準。,指定房間｜指定房號｜選房｜主題房｜房型偏好,collect_info,approved,80,2026-09-03,可提出房間偏好，但須依房況安排，不保證指定房號。
faq-009,訂房與空房,可以指定樓層嗎？,可以選樓層嗎｜想住一樓可以嗎｜可以安排低樓層嗎｜長輩可以住一樓嗎｜能指定二樓嗎,可提出樓層偏好；如有長輩或行動較不便者，可提前告知並優先安排一樓，但仍須依實際房況，無法保證指定樓層或房號。,指定樓層｜一樓房｜低樓層｜長輩｜行動不便,collect_info,approved,80,,需收集長輩、幼兒或行動需求後再安排。
faq-010,訂房與空房,可以訂同一天多間房嗎？,可以一次訂兩間嗎｜同一天能訂多間嗎｜想訂三間房｜可以訂多個房間嗎｜多間房怎麼訂,"可以的！不過我們平時主要以「包棟」為主～
如果該日期有開放「單獨訂房」，線上系統就會顯示剩餘房型，您就可以直接預訂多間喔！",多間房｜同一天訂房｜訂兩間｜訂三間｜需要房數,collect_info,approved,80,,單間客房僅於訂房頁顯示可訂時開放；包棟實際開房組合依方案與入住人數安排。
faq-011,訂房與空房,可以包棟嗎？,能不能包棟？｜可不可以包棟？,"可以喔！民宿平時主要以包棟為主。
您可以直接在線上訂房系統確認日期與進行預訂！",包棟｜訂房｜空房｜房況,collect_info,approved,80,,需收集日期、人數與寵物資訊後確認房況與報價。
faq-012,訂房與空房,包棟會有其他客人嗎？,,"不會！包棟期間不會有其他陌生旅客。
所有客房與公共空間均由您這組貴賓獨享；非客用工作區則依入住說明為準。",包棟｜訂房｜空房｜房況,direct,approved,80,,包棟不與其他陌生旅客併住。
faq-013,訂房與空房,可以只訂部分房間不包棟嗎？,能不能只訂部分房間不包棟？｜可不可以只訂部分房間不包棟？,民宿主要以包棟為主；僅於淡季或特定日期開放單間預訂，實際請以訂房頁顯示為準。,包棟｜訂房｜空房｜房況,collect_info,approved,80,,單間客房僅於後台開放時可預約。
faq-014,訂房與空房,平日和假日怎麼分？,平日和假日如何分,週日至週四為平日；週五使用週五價格；週六與連續假日使用週六／連續假日價格。暑假、過年及其他特殊日期以官網訂房頁或當期公告為準。,平日｜假日｜訂房｜空房｜房況,direct,approved,80,2026-09-03,正式分類：平日（日～四）／週五／週六與連續假日。
faq-015,訂房與空房,春節或連假可以訂嗎？,,"可以的！不過春節與連假採不同房價與規定。

實際開放日期與房況，請直接至線上訂房系統查詢預訂喔！",連假｜春節｜訂房｜空房｜房況,collect_info,approved,80,,春節與連假需確認開放日期、房況及當期規則。
faq-016,訂房與空房,可以候補嗎？,能不能候補？｜可不可以候補？,可以，每個日期最多接受 3 組候補，可線上登記；若有房況釋出，我們會依候補順序通知。,候補｜訂房｜空房｜房況,collect_info,approved,80,,
faq-017,訂房與空房,可以訂當天住宿嗎？,能不能訂當天住宿？｜可不可以訂當天住宿？,若當日仍有空房且整理時間足夠，可以接受當日訂房；建議先電話或LINE確認後再前往。,當天住宿｜訂房｜空房｜房況,direct,approved,80,,
faq-018,訂房與空房,官網、平台和LINE價格一樣嗎？,,不同通路可能因平台費用、活動或付款條件而有差異，以實際下訂頁面或民宿正式回覆報價為準。,訂房｜空房｜房況,collect_info,approved,80,,
faq-019,訂房與空房,訂房成功會收到什麼資料？,預約成功會收到什麼資料,訂房確認後，我們會以 Email 提供入住與退房日期、住宿方式、入住人數、金額、付款狀態、入住須知及聯絡方式。,訂房｜空房｜房況,direct,approved,80,,
faq-020,訂房與空房,我沒收到確認信怎麼辦？,我沒收到確認信該怎麼處理？｜我沒收到確認信要如何處理,請透過官方 LINE 提供訂房姓名、入住日期與聯絡電話，管家會協助查詢。,訂房｜空房｜房況,direct,approved,80,,
faq-021,訂房與空房,訂房姓名可以更改嗎？,預約姓名可以更改嗎,可以協助更改訂房代表人資料；請透過官方 LINE 提供訂房編號、原訂房人資料及欲更正的姓名與聯絡方式。入住時仍需提供實際入住代表人的真實資料。,訂房｜空房｜房況,collect_info,approved,80,2026-09-03,訂房代表資料變更需核對訂房編號及原資料。
faq-022,訂房與空房,可以幫朋友或家人代訂嗎？,能不能幫朋友或家人代訂？｜可不可以幫朋友或家人代訂？,可以由親友代訂，但訂房時請填寫可聯繫的訂房代表資料，並於入住前提供實際入住代表人的姓名與聯絡方式，以便完成住宿登記。,訂房｜空房｜房況,direct,approved,80,2026-09-03,代訂可接受；入住代表資料需真實且可聯繫。
faq-023,訂房與空房,未成年可以自己訂房嗎？,未成年可以自己預約嗎,通常需由成年人作為訂房與入住代表；未成年同行請由家長或監護人確認並遵守民宿規定。,訂房｜空房｜房況,direct,approved,80,,
faq-024,訂房與空房,可以訂長住嗎？,能不能訂長住？｜可不可以訂長住？,可提供入住期間與人數讓我們評估房況、清潔安排與價格；長住規則可能與一般住宿不同。,長住｜訂房｜空房｜房況,collect_info,approved,80,,
faq-025,訂房與空房,訂房需要提供哪些資料？,訂房要提供哪些資料｜預約需要提供哪些資料,請提供入住與退房日期、入住人數、房型或包棟需求、特殊需求，以及訂房人姓名與電話。,訂房｜空房｜房況,collect_info,approved,80,,
faq-026,房價與付款,包棟房價怎麼算？,房價是多少？｜房價是怎麼算？｜包棟價格怎麼算？｜包棟價格如何算｜包棟一晚多少錢｜10人包棟多少錢｜18人包棟多少錢,"包棟房價依日期與成人計價人數計算：10 人每晚平日 TWD 25,000、週五 TWD 32,000、週六／連續假日 TWD 39,000；11～18 人每增加 1 位每晚加 TWD 1,250，18 人為 TWD 35,000／42,000／49,000；19～20 人每增加 1 位每晚再加 TWD 800。第 2 晚起包棟住宿費享 95 折，實際以訂房頁為準。",包棟房價｜房價｜10人｜18人｜平日｜週五｜週六｜連假｜加人｜95折,collect_info,approved,80,2026-09-03,目前正式價目表；未列特殊日期以官網即時報價為準。
faq-028,房價與付款,價格包含哪些費用？,,訂房頁顯示的包棟住宿費包含依日期、人數與方案計算的住宿費及一般退房清潔；不包含額外不佔床孩童費、狗狗住宿費、早餐加購、寵物押金及其他特殊服務。最終明細請以訂房頁逐項顯示為準。,房價｜付款｜費用,direct,approved,80,2026-09-03,回答費用包含／不包含；最終以 server 報價明細為準。
faq-029,房價與付款,有另外收清潔費嗎？,請問有另外收清潔費嗎｜另外收清潔費有提供嗎,一般清潔費已包含在房價內；若有嚴重髒污、嘔吐、煙味或設備損壞，將視情況另行收費。,清潔費｜房價｜付款｜費用,direct,approved,80,2026-09-04,一般退房清潔已包含於房價；嚴重髒污、煙味、嘔吐或損壞等特殊情況另計。
faq-030,房價與付款,兒童與嬰幼兒怎麼計費？,小孩也算人數嗎｜嬰兒需要收費嗎｜小孩不佔床怎麼算｜8個大人2個小孩怎麼算｜3歲小孩收費嗎｜4歲小孩收費嗎｜12歲怎麼算｜13歲算成人嗎｜嬰幼兒免費有名額限制嗎,包棟最低以 10 位計價名額計算。成人與滿 4 歲至未滿 13 歲的不佔床兒童均會占用基本 10 位名額；若成人未滿 10 位，兒童可先計入基本名額，成人與該年齡兒童合計超過 10 位後，超出的不佔床兒童每位每晚加收 TWD 500。未滿 4 歲不佔床免費且免費名額不設上限，所有幼兒仍須如實填寫並受整體安全容量限制；滿 13 歲按成人計價。實際以訂房頁顯示為準。,兒童｜嬰兒｜嬰幼兒｜不佔床｜3歲｜4歲｜12歲｜13歲｜基本10位名額｜免費名額｜清潔費｜人數,direct,approved,80,2026-09-05,canonical child_pricing；與 Booking chargeable_child_count 規則一致。
faq-032,房價與付款,加人怎麼收費？,加人如何收費,"10 人以下依 10 人包棟價計算；11～18 人每增加 1 位成人，每晚加 TWD 1,250；19～20 人則以 18 人價格為基礎，每增加 1 位每晚加 TWD 800，最多入住 20 人。實際房價與床位組合以訂房頁為準。",房價｜付款｜費用,collect_info,approved,80,2026-09-04,"成人計價規則：11～18 人每位每晚加 TWD 1,250；19～20 人每位每晚加 TWD 800；最多入住 20 人。"
faq-033,房價與付款,加床怎麼收費？,加床如何收費,加床會依入住人數與房間配置安排，無法單獨以床張數任意加設。19 人以上會依訂房方案安排單人加床，最多入住 20 人；實際可加床數、房間配置與費用請以訂房頁顯示為準。,房價｜付款｜費用,collect_info,approved,80,2026-09-04,加床須依方案與房型配置，不等同單純加人費。
faq-034,房價與付款,尾款可以什麼時候付？,,尾款可於入住前匯款，或於入住當日結清。若需要匯款帳戶資訊，請私訊官方 LINE 索取。,尾款｜房價｜付款｜費用,direct,approved,80,,
faq-035,房價與付款,可以刷卡嗎？,能不能刷卡？｜可不可以刷卡？,目前一般付款不提供信用卡刷卡，付款方式以銀行轉帳或入住當日結清為主。,刷卡｜房價｜付款｜費用,direct,approved,80,,答案可使用，但需提醒依當期資訊確認
faq-036,房價與付款,可以用轉帳嗎？,能不能用轉帳？｜可不可以用轉帳？,可以，尾款可於入住前匯款，或於入住當日結清。若需要匯款帳戶資訊，請私訊官方 LINE 索取。,轉帳｜房價｜付款｜費用,direct,approved,80,,答案可使用，但需提醒依當期資訊確認
faq-037,房價與付款,可以用現金嗎？,能不能用現金？｜可不可以用現金？,可以，尾款可於入住當日以現金結清；若希望提前付款，也可使用匯款方式。,現金｜房價｜付款｜費用,direct,approved,80,,答案可使用，但需提醒依當期資訊確認
faq-038,房價與付款,可以用行動支付嗎？,能不能用行動支付？｜可不可以用行動支付？,目前暫不提供行動支付，付款方式以匯款或入住當日現金結清為主。,行動支付｜房價｜付款｜費用,direct,approved,80,,答案可使用，但需提醒依當期資訊確認
faq-041,房價與付款,可以分開付款嗎？,能不能分開付款？｜可不可以分開付款？｜多人包棟可以各自轉帳嗎,為方便訂單確認與對帳，訂金及尾款請由一位代表統一付款；同行旅客如需分攤費用，可自行私下結算。,房價｜付款｜費用｜包棟｜轉帳,collect_info,approved,80,,
faq-043,房價與付款,付款後如何確認？,,匯款資料送出後會顯示「等待館主確認入帳」；館主確認收到訂金後，訂單狀態會更新為「訂房已成立」。可由訂單查詢頁查看最新付款與訂房狀態。,房價｜付款｜費用,direct,approved,80,2026-09-03,須與「訂單查詢／付款狀態」runtime 同步上線；未上線前不可先部署此 FAQ。
faq-044,房價與付款,匯錯金額怎麼辦？,匯錯金額該怎麼處理？｜匯錯金額要如何處理,若匯款金額有誤，請立即私訊官方 LINE，並提供訂房姓名、入住日期、匯款金額及帳號末五碼，我們會協助確認；若金額不足需補足差額，若有溢付則確認後辦理退款。,房價｜付款｜費用,direct,approved,80,,
faq-045,房價與付款,訂金可以折抵房費嗎？,,可以，已支付的訂金會從訂房總額中扣除，後續只需支付訂單明細顯示的尾款；實際總額、訂金與尾款請以訂房頁或訂單查詢頁為準。,訂金｜房價｜付款｜費用,direct,approved,80,2026-09-03,訂金會折抵總額；以 server snapshot 金額為準。
faq-046,房價與付款,價格可以優惠嗎？,,房價依入住日期、平假日及入住人數計算，官網已提供當期優惠價格，實際房價請以訂房頁面顯示為準。,優惠｜房價｜付款｜費用,collect_info,approved,80,,
faq-047,房價與付款,連住、生日或紀念日有優惠嗎？,連住有優惠嗎？｜生日或紀念日有優惠嗎？｜生日有優惠嗎｜紀念日有優惠嗎｜住兩晚有折扣嗎,包棟連續入住時，第 1 晚原價，第 2 晚起包棟住宿費享 95 折。其他生日、紀念日、早鳥或期間活動，請以官網當期公告及訂房頁顯示為準。,連住｜續住｜95折｜生日｜紀念日｜優惠｜早鳥,direct,approved,80,2026-09-03,連住 95 折為固定規則；其他活動依當期公告。
faq-050,房價與付款,押金什麼時候退？,,"入住時收取一般住宿押金 TWD 10,000。退房後待房務與設備檢查完成，確認無損壞、污損或違反住宿規定後，依原約定方式全額退還；如有損壞、污損或額外清潔費用，將依實際情況扣除後退還餘額。攜帶狗狗入住時，寵物押金每棟 TWD 3,000，另行計算。",押金｜房價｜付款｜費用,direct,approved,80,2026-09-04,"一般住宿押金 TWD 10,000；狗狗入住另收每棟 TWD 3,000 寵物押金。"
faq-051,取消改期與不可抗力,取消訂房可以退訂金嗎？,取消預約可以退訂金嗎,可以，取消訂房之訂金退款依交通部觀光署「個別旅客訂房定型化契約」規定辦理：入住日前 14 日以前取消退還 100%；10～13 日退還 70%；7～9 日退還 50%；4～6 日退還 40%；2～3 日退還 30%；入住前 1 日退還 20%；入住當日取消或未通知者，訂金恕不退還。,取消｜訂金｜改期｜退款,ask_human,approved,80,,取消與退款比例需依正式訂房條款及訂單日期由人工核對，不由慢寶直接承諾。
faq-052,取消改期與不可抗力,14天前取消可以全退嗎？,,可以。於預定入住日前第 14 日以前取消，已支付的訂金可退還 100%。,取消｜改期｜退款,ask_human,approved,80,,取消與退款比例需依正式訂房條款及訂單日期由人工核對，不由慢寶直接承諾。
faq-053,取消改期與不可抗力,入住前10到13天取消怎麼算？,入住前10到13天取消如何算,於預定入住日前第 10 日至第 13 日取消，可退還已支付訂金的 70%。,取消｜改期｜退款,ask_human,approved,80,,取消與退款比例需依正式訂房條款及訂單日期由人工核對，不由慢寶直接承諾。
faq-054,取消改期與不可抗力,入住前7到9天取消怎麼算？,入住前7到9天取消如何算,於預定入住日前第 7 日至第 9 日取消，可退還已支付訂金的 50%。,取消｜改期｜退款,ask_human,approved,80,,取消與退款比例需依正式訂房條款及訂單日期由人工核對，不由慢寶直接承諾。
faq-055,取消改期與不可抗力,入住前4到6天取消怎麼算？,入住前4到6天取消如何算,於預定入住日前第 4 日至第 6 日取消，可退還已支付訂金的 40%。,取消｜改期｜退款,ask_human,approved,80,,取消與退款比例需依正式訂房條款及訂單日期由人工核對，不由慢寶直接承諾。
faq-056,取消改期與不可抗力,入住前2到3天取消怎麼算？,入住前2到3天取消如何算,於預定入住日前第 2 日至第 3 日取消，可退還已支付訂金的 30%。,取消｜改期｜退款,ask_human,approved,80,,取消與退款比例需依正式訂房條款及訂單日期由人工核對，不由慢寶直接承諾。
faq-057,取消改期與不可抗力,入住前一天取消怎麼算？,入住前一天取消如何算,於預定入住日前第 1 日取消，可退還已支付訂金的 20%。,取消｜改期｜退款,ask_human,approved,80,,取消與退款比例需依正式訂房條款及訂單日期由人工核對，不由慢寶直接承諾。
faq-058,取消改期與不可抗力,入住當天取消會退費嗎？,,於預定入住當日取消，已支付的訂金恕不退還。,退費｜取消｜改期｜退款,ask_human,approved,80,,取消與退款比例需依正式訂房條款及訂單日期由人工核對，不由慢寶直接承諾。
faq-059,取消改期與不可抗力,臨時不能去可以改期嗎？,,如需改期，請於入住日前 14 日提出，視房況可免費改期一次；改期後房價依新入住日期重新計算。入住日前 13 日內如無法入住，則依取消訂房退款規定辦理。,改期｜取消｜退款,collect_info,approved,80,,
faq-060,取消改期與不可抗力,改期需要手續費嗎？,改期要手續費嗎,入住日前 14 日提出改期，可免費改期一次，不另收手續費；改期後房價將依新入住日期重新計算。入住日前 13 日內恕不提供改期，將依取消訂房退款規定辦理。,改期｜取消｜退款,collect_info,approved,80,,
faq-061,取消改期與不可抗力,改期後還可以再取消嗎？,,可以。改期後如需取消，將以新的入住日期為基準，依取消訂房退款規定辦理。,改期｜取消｜退款,collect_info,approved,80,,
faq-062,取消改期與不可抗力,颱風可以取消嗎？,,如因颱風造成宜蘭縣停班停課，或因必要交通停駛等不可抗力因素致無法入住，已支付的訂金及其他費用將全額退還；其他情況則依一般取消訂房退款規定辦理。,颱風｜取消｜改期｜退款,direct,approved,80,,
faq-063,取消改期與不可抗力,如果宜蘭停班停課可以退嗎？,,可以。若預定入住日期因颱風或其他天然災害，宜蘭縣政府宣布停止上班上課，可取消訂房，已支付的訂金及其他住宿費用將全額退還。,停班停課｜取消｜改期｜退款,direct,approved,80,,
faq-064,取消改期與不可抗力,下雨可以取消或延期嗎？,,一般下雨不影響正常入住，若因個人考量取消或改期，將依一般取消及改期規定辦理。若因豪雨等天候造成宜蘭縣停班停課、必要交通停駛或其他不可抗力因素，致無法入住，已支付的訂金及其他住宿費用將全額退還。,取消｜改期｜退款,collect_info,approved,80,,
faq-065,取消改期與不可抗力,有人生病可以取消嗎？,請問有人生病可以取消嗎｜人生病可以取消有提供嗎,若因個人身體不適或生病無法入住，原則上依一般取消訂房退款規定辦理；如遇住院、重大突發疾病等特殊情況，可提供相關證明並私訊官方 LINE，我們將依實際情況協助處理。,取消｜改期｜退款,collect_info,approved,80,,一般依取消規定辦理；住院或重大突發疾病等特殊情況需收集資料後人工確認。
faq-066,取消改期與不可抗力,確診或傳染病可以延期嗎？,,若確診傳染性疾病，請勿帶病入住並儘速私訊官方 LINE。原則上依一般取消及改期規定辦理；如遇政府防疫措施、住院或其他特殊情況，可提供相關證明，我們將依實際情況協助處理。,傳染病｜取消｜改期｜退款,direct,approved,80,,
faq-067,取消改期與不可抗力,人數減少可以退差價嗎？,,可以。若入住人數有減少，請於入住前告知，我們將依當期包棟房價表及最終入住人數重新計算房費；如有差額，將於尾款中扣除或辦理退還。入住後臨時減少或未實際到場者，恕不退還差額。,人數減少｜取消｜改期｜退款,direct,approved,80,,答案可使用，但需提醒依當期資訊確認
faq-068,取消改期與不可抗力,人數增加可以補費嗎？,可以臨時增加人入住嗎｜能不能臨時增加人入住？｜可不可以臨時增加人入住？,"可以，請在入住前更新人數。10 人以下按 10 人價；11～18 人每增加 1 位成人，每晚加 TWD 1,250；19～20 人每增加 1 位每晚加 TWD 800，最多入住 20 人。實際差額與房間配置以訂房頁或官方確認為準。",人數增加｜取消｜改期｜退款｜人數｜房型｜包棟,collect_info,approved,80,2026-09-04,人數增加依目前價目表與床位配置確認。
faq-069,取消改期與不可抗力,可以更換房型嗎？,能不能更換房型？｜可不可以更換房型？,包棟入住可自行安排各房入住人員；如有特殊房型需求，請提前告知。,更換房型｜取消｜改期｜退款,direct,approved,80,,
faq-070,取消改期與不可抗力,可以少住一天嗎？,能不能少住一天？｜可不可以少住一天？,可以，如需縮短住宿天數，請提前告知；取消的住宿晚數將依提出日期及取消訂房退款規定辦理。若已入住後臨時提前退房，未住宿的晚數恕不退費。,取消｜改期｜退款,direct,approved,80,,
faq-071,取消改期與不可抗力,可以延長住宿嗎？,能不能延長住宿？｜可不可以延長住宿？,可以，如後續日期仍有空房，可協助延長住宿。延住費用將依新增住宿日期的當期房價計算，請提前私訊官方 LINE 確認房況與費用。,延長住宿｜取消｜改期｜退款,collect_info,approved,80,,
faq-072,取消改期與不可抗力,平台訂房要怎麼取消？,平台訂房要如何取消｜平台預約要怎麼取消？,透過訂房平台預訂者，請直接於原訂房平台依訂單規定辦理取消或變更；取消及退款條件以該平台訂單顯示的政策為準，與官網直接訂房規定可能不同。,取消｜改期｜退款,direct,approved,80,,
faq-073,取消改期與不可抗力,官網訂房要怎麼取消？,官網訂房要如何取消｜官網預約要怎麼取消？,如需取消官網訂房，請私訊官方 LINE，並提供訂房姓名、入住日期及訂單編號，我們確認訂單後，將依取消訂房退款規定辦理。,取消｜改期｜退款,direct,approved,80,,
faq-074,取消改期與不可抗力,退費多久會入帳？,,退款申請確認後，我們將於 3～5 個工作天內辦理退款；退款完成後，官方會寄送 Email 通知，實際入帳時間依各銀行作業時間為準。,退費｜取消｜改期｜退款,direct,approved,80,,
faq-075,取消改期與不可抗力,取消訂房需要提供什麼資料？,取消訂房要提供什麼資料｜取消預約需要提供什麼資料,請透過官方 LINE、電話或訂房系統提出取消申請，並提供訂房姓名、入住日期及訂單編號，以便核對訂單；如有退款，另需提供退款帳戶資料。,取消｜改期｜退款,direct,approved,80,,
faq-076,入住退房與抵達,幾點可以入住？,什麼時間可以入住？｜最晚可以幾點入住？｜最晚可以什麼時間入住？｜晚上很晚到會影響入住嗎,入住時間為 15:00～18:00；若預計超過 18:00 抵達，請提前透過官方 LINE 或電話告知，以便安排入住。,入住｜退房｜抵達,direct,approved,80,2026-09-03,正式入住時間 15:00～18:00；逾時需提前告知。
faq-077,入住退房與抵達,幾點要退房？,什麼時間要退房｜幾點要退宿？｜忘記退房時間怎麼辦｜忘記退房時間該怎麼處理？｜忘記退房時間要如何處理｜忘記退宿時間怎麼辦？,退房時間為翌日上午 11:00 前。離開前請確認個人物品是否攜帶齊全，並依現場指示完成退房。,入住｜退房｜抵達｜退房時間,direct,approved,80,2026-09-03,正式退房時間為翌日上午 11:00 前。
faq-078,入住退房與抵達,可以提早入住嗎？,能不能提早入住？｜可不可以提早入住？,15:00 前為房務清潔與整理時間，恕無法提前入住，入住時間自 15:00 起。,提早入住｜退房｜抵達,direct,approved,80,,
faq-079,入住退房與抵達,可以延後退房嗎？,能不能延後退房？｜可不可以延後退房？｜可以延後退宿嗎,"延後退房每次加收 1,000 元，最多可延後 1 小時，最晚須於中午 12:00 前退房。",延後退房｜入住｜抵達,collect_info,approved,80,,
faq-082,入住退房與抵達,入住當天需要帶什麼？,入住當天要帶什麼,入住當天請由訂房代表人攜帶身分證明文件及訂房確認 Email；如尚有未付尾款，請於入住當日結清。,入住｜退房｜抵達,direct,approved,80,,
faq-085,入住退房與抵達,外國旅客可以入住嗎？,,可以。外國旅客入住時請出示護照或居留證等有效身分證明文件，並配合辦理住宿登記。,入住｜退房｜抵達,direct,approved,80,,
faq-086,入住退房與抵達,可以自助入住嗎？,能不能自助入住？｜可不可以自助入住？,目前以現場辦理入住為主；若預計超過 18:00 抵達，請提前私訊官方 LINE 告知，我們會協助安排入住方式。,自助入住｜退房｜抵達,direct,approved,80,,
faq-087,入住退房與抵達,鑰匙怎麼拿？,鑰匙如何拿,辦理入住時，會由現場人員交付鑰匙並說明使用方式；退房時再依現場指示歸還即可。,鑰匙｜入住｜退房｜抵達,direct,approved,80,,
faq-088,入住退房與抵達,門鎖密碼什麼時候給？,,大門採密碼進出，入住時會由現場人員告知門鎖密碼及使用方式。,門鎖密碼｜入住｜退房｜抵達,direct,approved,80,,
faq-090,入住退房與抵達,抵達後要先去哪裡報到？,,抵達民宿後請直接前往大門入口，現場人員會協助辦理入住，並說明鑰匙、大門密碼及住宿相關事項。,入住｜退房｜抵達,direct,approved,80,,
faq-091,入住退房與抵達,本人提早抵達時，可以先在民宿現場寄放行李嗎？,可以先放行李嗎｜能不能先放行李？｜可不可以先放行李？｜提早到可以寄放行李嗎｜入住前可以寄放行李嗎｜到民宿後可以先暫放行李嗎｜本人提早抵達可以放行李嗎｜可以先到現場寄放行李嗎｜我提早到，可以先寄放行李嗎｜本人先到民宿，可以暫放行李嗎,可以，入住前可先將行李寄放於指定公共區域，但 15:00 前仍為房務清潔與整理時間，恕無法提前入住。,現場寄放｜暫放行李｜提早抵達｜本人到場｜入住前寄放,direct,approved,80,,本 FAQ 僅回答住客本人抵達後的現場寄放，不涵蓋郵寄、宅配或代收行李政策。
faq-092,入住退房與抵達,退房後可以寄放行李嗎？,退宿後可以寄放行李嗎｜退房後可以放行李到下午嗎｜退宿後可以放行李到下午嗎,退房後恕不提供行李寄放服務，請於退房時一併帶走所有行李及個人物品。,入住｜退房｜抵達,direct,approved,80,,
faq-093,入住退房與抵達,退房流程是什麼？,退宿流程是什麼,退房前請確認個人物品是否攜帶齊全；退房時由管家協助檢查館內設備是否有損壞、物品是否有遺失，確認無異常後即可完成退房。,入住｜退房｜抵達,direct,approved,80,,
faq-094,入住退房與抵達,退房需要檢查房間嗎？,退房要檢查房間嗎｜退宿需要檢查房間嗎,需要。退房時會由管家檢查館內設備是否有損壞、物品是否有遺失；確認無異常後即可完成退房，押金將依規定辦理退還。,入住｜退房｜抵達,direct,approved,80,,
faq-096,入住退房與抵達,退房可以不用見到管家嗎？,退宿可以不用見到管家嗎,退房時需由管家確認館內設備是否有損壞、物品是否有遺失，確認無異常後才完成退房，因此需配合管家辦理退房交接。,管家｜入住｜退房｜抵達,direct,approved,80,,
faq-097,入住退房與抵達,提早到可以使用公共空間嗎？,,15:00 前為房務清潔與整理時間，恕無法提前使用館內公共空間；如提早抵達，可將行李寄放於指定公共區域，待 15:00 後再辦理入住。,公共空間｜入住｜退房｜抵達,direct,approved,80,,
faq-098,入住退房與抵達,退房後還可以使用設施嗎？,退宿後還可以使用設施嗎,退房後恕不再開放使用房間及館內公共設施，以利房務清潔與整理，準備迎接下一組旅客。,入住｜退房｜抵達,collect_info,approved,80,,答案可使用，但需提醒依當期資訊確認
faq-099,入住退房與抵達,入住前會提供哪些資訊？,,入住前會由官方 Email 寄送民宿地址、導航、停車資訊、入住時間及住宿注意事項；入住當天再由現場人員說明大門密碼、鑰匙、Wi-Fi、館內設備使用方式及退房流程。,入住｜退房｜抵達,direct,approved,80,,
faq-100,入住退房與抵達,入住當天聯絡不到怎麼辦？,入住當天聯絡不到該怎麼處理？｜入住當天聯絡不到要如何處理,若入住當天暫時聯絡不到現場人員，請先私訊官方 LINE，或依入住前官方 Email 提供的聯絡方式與我們聯繫。,入住｜退房｜抵達,direct,approved,80,,
faq-101,交通停車與周邊,民宿地址在哪裡？,慢慢蒔光地址在哪裡？｜導航要輸入什麼？｜開車怎麼到？｜開車如何到｜地址是什麼｜Google地圖怎麼搜,慢慢蒔光 STime Villa 位於宜蘭縣員山鄉深洲二路 158 號。Google 地圖可直接搜尋「慢慢蒔光 STime Villa」，或輸入完整地址導航前往。,地址｜導航｜Google地圖｜開車｜員山｜深洲二路158號,direct,approved,80,2026-09-03,canonical address_navigation。
faq-104,交通停車與周邊,有停車位嗎？,請問有停車位嗎｜停車位有提供嗎｜庭院可以停車嗎,有，院內戶外停車空間約可停放 8 台一般轎車，住宿期間不另收停車費；抵達後請依現場指示停放。,停車位｜交通｜周邊｜庭院｜停車｜戶外｜烤肉｜戲水,direct,approved,80,2026-09-03,院內約 8 台一般轎車；無電動車充電設備。
faq-105,交通停車與周邊,停車要收費嗎？,,不收費，住宿期間可免費停車，抵達後請依現場指示停放。,停車｜交通｜周邊,direct,approved,80,,
faq-106,交通停車與周邊,可以停幾台車？,能不能停幾台車？｜可不可以停幾台車？,一般轎車約可停放 8 台，住宿期間可免費停車，抵達後請依現場指示停放。,交通｜停車｜周邊,direct,approved,80,,
faq-107,交通停車與周邊,休旅車或九人座可以停嗎？,,可以，一般休旅車及九人座車皆可停放。,交通｜停車｜周邊,direct,approved,80,,
faq-108,交通停車與周邊,電動車可以充電嗎？,,目前民宿未提供電動車充電設備，如有充電需求，請使用附近的公共充電站。,電動車｜充電｜交通｜停車｜周邊,direct,approved,80,,
faq-109,交通停車與周邊,可以騎機車去嗎？,能不能騎機車去？｜可不可以騎機車去？,可以，民宿設有戶外停車空間，可停放機車，抵達後請依現場指示停放。,機車｜交通｜停車｜周邊,direct,approved,80,,
faq-110,交通停車與周邊,搭火車怎麼到？,搭火車如何到,可搭乘火車至宜蘭火車站，下車後再轉乘計程車或自行租車前往民宿；實際租車店家、車型與營業時間請依當日資訊為準。,火車｜交通｜停車｜周邊,collect_info,approved,80,,
faq-112,交通停車與周邊,附近有公車嗎？,,目前沒有公車可直接抵達民宿，建議搭乘火車至宜蘭火車站後，再轉乘計程車或自行租車前往。,公車｜交通｜停車｜周邊,collect_info,approved,80,,
faq-113,交通停車與周邊,有接駁服務嗎？,請問有接駁服務嗎｜接駁服務有提供嗎,目前沒有提供接駁服務；如有交通需求，可協助提供叫車或租車建議。,接駁｜交通｜停車｜周邊,direct,approved,80,,
faq-114,交通停車與周邊,可以幫忙叫計程車嗎？,能不能幫忙叫計程車？｜可不可以幫忙叫計程車？｜可以幫忙叫車嗎｜能不能幫忙叫車？｜可不可以幫忙叫車？,可以協助提供叫車資訊或聯繫車行，但是否能叫到車、等待時間及車資仍以車行實際安排為準。,計程車｜交通｜停車｜周邊｜行李｜入住服務,collect_info,approved,80,,
faq-115,交通停車與周邊,附近租車方便嗎？,,宜蘭火車站周邊有租車選擇；實際店家、車型、費用、營業時間與取還車方式，請直接向租車業者確認。,租車｜交通｜停車｜周邊,collect_info,approved,80,,
faq-116,交通停車與周邊,路好開嗎？,,好開，前往民宿的道路一般車輛皆可正常通行，依 Google 地圖導航即可抵達。,交通｜停車｜周邊,direct,approved,80,,
faq-117,交通停車與周邊,下雨天路況會不會危險？,,一般下雨天不影響正常通行，道路好開，依 Google 地圖導航即可抵達。,路況｜交通｜停車｜周邊,direct,approved,80,,
faq-118,交通停車與周邊,附近有超商嗎？,,有，民宿附近有便利商店，如有採買需求可前往附近超商。,超商｜交通｜停車｜周邊,collect_info,approved,80,,
faq-119,交通停車與周邊,附近有餐廳嗎？,附近有推薦餐廳嗎,有，民宿附近有餐廳、小吃及咖啡廳，用餐選擇方便，建議出發前先確認店家營業時間。,餐廳｜交通｜停車｜周邊｜早餐｜餐飲｜廚房,collect_info,approved,80,,
faq-120,交通停車與周邊,附近有市場或賣場嗎？,,有，開車可前往 全聯福利中心 員山金山西店 採買食材及日用品；如需傳統市場，也可前往 宜蘭市場。,賣場｜交通｜停車｜周邊,collect_info,approved,80,,
faq-121,交通停車與周邊,附近晚上買東西方便嗎？,,方便，民宿附近有便利商店，晚上臨時採買沒問題；如需較多食材或用品，建議入住前先至賣場採買。,交通｜停車｜周邊,collect_info,approved,80,,
faq-122,交通停車與周邊,民宿附近會不會很偏僻？,慢慢蒔光附近會不會很偏僻？,不會，民宿周邊環境較安靜，但附近有便利商店、餐廳及採買地點，開車前往都很方便。,交通｜停車｜周邊,collect_info,approved,80,,
faq-124,交通停車與周邊,附近有加油站嗎？,,有，民宿周邊有加油站，開車前往很方便。,加油站｜交通｜停車｜周邊,collect_info,approved,80,,
faq-125,交通停車與周邊,退房後去景點順路嗎？,退宿後去景點順路嗎,可以，民宿周邊有 深溝水源生態園區、勝洋休閒農場 等員山景點，退房後可順遊；實際是否順路則依下一站行程方向而定。,景點｜交通｜停車｜周邊,collect_info,approved,80,,
faq-126,人數房型與包棟,最多可以住幾人？,,包棟標準入住人數為 18 人；如有加人需求，可依訂房方案安排加床，最多入住 20 人。19～20 人每增加 1 人，每晚加收 TWD 800。,人數｜房型｜包棟,direct,approved,80,2026-09-04,
faq-127,人數房型與包棟,基本人數是幾人？,,包棟標準入住人數為 18 人；19～20 人每增加 1 人，每晚加收 TWD 800，最多入住 20 人。,基本人數｜房型｜包棟,direct,approved,80,2026-09-04,
faq-128,人數房型與包棟,可以超過最大人數入住嗎？,能不能超過最大人數入住？｜可不可以超過最大人數入住？,不可以，包棟最多入住 20 人，恕無法再增加入住人數。,最大人數｜房型｜包棟,direct,approved,80,2026-09-04,
faq-130,人數房型與包棟,房間怎麼分配？,房間如何分配,包棟入住可依同行成員需求自行分配各房入住人員；如有長輩、孩童或其他特殊需求，可提前告知。,人數｜房型｜包棟,collect_info,approved,80,,
faq-131,人數房型與包棟,有幾間房？,請問有幾間房？｜幾間房有提供嗎,慢慢蒔光共有 6 間主題客房，包棟入住皆可使用。,人數｜房型｜包棟,direct,approved,80,2026-09-03,實際共有 6 間客房：3 間雙人房＋3 間四人房。
faq-132,人數房型與包棟,每間房有獨立衛浴嗎？,,有，6 間客房皆配有獨立衛浴。,獨立衛浴｜人數｜房型｜包棟,direct,approved,80,,6 間客房皆配有獨立衛浴。
faq-133,人數房型與包棟,有一樓房間嗎？,請問有一樓房間嗎｜一樓房間有提供嗎,有，一樓共有 3 間客房。,一樓房間｜人數｜房型｜包棟,direct,approved,80,2026-09-03,一樓共有 3 間客房，已確認。
faq-134,人數房型與包棟,有雙人房嗎？,請問有雙人房嗎｜雙人房有提供嗎,有，民宿共有 3 間雙人房。,雙人房｜人數｜房型｜包棟,direct,approved,80,2026-09-03,共有 3 間雙人房，已確認。
faq-135,人數房型與包棟,有四人房嗎？,請問有四人房嗎｜四人房有提供嗎,有，民宿共有 3 間四人房。,四人房｜人數｜房型｜包棟,direct,approved,80,2026-09-03,共有 3 間四人房，已確認。
faq-136,人數房型與包棟,床型可以選嗎？,房間可以換床位嗎？｜床位可以移動嗎｜可以換床型嗎｜可以把床搬到別間嗎,各房床型與床位皆為固定配置，無法任意更換或移動；包棟時可依同行成員需求自行分配房間，19 人以上的加床配置則以訂房方案為準。,床型｜人數｜房型｜包棟,direct,approved,80,2026-09-03,canonical fixed_bed_configuration。
faq-137,人數房型與包棟,可以加被子嗎？,能不能加被子？｜可不可以加被子？,可以，如需加被子，請於入住前提前告知需要的數量，以便協助準備。,加被子｜人數｜房型｜包棟,collect_info,approved,80,,原答案過度籠統。
faq-138,人數房型與包棟,可以加枕頭嗎？,能不能加枕頭？｜可不可以加枕頭？,可以，如有加枕頭需求，請於入住前提前告知，以便協助準備。,加枕頭｜人數｜房型｜包棟,collect_info,approved,80,,原答案過度籠統。
faq-143,人數房型與包棟,可以辦活動或聚會嗎？,能不能辦活動或聚會？｜可不可以辦活動或聚會？,可以，活動或聚會費用不同，如有需求請提前告知。,聚會｜活動｜人數｜房型｜包棟｜生日派對｜求婚,collect_info,approved,80,,
faq-145,人數房型與包棟,可以商業拍攝嗎？,能不能商業拍攝？｜可不可以商業拍攝？,可以，如有商業拍攝需求請提前告知。,商業拍攝｜人數｜房型｜包棟,collect_info,approved,80,,
faq-146,人數房型與包棟,可以拍婚紗嗎？,能不能拍婚紗？｜可不可以拍婚紗？,可以，如有婚紗拍攝需求請提前告知。,婚紗｜人數｜房型｜包棟,direct,approved,80,,
faq-147,人數房型與包棟,包棟可不可以只住少人數？,,可以，但包棟最低以 10 人包棟價格計算。,包棟｜人數｜房型,collect_info,approved,80,,
faq-148,人數房型與包棟,包棟可以分房收費嗎？,,包棟以整棟計價，請由一位代表統一訂房及付款，不提供分房分開收費。,包棟｜人數｜房型,collect_info,approved,80,,原答案未回答分房收費。
faq-149,人數房型與包棟,可以只租公共空間不住宿嗎？,能不能只租公共空間不住宿？｜可不可以只租公共空間不住宿？,不可以，目前不提供單獨租借公共空間，僅提供住宿使用。,公共空間｜人數｜房型｜包棟,collect_info,approved,80,,原答案未回答公共空間租借。
faq-150,人數房型與包棟,管家會住在裡面嗎？,,不會，管家不住在民宿館內；入住期間如有需要，可透過官方 LINE 或電話聯絡協助。,管家｜人數｜房型｜包棟,direct,approved,80,2026-09-03,管家不住館內。
faq-151,房間設備與備品,房間有冷氣嗎？,,有，每間客房皆設有冷氣。,冷氣｜房間設備｜備品,direct,approved,80,,
faq-153,房間設備與備品,房間有暖氣嗎？,,有，每間客房皆設有暖氣。,暖氣｜房間設備｜備品,direct,approved,80,,
faq-154,房間設備與備品,有Wi-Fi嗎？,請問有Wi-Fi嗎｜Wi-Fi有提供嗎,有，民宿提供免費 Wi-Fi，入住時會告知連線資訊。,Wi-Fi｜房間設備｜備品,direct,approved,80,,已確認提供Wi-Fi。
faq-155,房間設備與備品,Wi-Fi密碼是多少？,,Wi-Fi帳號密碼會在入住資訊或房內公告提供；若連線異常請通知民宿協助檢查。,Wi-Fi｜房間設備｜備品,direct,approved,80,,
faq-156,房間設備與備品,房間有電視嗎？,,有，每間客房皆設有電視。,電視｜房間設備｜備品,direct,approved,80,,已確認房內有電視。
faq-159,房間設備與備品,房間有冰箱嗎？,,房間內沒有冰箱，餐廳設有共用冰箱可供使用。,冰箱｜房間設備｜備品,direct,approved,80,,
faq-160,房間設備與備品,有熱水壺嗎？,請問有熱水壺嗎｜熱水壺有提供嗎,有，每間客房皆備有熱水壺。,熱水壺｜房間設備｜備品,direct,approved,80,,
faq-161,房間設備與備品,有吹風機嗎？,請問有吹風機嗎｜吹風機有提供嗎,有，每間客房皆備有吹風機。,吹風機｜房間設備｜備品,direct,approved,80,,
faq-162,房間設備與備品,有毛巾浴巾嗎？,請問有毛巾浴巾嗎｜毛巾浴巾有提供嗎,有，每間客房皆備有毛巾及浴巾。,浴巾｜毛巾｜房間設備｜備品,direct,approved,80,,
faq-163,房間設備與備品,有牙刷牙膏嗎？,請問有牙刷牙膏嗎｜牙刷牙膏有提供嗎,因環保政策，牙刷、牙膏等一次性盥洗用品不免費提供；如有需要，可於民宿購買。,牙膏｜牙刷｜房間設備｜備品,direct,approved,80,,
faq-164,房間設備與備品,有洗髮精沐浴乳嗎？,請問有洗髮精沐浴乳嗎｜洗髮精沐浴乳有提供嗎,有，每間客房皆備有洗髮精及沐浴乳。,洗髮精｜沐浴乳｜房間設備｜備品,direct,approved,80,,
faq-165,房間設備與備品,有洗衣機嗎？,請問有洗衣機嗎｜洗衣機有提供嗎,有，洗衣機主要供民宿房務使用；如連住多日有洗衣需求，可提前告知，我們會協助安排使用。,洗衣機｜房間設備｜備品,collect_info,approved,80,,
faq-166,房間設備與備品,有曬衣空間嗎？,請問有曬衣空間嗎｜曬衣空間有提供嗎,有，曬衣空間主要供民宿房務使用；如連住多日有曬衣需求，可提前告知，我們會協助安排。,曬衣空間｜房間設備｜備品,collect_info,approved,80,,曬衣空間主要供房務使用；連住如有需求可提前協助安排。
faq-167,房間設備與備品,房間有插座嗎？,,有，房內設有插座，但請勿使用高功率電器。,插座｜房間設備｜備品,collect_info,approved,80,,答案可使用，但需提醒依當期資訊確認
faq-168,房間設備與備品,可以使用延長線嗎？,能不能使用延長線？｜可不可以使用延長線？,可以，但請使用符合安全規範的延長線，並請勿使用高功率電器。,延長線｜房間設備｜備品,collect_info,approved,80,,答案可使用，但需提醒依當期資訊確認
faq-169,房間設備與備品,可以帶自己的電器嗎？,能不能帶自己的電器？｜可不可以帶自己的電器？,可攜帶一般低功率個人物品與充電設備，但請勿在館內使用電磁爐、電鍋、卡式爐、暖爐或其他高功率烹煮、加熱電器；如有醫療器材等特殊用電需求，請提前告知。,房間設備｜備品,collect_info,approved,80,2026-09-03,禁止高功率／烹煮加熱設備，不是禁止所有個人電器。
faq-170,房間設備與備品,房間隔音好嗎？,,房間有基本隔音，但民宿為住宅型建築，夜間請降低音量，避免影響其他房間休息。,隔音｜房間設備｜備品,direct,approved,80,,
faq-171,房間設備與備品,房間有窗簾遮光嗎？,,有，每間客房皆設有窗簾，可提供基本遮光。,窗簾｜房間設備｜備品,direct,approved,80,,
faq-172,房間設備與備品,床墊軟硬度如何？,,床墊整體偏硬，適合喜歡較有支撐感的睡感。,床墊｜房間設備｜備品,direct,approved,80,,
faq-173,房間設備與備品,房間有蚊子或昆蟲嗎？,房間有小蟲正常嗎,民宿大門設有紗門，可減少蚊蟲飛入；因周邊為自然環境，仍可能偶有小昆蟲，進出時請隨手關閉紗門。,昆蟲｜房間設備｜備品｜清潔｜衛生,direct,approved,80,,
faq-174,房間設備與備品,房內可以吃東西嗎？,,房內請勿飲食；如需用餐，請至餐廳區使用，以維持寢具與房間整潔。,房間設備｜備品,direct,approved,80,2026-09-03,正式規則：房內禁飲食，請至餐廳區。
faq-175,房間設備與備品,房內可以煮食嗎？,,不可以，房內禁止煮食。,房間設備｜備品,direct,approved,80,,
faq-176,公共空間與設施,公共空間有哪些？,,公共空間包含客廳、餐廳、麻將房、星空露臺及戶外烤肉區等，包棟住客皆可使用。,公共空間｜設施,direct,approved,80,,依已確認設施整理。
faq-177,公共空間與設施,客廳可以使用到幾點？,客廳可以使用到什麼時間？,客廳可依住宿期間正常使用，但晚上 22:00 後請降低音量；22:00–08:00 禁止喧嘩及使用音響或擴音設備。,客廳｜公共空間｜設施,direct,approved,80,,正式安靜時段。
faq-178,公共空間與設施,廚房可以使用嗎？,可以用廚房嗎｜可以煮東西嗎｜能自己煮嗎,廚房不開放住客自行料理或使用烹煮設備；餐廳區的飲水機、共用冰箱、餐具與杯盤可依現場規定使用，使用後請協助清潔並放回原位。,廚房｜公共空間｜設施,direct,approved,80,2026-09-04,不開放自行料理；僅開放飲水機、共用冰箱與餐具等非烹煮用途。
faq-179,公共空間與設施,餐廳區可以聚餐嗎？,,可以，餐廳區可供住客用餐及聚會，使用後請保持整潔，夜間請降低音量。,餐廳區｜公共空間｜設施,direct,approved,80,,
faq-180,公共空間與設施,公共冰箱可以放東西嗎？,,可以，餐廳設有共用冰箱，可供住客冷藏食物及飲品。,公共冰箱｜公共空間｜設施,direct,approved,80,,
faq-181,公共空間與設施,有飲水機嗎？,請問有飲水機嗎｜飲水機有提供嗎,有，公共空間設有飲水機，可供住客使用。,飲水機｜公共空間｜設施,direct,approved,80,2026-09-03,公共空間提供飲水機，已確認。
faq-182,公共空間與設施,有咖啡或茶嗎？,請問有咖啡或茶嗎｜咖啡或茶有提供嗎,有，民宿提供咖啡及茶飲，實際品項依現場備品為準。,咖啡｜茶｜公共空間｜設施,direct,approved,80,,
faq-183,公共空間與設施,可以使用公共杯盤嗎？,能不能使用公共杯盤？｜可不可以使用公共杯盤？,可以，民宿提供公共杯盤供住客使用，使用後請協助清洗並放回原位。,杯盤｜公共空間｜設施,direct,approved,80,,
faq-185,公共空間與設施,有兒童玩具嗎？,請問有兒童玩具嗎｜兒童玩具有提供嗎,有，公共空間備有兒童書籍與玩具可供使用；孩童使用時請由家長陪同並協助收拾歸位。,兒童玩具｜公共空間｜設施,direct,approved,80,2026-09-03,提供兒童書籍與玩具，已確認。
faq-186,公共空間與設施,有電梯嗎？,請問有電梯嗎｜電梯有提供嗎,沒有，民宿未設置電梯；如有長輩或行動不便者，建議優先安排一樓房間。,電梯｜公共空間｜設施,direct,approved,80,2026-09-03,民宿無電梯；一樓有 3 間房可優先安排。
faq-187,公共空間與設施,公共空間可以拍照嗎？,,可以，公共空間皆可拍照，使用時請愛惜館內設備與擺設。,公共空間｜拍照｜設施,direct,approved,80,,
faq-188,公共空間與設施,可以移動家具嗎？,能不能移動家具？｜可不可以移動家具？,請勿自行移動館內家具或大型擺設；如因活動、拍攝或特殊需求需調整位置，請提前告知並經民宿同意，使用後須恢復原狀。,移動家具｜公共空間｜設施,direct,approved,80,,
faq-189,公共空間與設施,可以布置公共空間嗎？,能不能布置公共空間？｜可不可以布置公共空間？,可以，活動布置費用會依需求不同而有所差異，如需布置公共空間，請提前告知。,公共空間｜布置｜設施,collect_info,approved,80,,原答案未完整回答布置問題。
faq-190,公共空間與設施,可以點蠟燭嗎？,能不能點蠟燭？｜可不可以點蠟燭？,不可以，館內全面禁止明火，請勿使用蠟燭、香氛蠟燭、線香、仙女棒或其他明火用品。,蠟燭｜公共空間｜設施,direct,approved,80,,正式規則：全館禁止明火。
faq-194,公共空間與設施,垃圾要丟哪裡？,,房內與公共空間皆設有垃圾桶，使用後請將垃圾放入垃圾桶即可。,垃圾｜公共空間｜設施,direct,approved,80,,
faq-196,公共空間與設施,公共空間髒了怎麼辦？,公共空間髒了該怎麼處理？｜公共空間髒了要如何處理,若公共空間有髒污，請先避免擴散並通知管家；若為住客造成的髒污，也請協助簡單整理並告知現場狀況。,公共空間｜設施,direct,approved,80,,原答案過度籠統。
faq-198,公共空間與設施,公共區可以穿室外鞋嗎？,,進入室內請更換室內拖鞋，請勿穿室外鞋進入房內及公共空間。,公共空間｜設施,direct,approved,80,,
faq-199,公共空間與設施,可以把公共物品拿進房間嗎？,能不能把公共物品拿進房間？｜可不可以把公共物品拿進房間？,公共物品請於指定區域使用，使用後請放回原位；如需帶入房間使用，請先告知管家確認。,公共空間｜設施,direct,approved,80,,
faq-201,早餐餐飲與廚房,有附早餐嗎？,請問有附早餐嗎｜附早餐有提供嗎,早餐為加購項目，並非房價內含；如需加購早餐，請於訂房時提前告知。早餐會於 08:30 送至餐桌。,早餐｜餐飲｜廚房,direct,approved,80,,正式早餐規則：加購、08:30送達。
faq-202,早餐餐飲與廚房,早餐幾點供應？,早餐什麼時間供應,早餐預定於 08:30 送至餐桌；如有特殊時間需求，請於訂房時提前告知。,早餐｜餐飲｜廚房,direct,approved,80,,正式早餐時間為08:30。
faq-203,早餐餐飲與廚房,早餐可以素食嗎？,,目前不提供素食早餐選項；如有素食需求，建議另行安排外食或外送。,早餐｜素食｜餐飲｜廚房,direct,approved,80,,答案可使用，但需提醒依當期資訊確認
faq-204,早餐餐飲與廚房,可以代訂早餐嗎？,能不能代訂早餐？｜可不可以代訂早餐？,可以，早餐為加購代訂服務，每份 TWD 250，預計於 08:30 送至餐桌；請在訂房時依入住日期與份數加購。,代訂早餐｜餐飲｜廚房,collect_info,approved,80,2026-09-03,早餐每份 TWD 250，08:30 送達。
faq-205,早餐餐飲與廚房,早餐一份多少錢？,早餐一份費用是多少？,早餐為加購代訂服務，每份 TWD 250；如需早餐，請於訂房時提前告知。,早餐｜餐飲｜廚房,direct,approved,80,2026-09-03,正式早餐價格：每份 TWD 250。
faq-206,早餐餐飲與廚房,可以自己煮早餐嗎？,能不能自己煮早餐？｜可不可以自己煮早餐？,不可以，館內不開放住客自行料理早餐；如需早餐，可加購民宿代訂早餐服務。,早餐｜餐飲｜廚房,direct,approved,80,2026-09-03,廚房不開放住客自行料理；可加購早餐。
faq-207,早餐餐飲與廚房,廚房有哪些設備？,,餐廳／廚房區設有飲水機、共用冰箱及餐具，可供住客使用。使用後請協助清洗並放回原位。,廚房｜早餐｜餐飲,direct,approved,80,,正式設備清單已確認。
faq-208,早餐餐飲與廚房,有鍋具可以用嗎？,請問有鍋具可以用嗎｜鍋具可以用有提供嗎,不提供鍋具供住客自行料理；館內也不開放使用電鍋、卡式爐、火鍋或其他烹煮設備。,鍋具｜早餐｜餐飲｜廚房,direct,approved,80,2026-09-03,正式規則：鍋具與烹煮設備不開放。
faq-209,早餐餐飲與廚房,可以煮火鍋嗎？,能不能煮火鍋？｜可不可以煮火鍋？,不可以，館內不開放住客煮火鍋，也請勿自行使用卡式爐或其他加熱設備。,火鍋｜早餐｜餐飲｜廚房,direct,approved,80,2026-09-03,正式規則：不可煮火鍋或使用卡式爐等加熱設備。
faq-210,早餐餐飲與廚房,可以代訂烤肉食材嗎？,能不能代訂烤肉食材？｜可不可以代訂烤肉食材？,可以，民宿可協助代訂烤肉食材；如有需求，請於訂房時提前告知，實際品項與費用依合作店家提供為準。,烤肉食材｜早餐｜餐飲｜廚房,collect_info,approved,80,2026-09-03,可協助代訂烤肉食材，品項與費用依合作店家。
faq-212,早餐餐飲與廚房,可以叫外燴嗎？,能不能叫外燴？｜可不可以叫外燴？,民宿可協助安排私廚服務；如需由其他外燴業者進場，請先告知並確認場地與進場安排。實際菜單、費用及可安排時間，依合作店家或業者提供為準。,外燴｜早餐｜餐飲｜廚房,collect_info,approved,80,,需事前評估外燴安排。
faq-213,早餐餐飲與廚房,可以叫外送嗎？,能不能叫外送？｜可不可以叫外送？｜叫外送方便嗎,可以，住客可自行使用外送平台訂餐；實際配送範圍、費用與時間以平台及店家為準。,外送｜早餐｜餐飲｜廚房｜交通｜停車｜周邊,direct,approved,80,2026-09-03,
faq-215,早餐餐飲與廚房,可以幫忙訂餐廳嗎？,能不能幫忙訂餐廳？｜可不可以幫忙訂餐廳？,餐廳訂位需由住客自行安排，民宿可提供附近餐廳資訊供參考。,餐廳｜早餐｜餐飲｜廚房,direct,approved,80,,餐廳訂位由住客自行處理；民宿可提供附近餐廳資訊。
faq-216,早餐餐飲與廚房,可以在房間吃泡麵嗎？,能不能在房間吃泡麵？｜可不可以在房間吃泡麵？,請勿在房間食用泡麵；如需用餐，可至餐廳區食用，使用後請保持整潔。,泡麵｜早餐｜餐飲｜廚房,direct,approved,80,,
faq-217,早餐餐飲與廚房,可以帶酒嗎？,能不能帶酒？｜可不可以帶酒？,可以，住客可自行攜帶酒類，但請理性飲酒；如因嘔吐或酒後行為造成房內、公共空間、寢具或設備髒污，將依實際情況酌收清潔費用。,早餐｜餐飲｜廚房,direct,approved,80,,
faq-218,早餐餐飲與廚房,可以開派對喝酒唱歌嗎？,能不能開派對喝酒唱歌？｜可不可以開派對喝酒唱歌？,可以，但如為派對或活動需求，請提前告知，費用可能有所不同；飲酒請理性，唱歌及活動音量請配合現場規範，避免影響鄰近住戶。,唱歌｜早餐｜餐飲｜廚房,direct,approved,80,,
faq-219,早餐餐飲與廚房,有提供冰塊嗎？,請問有提供冰塊嗎｜提供冰塊有提供嗎,有，餐廳共用冰箱可製冰；如需大量冰塊，建議自行採買或提前準備。,冰塊｜早餐｜餐飲｜廚房,direct,approved,80,2026-09-03,
faq-220,早餐餐飲與廚房,可以借保溫瓶或水壺嗎？,能不能借保溫瓶或水壺？｜可不可以借保溫瓶或水壺？,有，民宿可提供水壺供住客使用；使用後請清洗並放回原位。,保溫瓶｜早餐｜餐飲｜廚房,direct,approved,80,,
faq-221,早餐餐飲與廚房,餐具不小心打破怎麼辦？,餐具不小心打破該怎麼處理？｜餐具不小心打破要如何處理,若餐具不慎打破或損壞，請立即告知管家，將依實際品項照價賠償。,餐具｜早餐｜餐飲｜廚房,direct,approved,80,,
faq-222,早餐餐飲與廚房,食物可以留在冰箱嗎？,,退房時請帶走所有放置於冰箱的個人食物；未取走的食物或物品，將由清潔人員協助處理。,冰箱｜早餐｜餐飲｜廚房,direct,approved,80,,
faq-223,早餐餐飲與廚房,可以煮氣味重的食物嗎？,能不能煮氣味重的食物？｜可不可以煮氣味重的食物？,不可以，館內不開放住客自行蒸煮食物。,早餐｜餐飲｜廚房,direct,approved,80,,答案可使用，但需提醒依當期資訊確認
faq-224,早餐餐飲與廚房,廚餘怎麼處理？,廚餘如何處理,用餐後請將廚餘瀝乾，放入指定廚餘桶或垃圾桶；退房後由管家統一整理處理。,廚餘｜早餐｜餐飲｜廚房,direct,approved,80,,答案可使用，但需提醒依當期資訊確認
faq-226,寵物友善,可以帶寵物嗎？,能不能帶寵物？｜可不可以帶寵物？｜可以帶毛孩嗎｜可以帶狗嗎｜能不能帶狗？｜可不可以帶狗？｜可以帶狗狗嗎,目前僅開放狗狗入住，貓咪暫不開放。攜帶狗狗時，請於訂房時填寫數量與重量，並依狗狗入住規定及費用標準辦理。,寵物｜毛孩,direct,approved,80,,寵物友善已確認，細節需管家確認。
faq-228,寵物友善,可以帶貓嗎？,能不能帶貓？｜可不可以帶貓？,目前不開放攜帶貓咪入住，寵物友善以狗狗入住為主。,寵物｜毛孩,direct,approved,80,2026-09-03,目前只開放狗狗，貓咪不開放。
faq-229,寵物友善,寵物需要收費嗎？,寵物要收費嗎｜毛孩需要收費嗎｜寵物需要另外收費嗎｜寵物要另外收費嗎｜毛孩需要另外收費嗎｜20公斤以上狗狗怎麼收費｜超過20公斤狗狗怎麼收費｜超過20公斤的狗狗多少錢｜大型犬住宿費多少｜狗狗超過20公斤費用｜寵物押金多少｜狗狗需要押金嗎｜狗狗入住要押金嗎｜狗狗押金怎麼收｜寵物押金怎麼退,"需要。狗狗住宿費依每隻體重計算：10 公斤以下每隻每晚 TWD 500；超過 10 公斤至 20 公斤每隻每晚 TWD 800；超過 20 公斤每隻每晚 TWD 1,200。第 2 晚起狗狗住宿費享 95 折，入住時另收每棟 TWD 3,000 寵物押金。",寵物｜毛孩｜房價｜付款｜費用｜狗狗住宿費｜寵物費｜體重｜公斤｜20公斤以上｜大型犬費用｜寵物押金｜狗狗押金｜押金,direct,approved,80,2026-09-03,dog_fee：500／800／1200；續住第2晚起95折；寵物押金每棟3000。
faq-230,寵物友善,寵物可以上床嗎？,毛孩可以上床嗎｜可以帶寵物坐床或沙發拍照嗎｜能不能帶寵物坐床或沙發拍照？｜可不可以帶寵物坐床或沙發拍照？｜可以帶毛孩坐床或沙發拍照嗎,不可以，狗狗請勿上床或沙發，並請避免接觸寢具與床鋪，以維護住宿清潔品質。,寵物｜毛孩｜拍照,direct,approved,80,,
faq-231,寵物友善,寵物可以進房間嗎？,毛孩可以進房間嗎,可以，狗狗可進入房間，但請勿上床或沙發，並請飼主協助維持房內清潔。,寵物｜毛孩,direct,approved,80,,
faq-232,寵物友善,寵物可以單獨留在房內嗎？,毛孩可以單獨留在房內嗎,不可讓狗狗單獨在房內自由活動；短暫留房時須安置於寵物圍籬內。若全體住客外出且狗狗留在館內，請先告知管家並確認安排。,寵物｜毛孩,direct,approved,80,2026-09-03,留房須圍籬；全體外出且狗留館內需先告知管家。
faq-233,寵物友善,狗狗會叫可以入住嗎？,狗會叫可以入住嗎｜毛孩會叫可以入住嗎,可以，但請飼主協助安撫並控制狗狗吠叫，避免影響同行住客及住宿安寧。,狗狗｜寵物｜毛孩,direct,approved,80,,
faq-234,寵物友善,大型犬可以入住嗎？,,可以，大型犬可入住；狗狗入住需依體重收取清潔費，並請遵守寵物入住規定。,大型犬｜寵物｜毛孩,collect_info,approved,80,,
faq-235,寵物友善,可以帶幾隻狗狗？,可以帶幾隻寵物？｜可以帶幾隻毛孩？｜可以帶三隻狗嗎｜三隻狗可以嗎｜超過三隻狗可以嗎,可以攜帶多隻狗狗，目前不設固定隻數上限；請於訂房時如實填寫每隻狗狗的數量與體重。若有特殊品種、特殊照護或其他安全需求，請提前聯繫民宿確認。,狗狗數量｜寵物數量｜三隻狗｜多隻狗｜超過三隻,collect_info,approved,80,2026-09-04,
faq-236,寵物友善,寵物需要籠子嗎？,寵物要籠子嗎｜毛孩需要籠子嗎,一般不需要全程關籠；館內可提供 1 組寵物圍籬。若狗狗需短暫留在房內，須安置於圍籬內，並請於訂房時提前告知使用需求。,寵物｜毛孩,collect_info,approved,80,,
faq-237,寵物友善,有寵物用品嗎？,請問有寵物用品嗎｜寵物用品有提供嗎｜有毛孩用品嗎,民宿可提供狗狗吃飯碗、喝水碗及 1 組寵物圍籬；建議飼主自備狗狗慣用的睡墊、尿布墊與清潔用品，讓毛孩更容易適應。,寵物用品｜毛孩,direct,approved,80,2026-09-03,可提供碗具與1組圍籬；睡墊與慣用品建議自備。
faq-238,寵物友善,要自備尿布墊嗎？,,建議自備尿布墊，並攜帶毛孩平常慣用的清潔用品，以維持住宿環境整潔。,尿布墊｜寵物｜毛孩,direct,approved,80,,
faq-240,寵物友善,寵物可以進公共空間嗎？,毛孩可以進公共空間嗎,可以，狗狗可進入公共空間；請由飼主全程看顧並協助維持環境整潔。,公共空間｜寵物｜毛孩,direct,approved,80,,
faq-241,寵物友善,寵物弄髒床單怎麼辦？,寵物弄髒床單該怎麼處理？｜寵物弄髒床單要如何處理｜毛孩弄髒床單怎麼辦？,狗狗請勿上床或沙發。若因寵物造成床單、寢具、布品或家具髒污、損壞，將依實際清潔或修復費用收取相關費用。,床單｜寵物｜毛孩,direct,approved,80,,
faq-242,寵物友善,寵物咬壞家具怎麼辦？,寵物咬壞家具該怎麼處理？｜寵物咬壞家具要如何處理｜毛孩咬壞家具怎麼辦？,若因寵物造成家具、牆面、布品或館內設備損壞，將依實際品項價格或修復費用收取賠償。,寵物｜毛孩,direct,approved,80,,
faq-243,寵物友善,寵物掉毛會被收費嗎？,毛孩掉毛會被收費嗎,一般正常掉毛不會另外收費；但請飼主協助維持環境整潔。若造成大量髒污或需特殊清潔，將依實際情況收取費用。,寵物｜毛孩,direct,approved,80,,
faq-244,寵物友善,寵物可以洗澡嗎？,毛孩可以洗澡嗎,可以，但請勿使用民宿毛巾、浴巾擦拭狗狗，請自行準備寵物專用毛巾及清潔用品。,寵物｜毛孩,direct,approved,80,,
faq-245,寵物友善,附近有寵物友善餐廳嗎？,附近有毛孩友善餐廳嗎,附近有寵物友善餐廳，但店家、營業時間與寵物規定可能調整；如需當期建議，可在入住前詢問民宿。,餐廳｜寵物｜毛孩,collect_info,approved,80,,周邊店家屬動態資訊，不寫死店名；入住前再提供當期建議。
faq-246,寵物友善,附近有動物醫院嗎？,,宜蘭市區有動物醫院；實際院所、營業時間與急診資訊可能調整，如有需要可在入住前詢問當期資訊，緊急狀況請直接聯絡合適的動物醫院。,動物醫院｜寵物｜毛孩,collect_info,approved,80,,
faq-249,寵物友善,寵物便便要怎麼處理？,寵物便便要如何處理｜毛孩便便要怎麼處理？,請自備撿便袋，並於狗狗排泄後立即清理，避免留在戶外或公共區域，以維護住宿環境整潔。,寵物｜毛孩,direct,approved,80,,
faq-250,寵物友善,寵物入住要簽切結嗎？,毛孩入住要簽切結嗎,需要，攜帶狗狗入住者，需於入住時簽署寵物入住公約，並配合寵物入住規定。,寵物｜毛孩,direct,approved,80,,
faq-251,親子長輩與無障礙,適合帶小孩入住嗎？,,適合，慢慢蒔光可接待親子家庭入住；如有嬰幼兒或孩童同行，請於訂房時提前告知年齡與人數，以便確認入住人數、費用及相關安排。,親子｜長輩｜無障礙,direct,approved,80,,
faq-252,親子長輩與無障礙,有嬰兒床嗎？,請問有嬰兒床嗎｜嬰兒床有提供嗎,有，民宿最多可提供 2 組折疊嬰兒床；如有需求，請於訂房時提前告知。,嬰兒床｜親子｜長輩｜無障礙,direct,approved,80,,
faq-253,親子長輩與無障礙,有澡盆嗎？,請問有澡盆嗎｜澡盆有提供嗎,有，民宿最多可提供 2 組折疊澡盆；如有需求，請於訂房時提前告知。,澡盆｜親子｜長輩｜無障礙,direct,approved,80,,
faq-254,親子長輩與無障礙,有消毒鍋嗎？,請問有消毒鍋嗎｜消毒鍋有提供嗎,目前沒有提供消毒鍋，如有嬰幼兒用品消毒需求，建議自行準備。,消毒鍋｜親子｜長輩｜無障礙,direct,approved,80,,答案可使用，但需提醒依當期資訊確認
faq-256,親子長輩與無障礙,有兒童遊戲區嗎？,請問有兒童遊戲區嗎｜兒童遊戲區有提供嗎,目前沒有固定兒童遊戲區，但公共空間備有兒童書籍與玩具；孩童使用時請由家長陪同。嬰兒推車可自行攜帶入住。,遊戲區｜親子｜長輩｜無障礙,collect_info,approved,80,2026-09-03,無固定遊戲區；提供書籍與玩具；推車為可自行攜帶，不是館內提供。
faq-257,親子長輩與無障礙,可以帶嬰兒推車嗎？,能不能帶嬰兒推車？｜可不可以帶嬰兒推車？,可以，住客可自行攜帶嬰兒推車入住。,嬰兒推車｜親子｜長輩｜無障礙,direct,approved,80,,
faq-258,親子長輩與無障礙,長輩適合入住嗎？,,適合，民宿一樓設有 3 間孝親房，可優先安排給長輩或行動較不便者入住。,長輩｜親子｜無障礙,direct,approved,80,,
faq-259,親子長輩與無障礙,有無障礙設施嗎？,請問有無障礙設施嗎｜無障礙設施有提供嗎,目前沒有設置無障礙設施；若同行有長輩或行動較不便者，建議優先安排一樓房間入住。,無障礙｜親子｜長輩,collect_info,approved,80,,
faq-260,親子長輩與無障礙,輪椅可以進出嗎？,,目前沒有設置無障礙設施；若有輪椅使用需求，建議訂房前先私訊官方 LINE 確認現場動線是否適合。,輪椅｜親子｜長輩｜無障礙,collect_info,approved,80,,
faq-261,親子長輩與無障礙,有一樓衛浴嗎？,請問有一樓衛浴嗎｜一樓衛浴有提供嗎,有，每間客房皆設有獨立衛浴。,一樓衛浴｜親子｜長輩｜無障礙,direct,approved,80,,
faq-262,親子長輩與無障礙,浴室會不會滑？,,浴室使用防滑地磚，正常使用下不容易滑；洗澡後地面仍可能有水，請小心行走。,親子｜長輩｜無障礙,direct,approved,80,,
faq-263,親子長輩與無障礙,有浴缸嗎？,請問有浴缸嗎｜浴缸有提供嗎,沒有，民宿房內皆為淋浴設備，沒有提供浴缸。,浴缸｜親子｜長輩｜無障礙,direct,approved,80,,
faq-264,親子長輩與無障礙,有親子餐具嗎？,請問有親子餐具嗎｜親子餐具有提供嗎,有，民宿備有親子餐具可供使用；如有需求，請於訂房時提前告知。,親子餐具｜長輩｜無障礙,collect_info,approved,80,,民宿備有親子餐具，數量有限，需提前告知。
faq-266,親子長輩與無障礙,有尖角或易碎裝飾嗎？,請問有尖角或易碎裝飾嗎｜尖角或易碎裝飾有提供嗎,民宿空間設有部分家具、樓梯及藝術擺設，孩童入住時請家長全程陪同看顧，避免奔跑、攀爬或碰撞館內物品。,親子｜長輩｜無障礙,direct,approved,80,,安全提醒：館內有家具、樓梯與藝術擺設，孩童須由家長陪同看顧。
faq-267,親子長輩與無障礙,可以帶寵物又帶小孩嗎？,能不能帶寵物又帶小孩？｜可不可以帶寵物又帶小孩？｜可以帶毛孩又帶小孩嗎,可以，歡迎親子與狗狗一同入住；請家長與飼主協助看顧孩童及狗狗，並遵守親子與寵物入住規定。,寵物｜親子｜長輩｜無障礙,direct,approved,80,,
faq-268,親子長輩與無障礙,有藥箱嗎？,請問有藥箱嗎｜藥箱有提供嗎,有，民宿備有簡易藥箱。,藥箱｜親子｜長輩｜無障礙,direct,approved,80,,
faq-269,親子長輩與無障礙,附近有醫院或診所嗎？,,附近有醫療院所；實際院所與門診時間可能調整，如有需要可在入住前詢問當期資訊，緊急狀況請撥打 119。,醫院｜診所｜親子｜長輩｜無障礙,collect_info,approved,80,,
faq-270,親子長輩與無障礙,可以幫忙安排親子活動嗎？,能不能幫忙安排親子活動？｜可不可以幫忙安排親子活動？,可以依孩子年齡、天氣與同行需求提供附近親子景點或活動建議；實際預約、票價與開放時間請依各場館公告安排。,活動｜親子｜長輩｜無障礙,collect_info,approved,80,2026-09-03,提供建議，不代辦或保證外部活動。
faq-271,親子長輩與無障礙,小朋友要帶證件嗎？,,不用，小朋友入住不需另外攜帶證件。,親子｜長輩｜無障礙,ask_human,approved,80,,此題需人工依個案處理，不由慢寶直接承諾
faq-272,親子長輩與無障礙,樓梯有扶手嗎？,有樓梯扶手嗎｜樓梯有護欄嗎｜請問有樓梯護欄嗎,有，樓梯設有扶手；如同行有長輩或行動較不便者，建議優先安排一樓房間入住。,樓梯｜親子｜長輩｜無障礙,direct,approved,80,,樓梯設有扶手；未承諾另有兒童安全門或床圍。
faq-273,親子長輩與無障礙,可以加裝床圍嗎？,能不能加裝床圍？｜可不可以加裝床圍？,目前沒有提供床圍，如有嬰幼兒同行，請家長入住時協助留意安全。,床圍｜親子｜長輩｜無障礙,direct,approved,80,,
faq-274,親子長輩與無障礙,長輩怕吵，哪間房較安靜？,,如同行有長輩或需要較安靜的房間，可於訂房時提前告知；我們會依當日房況協助安排較合適的房間，但無法保證指定房號。,長輩｜親子｜無障礙,collect_info,approved,80,,
faq-276,清潔消毒與衛生,房間會每天打掃嗎？,,每組客人入住前與退房後皆會完成清潔整理；連住期間不主動進房打掃，以維護住客隱私。如需補充備品、整理垃圾，請告知管家。,清潔｜衛生,direct,approved,80,,
faq-277,清潔消毒與衛生,入住前有消毒嗎？,,有，民宿會於每組客人入住前完成基本清潔與消毒，讓住客安心入住。,消毒｜清潔｜衛生,direct,approved,80,,
faq-278,清潔消毒與衛生,床單會每組客人更換嗎？,,會，民宿會於每組客人入住前更換床單、被套及枕套，並完成房內清潔整理。,床單｜清潔｜衛生,direct,approved,80,,
faq-279,清潔消毒與衛生,毛巾會更換嗎？,,每組客人入住前皆會提供乾淨毛巾與浴巾；連住期間不主動更換，如有需要請提前告知管家。,毛巾｜清潔｜衛生,direct,approved,80,,
faq-282,清潔消毒與衛生,垃圾可以先放房間嗎？,,房內與公共空間皆設有垃圾桶，使用後請將垃圾放入垃圾桶；若垃圾量較多，可集中放置於指定區域，退房時由管家統一整理處理。,垃圾｜清潔｜衛生,direct,approved,80,,
faq-283,清潔消毒與衛生,垃圾要分類嗎？,資源回收怎麼分類｜資源回收如何分類,請將垃圾簡單分類，一般垃圾、瓶罐等回收物請分開放入指定垃圾桶；退房時由管家統一整理處理。,垃圾｜清潔｜衛生｜資源回收｜公共空間｜設施,direct,approved,80,,
faq-284,清潔消毒與衛生,廚餘可以倒水槽嗎？,可以把油倒進水槽嗎？｜能不能把油倒進水槽？｜可不可以把油倒進水槽？｜湯汁可以倒水槽嗎｜廚餘可以沖馬桶嗎,不可以，請勿將廚餘、湯汁或油脂倒入水槽、馬桶或排水孔；請瀝乾後放入指定廚餘桶或垃圾桶，由民宿統一處理。,水槽｜廚餘｜清潔｜衛生,direct,approved,80,2026-09-03,canonical sink_waste_policy。
faq-288,清潔消毒與衛生,可以把濕紙巾丟馬桶嗎？,能不能把濕紙巾丟馬桶？｜可不可以把濕紙巾丟馬桶？,不可以，請勿將濕紙巾、衛生棉、尿布或其他異物丟入馬桶，以免造成堵塞。,濕紙巾｜馬桶｜清潔｜衛生,direct,approved,80,,
faq-289,清潔消毒與衛生,退房需要自己打掃嗎？,退房要自己打掃嗎｜退宿需要自己打掃嗎,退房不需自行打掃，請帶走個人物品，並維持基本整潔；房務清潔會由民宿統一處理。,清潔｜衛生,direct,approved,80,,
faq-290,清潔消毒與衛生,清潔費包含什麼？,,清潔費包含一般住宿後的房務清潔、床單與備品整理；不包含嘔吐、煙味、嚴重髒污或設備損壞等特殊清潔與修復費用。,清潔費｜衛生,direct,approved,80,,
faq-291,清潔消毒與衛生,若嘔吐或弄髒床墊怎麼辦？,若嘔吐或弄髒床墊該怎麼處理？｜若嘔吐或弄髒床墊要如何處理,請立即告知管家協助處理。若因嘔吐、尿床、血漬或其他原因造成床墊、寢具、布品、沙發或館內設備嚴重髒污，將依實際清潔、修復或更換費用收取相關費用。,床墊｜清潔｜衛生,direct,approved,80,,
faq-292,清潔消毒與衛生,小孩尿床怎麼辦？,小孩尿床該怎麼處理？｜小孩尿床要如何處理,民宿床鋪皆有使用防水保潔墊。若發生尿床情況，請立即告知管家協助處理；一般可清潔處理者不另收費，若造成床墊、棉被芯、枕心或其他設備嚴重髒污、異味或需更換，將依實際情況收取清潔或更換費用。,尿床｜清潔｜衛生,direct,approved,80,,
faq-293,清潔消毒與衛生,寵物便溺怎麼辦？,寵物便溺該怎麼處理？｜寵物便溺要如何處理｜毛孩便溺怎麼辦？,若狗狗不慎便溺，請立即清理並告知管家；如造成床鋪、布品、家具或館內設備嚴重髒污、異味或損壞，將依實際清潔或修復費用收取相關費用。,寵物便溺｜清潔｜衛生,direct,approved,80,,
faq-294,清潔消毒與衛生,可以要求換房嗎？,能不能要求換房？｜可不可以要求換房？,如遇設備故障、清潔異常或其他特殊狀況，請立即告知管家，我們會依現場情況協助處理；是否可更換房間，將視當日房況安排。,換房｜清潔｜衛生,collect_info,approved,80,,
faq-299,清潔消毒與衛生,使用過的毛巾放哪裡？,,使用過的毛巾與浴巾，請依入住說明放置於指定位置；請勿丟在地上、床上或當作腳踏墊使用。如需更換，請告知管家。,毛巾｜清潔｜衛生,direct,approved,80,,指定位置以入住現場說明為準。
faq-301,噪音禁菸安全與規範,晚上幾點後要安靜？,晚上什麼時間後要安靜｜包棟也需要安靜嗎｜包棟也要安靜嗎,晚上 22:00 至翌日 08:00 為安靜時段，請降低音量，期間禁止喧嘩、烤肉及使用音響或擴音設備。,噪音｜禁菸｜安全｜包棟,direct,approved,80,,正式安靜時段為22:00–08:00。
faq-304,噪音禁菸安全與規範,可以在室內吸菸嗎？,能不能在室內吸菸？｜可不可以在室內吸菸？,不可以。全館禁菸，包含房間、室內公共空間及電子菸。如有吸菸需求，請至戶外指定區域；若於館內吸菸或留下煙味，將酌收清潔費，並可能影響押金退還。,噪音｜禁菸｜安全,direct,approved,80,,正式室內禁菸規則。
faq-308,噪音禁菸安全與規範,房間有煙味會收費嗎？,,會。全館禁菸，若於館內吸菸或留下明顯煙味，將酌收清潔費，並可能影響押金退還。,煙味｜噪音｜禁菸｜安全,direct,approved,80,,
faq-309,噪音禁菸安全與規範,可以點香或燒金紙嗎？,能不能點香或燒金紙？｜可不可以點香或燒金紙？,不可以。全館禁止明火，室內外皆不可點香、燒金紙或使用其他明火。如有宗教或特殊需求，請事先私訊官方 LINE 詢問。,燒金紙｜噪音｜禁菸｜安全,direct,approved,80,,正式規則：全館禁止明火。
faq-310,噪音禁菸安全與規範,可以放煙火嗎？,能不能放煙火？｜可不可以放煙火？,不可以。民宿全區禁止施放煙火、爆竹及其他類似物品，包含戶外區域。,煙火｜噪音｜禁菸｜安全,direct,approved,80,,正式禁止行為。
faq-311,噪音禁菸安全與規範,可以烤肉用炭火嗎？,能不能烤肉用炭火？｜可不可以烤肉用炭火？,可以，但僅限依民宿現場規定，於指定戶外烤肉區使用炭火或核准的烤肉設備；室內、房間及非指定區域禁止明火，並請於晚上 22:00 前結束烤肉。,炭火｜噪音｜禁菸｜安全,direct,approved,80,2026-09-04,
faq-312,噪音禁菸安全與規範,可以使用瓦斯爐或卡式爐嗎？,能不能使用瓦斯爐或卡式爐？｜可不可以使用瓦斯爐或卡式爐？,不可以。民宿不開放自行使用瓦斯爐、卡式爐或其他加熱設備；如需烤肉，請使用民宿提供的烤肉設備，並於戶外指定區域使用。,卡式爐｜瓦斯爐｜噪音｜禁菸｜安全,direct,approved,80,,
faq-320,噪音禁菸安全與規範,朋友可以來找我們嗎？,沒住宿的人可以進來嗎？｜沒有過夜的訪客可以來嗎｜朋友可以白天來玩嗎,可以，訪客需提前告知；訪客費每位 TWD 600，並請於 23:00 前離開。若訪客後續需要住宿，請提前聯繫民宿確認並調整入住人數。,陌生人｜噪音｜禁菸｜安全｜訪客｜人數｜房型｜包棟,direct,approved,80,2026-09-04,訪客須提前告知；每位 TWD 600；23:00 前離開。
faq-324,噪音禁菸安全與規範,違反住宿規定會怎麼處理？,,若違反住宿規定，我們會先提醒並請您配合改善；如情節嚴重或經勸導仍未改善，民宿得視情況要求停止相關行為或提前退房。,住宿規定｜退費｜噪音｜禁菸｜安全,direct,approved,80,,
faq-325,噪音禁菸安全與規範,住宿規定在哪裡看？,,住宿規定可於官網查看，訂房確認後也會由官方 Email 提供相關入住須知。,住宿規定｜噪音｜禁菸｜安全,direct,approved,80,,
faq-326,KTV麻將娛樂與活動,有KTV嗎？,請問有KTV嗎｜KTV有提供嗎｜KTV可以唱到幾點？｜KTV可以唱到什麼時間？｜可以唱歌唱到幾點｜有歡唱設備嗎｜能不能唱歌唱到幾點？｜可不可以唱歌唱到幾點？｜可以唱歌唱到什麼時間？,有，民宿提供 KTV 歡唱設備，可使用至晚上 22:00；22:00 後請停止使用音響與擴音設備。,KTV｜歡唱｜唱歌｜歌曲｜22點｜音響,direct,approved,80,2026-09-03,canonical ktv_availability_hours。
faq-328,KTV麻將娛樂與活動,KTV歌曲多嗎？,,KTV 曲庫會持續更新，提供多種熱門歌曲可選擇；實際歌曲內容以現場系統為準。,KTV｜麻將｜活動,direct,approved,80,,
faq-331,KTV麻將娛樂與活動,有麻將桌嗎？,請問有麻將桌嗎｜麻將桌有提供嗎,有，民宿設有獨立麻將房，並提供電動麻將桌。,麻將桌｜KTV｜活動,direct,approved,80,,正式設施：獨立麻將房、電動麻將桌。
faq-332,KTV麻將娛樂與活動,麻將可以打到幾點？,麻將可以打到什麼時間？,麻將房可於住宿期間使用；晚上 22:00 後請降低音量，避免喧嘩，以維持住宿安寧。,麻將｜KTV｜活動,direct,approved,80,,22:00後降低音量。
faq-334,KTV麻將娛樂與活動,有桌遊嗎？,請問有桌遊嗎｜桌遊有提供嗎｜可以借桌遊嗎｜能不能借桌遊？｜可不可以借桌遊？,有，民宿提供一些桌遊供住客使用；使用後請協助收拾並放回原位。,桌遊｜KTV｜麻將｜活動｜公共空間｜設施,direct,approved,80,,
faq-335,KTV麻將娛樂與活動,有Switch或遊戲機嗎？,請問有Switch或遊戲機嗎｜Switch或遊戲機有提供嗎,目前沒有提供 Switch 或其他遊戲機，但民宿有提供一些桌遊遊戲。,遊戲機｜KTV｜麻將｜活動,direct,approved,80,,目前沒有提供 Switch 或其他遊戲機；有提供部分桌遊。
faq-337,KTV麻將娛樂與活動,可以看電影嗎？,能不能看電影？｜可不可以看電影？｜有Netflix嗎｜請問有Netflix嗎｜Netflix有提供嗎,可以。房內電視提供第四台頻道，也可使用 Netflix；Netflix 請登入自己的帳號觀看，退房前記得登出即可。,電影｜KTV｜麻將｜活動｜Netflix｜房間設備｜備品,direct,approved,80,,
faq-338,KTV麻將娛樂與活動,可以辦生日派對嗎？,能不能辦生日派對？｜可不可以辦生日派對？,可以。如需舉辦生日派對或相關活動，請提前告知，活動費用會依人數、場地使用及活動內容另外報價。,生日派對｜KTV｜麻將｜活動,direct,approved,80,,
faq-339,KTV麻將娛樂與活動,可以辦求婚嗎？,能不能辦求婚？｜可不可以辦求婚？,可以。如需舉辦求婚或相關活動，請提前告知，活動費用會依人數、場地使用及活動內容另外報價。,求婚｜KTV｜麻將｜活動,direct,approved,80,,
faq-340,KTV麻將娛樂與活動,可以辦抓周嗎？,能不能辦抓周？｜可不可以辦抓周？,可以。如需舉辦抓周活動，請提前告知，以便協助安排場地與相關使用方式。,抓周｜KTV｜麻將｜活動,direct,approved,80,,
faq-341,KTV麻將娛樂與活動,可以辦結婚或訂婚儀式嗎？,能不能辦結婚或訂婚儀式？｜可不可以辦結婚或訂婚儀式？,可以。如需舉辦結婚或訂婚儀式，請提前告知，以便確認人數、場地使用及相關安排。,結婚｜訂婚｜KTV｜麻將｜活動,direct,approved,80,,
faq-342,KTV麻將娛樂與活動,可以請外部布置廠商進場嗎？,能不能請外部布置廠商進場？｜可不可以請外部布置廠商進場？,可以。如需安排佈置廠商、攝影師或其他外部廠商進場，請提前告知。一般住宿相關的佈置或拍攝不另外收費；如為商業用途、長時間使用場地或有特殊設備需求，請事先與民宿確認。,布置｜KTV｜麻將｜活動,collect_info,approved,80,,
faq-343,KTV麻將娛樂與活動,可以請攝影師來拍照嗎？,能不能請攝影師來拍照？｜可不可以請攝影師來拍照？,可以。如有安排攝影師進場拍攝，請提前告知；一般住宿紀念拍攝不另外收費，如為商業拍攝或需長時間使用場地，請事先與民宿確認。,攝影師｜拍照｜KTV｜麻將｜活動,direct,approved,80,,
faq-344,KTV麻將娛樂與活動,可以直播嗎？,能不能直播？｜可不可以直播？,可以。一般個人直播可正常進行；如為商業直播、品牌合作、拍攝團隊進場或需使用較多設備，請提前告知並與民宿確認。,直播｜KTV｜麻將｜活動,direct,approved,80,,
faq-347,KTV麻將娛樂與活動,可以貼氣球在牆上嗎？,能不能貼氣球在牆上？｜可不可以貼氣球在牆上？,不可以。為避免造成牆面污損或殘膠，禁止將氣球、膠帶、黏鉤或其他裝飾物直接黏貼於牆面。,氣球｜KTV｜麻將｜活動,direct,approved,80,,
faq-349,KTV麻將娛樂與活動,活動結束需要清潔嗎？,活動結束要清潔嗎,活動結束後請協助恢復場地基本整潔，佈置物請自行移除，垃圾集中放置即可；如造成大量髒污、設備損壞或需特殊清潔，將酌收清潔或賠償費用。,活動｜KTV｜麻將,collect_info,approved,80,,
faq-351,戶外空間烤肉戲水,有戶外空間嗎？,有庭院嗎｜請問有庭院嗎｜庭院有提供嗎｜有露台嗎｜請問有露台嗎｜露台有提供嗎,有，民宿 2 樓設有大型露臺，可供住客休憩使用。,庭院｜戶外｜烤肉｜戲水｜露台,direct,approved,80,,已確認有戶外空間。
faq-353,戶外空間烤肉戲水,露台可以使用到幾點？,露台可以使用到什麼時間？,露台請在晚上 22:00 前結束高音量活動；22:00 後需降低音量，戶外燈會於 22:30 自動熄燈。,露台｜戶外｜烤肉｜戲水,direct,approved,80,,正式夜間與戶外燈規則。
faq-355,戶外空間烤肉戲水,可以烤肉嗎？,能不能烤肉？｜可不可以烤肉？｜烤肉設備有提供嗎,可以。民宿提供烤肉爐，請提前告知並於指定戶外烤肉區使用；烤肉活動請於晚上 22:00 前結束。如需烤肉食材，也可協助代訂。,戶外｜烤肉｜戲水｜烤肉設備｜早餐｜餐飲｜廚房,direct,approved,80,,
faq-357,戶外空間烤肉戲水,烤肉後垃圾怎麼處理？,烤肉後垃圾如何處理,烤肉後請將垃圾及廚餘集中放置即可，民宿會統一協助處理。,垃圾｜戶外｜烤肉｜戲水,direct,approved,80,,
faq-363,戶外空間烤肉戲水,有泳池或戲水設施嗎？,泳池有開放嗎｜可以玩水嗎｜有戲水池嗎｜泳池可以使用到幾點｜泳池可以使用到什麼時間？,目前沒有提供泳池或戲水設施。,泳池｜戲水｜玩水｜戶外｜設施,direct,approved,80,2026-09-04,目前無泳池或戲水設施；原開放時間內容已移除。
faq-364,戶外空間烤肉戲水,戶外會有蚊子嗎？,,戶外自然環境難免會有蚊蟲，建議自行攜帶防蚊用品，並隨手關閉門窗，避免蚊蟲進入室內。,戶外｜烤肉｜戲水,direct,approved,80,,
faq-368,戶外空間烤肉戲水,戶外區可以放音樂嗎？,,可以，晚上 22:00 前可於戶外區適量播放音樂，請控制音量避免影響周邊安寧；22:00 後禁止使用音響、喇叭或其他擴音設備。,戶外｜烤肉｜戲水,direct,approved,80,,
faq-379,行李寄放與入住服務,本人提早抵達時，可以先把行李放進客房嗎？,可以提早把行李放進房間嗎｜能不能提早把行李放進房間？｜可不可以提早把行李放進房間？｜提早到可以先把行李放進客房嗎｜本人提早抵達可以先放行李進房嗎,不可以。入住前房間仍在進行清潔與整理，如需提前寄放行李，可放置於民宿指定的公共區域。,提早抵達｜放進客房｜入住前進房｜本人到場｜客房行李,direct,approved,80,,本 FAQ 僅回答住客本人提早抵達時能否將行李放進客房，與公共區現場寄放不同，不涵蓋郵寄、宅配或代收行李政策。
faq-380,行李寄放與入住服務,有管家服務嗎？,請問有管家服務嗎｜管家服務有提供嗎,有。入住期間如有住宿相關問題，可透過官方 LINE 或電話聯絡管家協助；民宿非 24 小時櫃台服務，如夜間遇到緊急狀況，也可撥打入住資訊中提供的聯絡電話。,管家｜行李｜入住服務,direct,approved,80,,有管家服務，但非24小時櫃台。
faq-384,行李寄放與入住服務,可以幫忙準備蛋糕嗎？,能不能幫忙準備蛋糕？｜可不可以幫忙準備蛋糕？｜可以準備生日蛋糕嗎｜能不能準備生日蛋糕？｜可不可以準備生日蛋糕？,可以協助代訂蛋糕，如有需要請提前告知，款式及費用依實際訂購內容為準。,蛋糕｜行李｜入住服務｜特殊需求｜情境應對,collect_info,approved,80,,
faq-385,行李寄放與入住服務,可以幫忙布置房間嗎？,能不能幫忙布置房間？｜可不可以幫忙布置房間？｜可以安排浪漫布置嗎｜能不能安排浪漫布置？｜可不可以安排浪漫布置？,民宿不提供佈置服務，如有生日、求婚或其他佈置需求，可協助推薦外部佈置廠商，相關費用由客人自行負擔。,布置｜行李｜入住服務｜特殊需求｜情境應對,collect_info,approved,80,,
faq-388,行李寄放與入住服務,可以提供旅遊建議嗎？,能不能提供旅遊建議？｜可不可以提供旅遊建議？｜附近有什麼景點？｜宜蘭有什麼推薦行程？｜下雨天可以去哪裡？,可以。可依親子、寵物、雨天、拍照、美食等需求，提供宜蘭周邊景點與行程建議。,旅遊建議｜行李｜入住服務,collect_info,approved,80,,
faq-390,行李寄放與入住服務,可以幫忙收垃圾嗎？,能不能幫忙收垃圾？｜可不可以幫忙收垃圾？,可以。住宿期間如有垃圾，集中放置於指定位置即可，民宿會協助處理；如垃圾較多或垃圾桶已滿，可聯絡管家協助。,垃圾｜行李｜入住服務,collect_info,approved,80,,
faq-391,行李寄放與入住服務,連住會補備品嗎？,,會。連住期間不主動進房打掃，如需更換毛巾、浴巾或補充住宿備品，可聯絡管家協助。,連住｜行李｜入住服務,direct,approved,80,,
faq-395,行李寄放與入住服務,可以借嬰兒用品嗎？,能不能借嬰兒用品？｜可不可以借嬰兒用品？,有，可提供摺疊嬰兒床及摺疊澡盆，數量有限，建議提前告知需求；目前不提供消毒鍋。,行李｜入住服務,direct,approved,80,,
faq-396,早餐餐飲與廚房,入住前可以寄送冷藏或冷凍食材嗎？,可以提前寄食材過去嗎｜能不能提前寄食材過去？｜可不可以提前寄食材過去？｜可以入住前先送冷凍蛋糕嗎｜能不能入住前先送冷凍蛋糕？｜可不可以入住前先送冷凍蛋糕？｜可以提前寄冷凍蛋糕嗎｜冷凍蛋糕可以提前寄嗎｜可以先寄烤肉食材嗎｜烤肉食材可以先寄到民宿嗎｜可以代收冷藏食材嗎｜可以代收冷凍包裹嗎,恕不提供入住前冷藏、冷凍食材代收及保管服務。如有烤肉食材需求，可提前與民宿聯繫協助代訂。,冷藏｜冷凍｜食材｜蛋糕｜烤肉食材｜食品代收,collect_info,approved,80,,
faq-399,行李寄放與入住服務,可以提供房內驚喜安排嗎？,能不能提供房內驚喜安排？｜可不可以提供房內驚喜安排？｜可以準備求婚驚喜嗎｜能不能準備求婚驚喜？｜可不可以準備求婚驚喜？,可以。如有生日、求婚等驚喜安排，請提前告知；蛋糕可協助代訂，如需房間佈置，可協助推薦外部佈置廠商，相關費用由客人自行負擔。,驚喜安排｜行李｜入住服務｜求婚｜特殊需求｜情境應對,collect_info,approved,80,,
faq-426,發票收據資料與身分登記,入住為什麼要登記資料？,,依規定，民宿需登記每日住宿旅客資料並保存 6 個月；入住時會核對相關身分資料，所蒐集的資料皆依個人資料保護法相關規定處理。,發票｜收據｜身分登記,direct,approved,80,,
faq-427,發票收據資料與身分登記,可以不給身分證嗎？,能不能不給身分證？｜可不可以不給身分證？｜入住需要出示身分證嗎｜入住要出示身分證嗎,不可以。依相關規定，入住時請出示身分證、護照或居留證供身分核對與住宿登記；相關資料將依個人資料保護法規定處理。,身分證｜發票｜收據｜身分登記｜入住｜退房｜抵達,ask_human,approved,80,,此題需人工依個案處理，不由慢寶直接承諾
faq-428,發票收據資料與身分登記,只給訂房代表證件可以嗎？,只給預約代表證件可以嗎｜每個人都要登記資料嗎,入住時由訂房代表人辦理入住手續，並請配合提供實際入住旅客所需的住宿登記資料；身分核對時請出示身分證、護照或居留證。,發票｜收據｜身分登記｜入住｜退房｜抵達,ask_human,approved,80,,涉及住宿登記與個資，需確認法規與流程。
faq-433,發票收據資料與身分登記,訂房資料填錯怎麼辦？,訂房資料填錯該怎麼處理？｜訂房資料填錯要如何處理｜預約資料填錯怎麼辦？,如訂房資料填寫錯誤或需要修改，請私訊官方 LINE，提供訂房姓名及欲更正的資料，我們會協助修改。,發票｜收據｜身分登記,direct,approved,80,,
faq-434,發票收據資料與身分登記,入住時需要辦理什麼手續？,要填入住表單嗎,入住時會核對訂房及住宿旅客資料，並請出示身分證、護照或居留證，完成入住登記及相關住宿文件簽署。,發票｜收據｜身分登記,direct,approved,80,,
faq-435,發票收據資料與身分登記,可以開收據嗎？,能不能開收據？｜可不可以開收據？｜可以開發票嗎｜能不能開發票？｜可不可以開發票？｜可以報公司帳嗎｜能不能報公司帳？｜可不可以報公司帳？｜可以開統編嗎｜能不能開統編？｜可不可以開統編？,可以。民宿為免用統一發票店家，可提供收據；如需填寫公司抬頭或統一編號，請提前告知。,收據｜發票｜身分登記｜房價｜付款｜費用｜統編,ask_human,approved,80,,此題需人工依個案處理，不由慢寶直接承諾
faq-437,發票收據資料與身分登記,發票可以事後補開嗎？,,可以。如需事後補開收據，請私訊官方 LINE，並提供訂房姓名及相關資料，我們會協助處理。,發票｜收據｜身分登記,ask_human,approved,80,,此題需人工依個案處理，不由慢寶直接承諾
faq-438,發票收據資料與身分登記,收據可以寫住宿費嗎？,,可以。收據品名可註明「住宿費」；如需填寫公司抬頭或統一編號，請提前告知。,收據｜發票｜身分登記,ask_human,approved,80,,此題需人工依個案處理，不由慢寶直接承諾
faq-439,發票收據資料與身分登記,可以分開開收據嗎？,能不能分開開收據？｜可不可以分開開收據？,可以。如需分開開立收據，請提前告知開立份數、金額及公司抬頭或統一編號，我們會依需求協助處理。,收據｜發票｜身分登記,ask_human,approved,80,,此題需人工依個案處理，不由慢寶直接承諾
faq-440,發票收據資料與身分登記,平台訂房由誰開發票？,平台預約由誰開發票,如透過官網或官方 LINE 訂房，民宿可提供收據；如透過 Booking.com、Agoda 等訂房平台預訂，相關收據或付款憑證將依該平台訂單的付款方式及規定辦理，如有報帳需求可提前告知我們協助確認。,發票｜收據｜身分登記,ask_human,approved,80,,平台發票責任需依平台規則確認。
faq-451,隱私保險遺失物與客訴,房間內有監視器嗎？,公共空間有監視器嗎｜公共區監視器會拍到我們嗎？,沒有。客房、浴室等私人空間皆不設置監視器；公共區域及出入口設有監視設備，僅供安全及出入管理使用。,監視器｜隱私｜遺失物｜客訴｜公共空間｜設施,direct,approved,80,,正式監視器規則。
faq-453,隱私保險遺失物與客訴,民宿有保險嗎？,慢慢蒔光有保險嗎,有。民宿依相關法規投保責任保險，保障範圍及保額皆依主管機關規定辦理。,保險｜隱私｜遺失物｜客訴,ask_human,approved,80,,涉及保險與理賠，需正式文件。
faq-454,隱私保險遺失物與客訴,東西遺失怎麼辦？,東西遺失該怎麼處理？｜東西遺失要如何處理｜退房後發現忘東西怎麼辦｜退房後發現忘東西該怎麼處理？｜退房後發現忘東西要如何處理｜退宿後發現忘東西怎麼辦？,如發現物品遺失，請私訊官方 LINE，提供入住日期、遺失物品特徵及可能遺失的位置，我們會協助尋找；如有尋獲，可協助寄回，寄送費用由旅客負擔。,隱私｜遺失物｜客訴,collect_info,approved,80,,
faq-458,隱私保險遺失物與客訴,房內物品壞了怎麼辦？,房內物品壞了該怎麼處理？｜房內物品壞了要如何處理,如不慎造成房內物品或設備損壞，請主動告知民宿；我們會依實際狀況判斷，如屬人為損壞，將依修復或更換費用酌收賠償。,隱私｜遺失物｜客訴,direct,approved,80,,
faq-462,隱私保險遺失物與客訴,入住後發現住宿有問題怎麼辦？,,如入住後發現房況、設備或清潔等問題，請第一時間聯絡管家，我們會立即確認並協助處理；如涉及退款或補償，將依實際狀況及相關規定辦理。,退費｜隱私｜遺失物｜客訴,ask_human,approved,80,,退款或補償不可由慢寶直接承諾。
faq-463,隱私保險遺失物與客訴,房間跟照片不一樣怎麼辦？,房間跟照片不一樣該怎麼處理？｜房間跟照片不一樣要如何處理,官網照片以實際房型為基準，部分擺設可能因維護或更新而有所調整。如入住時發現房型或主要設施與訂房內容明顯不符，請第一時間聯絡管家，我們會立即確認並協助處理。,隱私｜遺失物｜客訴,direct,approved,80,,答案可使用，但需提醒依當期資訊確認
faq-464,隱私保險遺失物與客訴,住宿期間設備故障怎麼辦？,設施壞掉怎麼辦｜設施壞掉該怎麼處理？｜設施壞掉要如何處理,如住宿期間發現設備故障，請第一時間聯絡管家，我們會協助排除問題或安排替代方案；如設備故障明顯影響住宿使用，將依實際情況協助處理。,補償｜隱私｜遺失物｜客訴｜公共空間｜設施,ask_human,approved,80,,補償需個案判斷。
faq-467,隱私保險遺失物與客訴,可以給評價嗎？,能不能給評價？｜可不可以給評價？,可以。入住後留下五星好評，即可獲贈慢寶文創明信片一張。,隱私｜遺失物｜客訴,ask_human,approved,80,,五星好評贈明信片屬促銷活動，未見當期正式活動依據。
faq-476,特殊需求與情境應對,可以帶導盲犬或服務犬嗎？,能不能帶導盲犬或服務犬？｜可不可以帶導盲犬或服務犬？,可以。合格導盲犬、導聾犬及肢體輔助犬皆依相關法規開放入住，不受一般寵物入住規定限制，亦不另外收取寵物清潔費。,特殊需求｜情境應對,direct,approved,80,,
faq-487,特殊需求與情境應對,可以帶長輩醫療器材嗎？,能不能帶長輩醫療器材？｜可不可以帶長輩醫療器材？,可以。如有需插電、冷藏或其他特殊保存方式的醫療器材或藥品，請提前告知，以便確認現場設備是否適用；個人藥品及醫療用品請自行妥善保管。,醫療器材｜長輩｜特殊需求｜情境應對,direct,approved,80,,
