id,category,question,aliases,answer,keywords,answer_mode,status,priority,last_verified_at,internal_note,
faq-001,訂房與空房,請問還有空房嗎？,這天還有房嗎｜請問有空房嗎｜這個日期可以訂嗎｜還有房間嗎｜想查房況,請提供入住日期、退房日期、入住總人數、住宿方式（包棟或單間）、需要房數、是否攜帶寵物與車輛數，管家會協助確認最新房況與報價。,空房｜房況｜可訂日期｜查房,collect_info,approved,80,,需查詢即時房況，不可直接回答「有房」。,可至官網訂房系統查詢，如需管家協助可Line或電話連繫
faq-002,訂房與空房,我要怎麼訂房？,怎麼訂房｜我要預約｜要去哪裡下訂｜訂房流程是什麼｜可以用LINE訂嗎,可透過官網線上預約、官方 LINE 或電話提出需求。送出後會由管家確認日期、人數、住宿方式、寵物與付款資訊；完成指定付款並收到正式確認後，才算訂房成立。,訂房｜預約｜下訂｜官網預約｜訂房流程,direct,approved,80,,預約申請不等於訂房成立，需完成付款並收到正式確認。,"可透過官網訂房系統、官方 LINE 或電話直接預訂並完成入住，每筆訂單即贈「慢寶精美小禮」一份！

※ Booking.com 等第三方平台訂房不適用此活動。"
faq-003,訂房與空房,線上訂房後還需要再跟民宿確認嗎？,送出預約就算成功嗎｜線上預約後還要確認嗎｜預約申請等於訂房嗎｜官網送出後有保留嗎,需要。官網送出的是預約申請，不代表訂房已成立；管家會再確認房況、入住人數、住宿方式與付款資訊，收到正式確認後才算完成訂房。,線上訂房｜預約申請｜訂房確認｜訂房成立,direct,approved,80,,避免讓客人誤以為送出表單即完成訂房。,完成訂金支付即代表訂房成功！ 如有任何入住需求或問題，我們將主動與您聯繫。
faq-004,訂房與空房,訂房需要先付訂金嗎？,需要先付訂金嗎｜要先匯款嗎｜訂房要先付款嗎｜訂金多少｜可以現場再付嗎,是否需要支付訂金、訂金金額與付款期限，會由管家依入住日期及訂房方案確認後通知。完成指定付款並收到正式確認後，日期才會正式保留。請提供入住日期與人數，管家會說明付款方式。,訂金｜預付款｜先付款｜匯款｜保留日期,collect_info,approved,80,,目前沒有固定訂金金額，不可自行報價。,訂房以完成訂金支付為準，未付訂金者恕不予以保留。
faq-005,訂房與空房,訂房後多久內要匯款？,多久要匯款｜付款期限多久｜幾天內要付款｜超過期限怎麼辦｜可以晚點付款嗎,付款期限會標示在管家發出的付款通知中，每筆訂房可能不同。若超過期限仍未完成，日期可能無法繼續保留；需要延後付款時，請在期限前先與管家確認。,匯款期限｜付款期限｜付款逾期｜延後付款｜保留日期,direct,approved,80,,付款期限依個別通知，不可承諾固定天數。,我們以「先付訂金」的客人優先保留喔！ 只要先完成匯款，訂房就正式成功了。
faq-006,訂房與空房,我可以先口頭保留房間嗎？,可以先保留嗎｜還沒付款可以保留嗎｜可以口頭卡房嗎｜先幫我留日期｜能暫時保留房間嗎,可以先留下需求，但在完成管家確認與指定付款前，不代表訂房成立，也無法保證保留日期。房況仍以完成確認與付款程序者為準。,口頭保留｜暫時保留｜先保留｜卡房｜未付款,direct,approved,80,,可登記需求，但不可承諾保留。,不好意思，民宿無法口頭保留喔！誰先完成訂金匯款，預訂就是誰的～
faq-007,訂房與空房,可以現場看房再訂嗎？,可以先去看房嗎｜可以參觀房間嗎｜能現場看過再決定嗎｜可以預約看房嗎,目前不開放臨時到場看房，以保護住客隱私並維持清潔與營運作業。若有合作、拍攝或其他特殊需求，請先透過官方 LINE 預約，經管家確認後再安排。,看房｜現場看房｜參觀房間｜預約參觀,direct,approved,80,,不接受臨時到場，特殊需求須預約。,"為維護住客隱私與品質，目前不開放現場看房喔！
若有合作或拍攝需求，歡迎先透過官方 LINE 聯繫預約。"
faq-008,訂房與空房,可以指定房間嗎？,可以選房嗎｜能指定房號嗎｜可以選主題房嗎｜想住某一間可以嗎｜可以指定房型嗎,包棟方案固定包含整棟 5 間主題房；可以提出希望入住的房型或房號，管家會依人數、床型與安排需求協助分配。若淡季有開放單間客房，也可提出指定需求，但無法保證一定指定成功。,指定房間｜指定房號｜選房｜主題房｜房型偏好,direct,approved,80,,包棟包含5間；單間客房僅限後台開放期間。,可以的！請直接依線上訂房系統為主，您訂哪一間，入住就是那一間喔！
faq-009,訂房與空房,可以指定樓層嗎？,可以選樓層嗎｜想住一樓可以嗎｜可以安排低樓層嗎｜長輩可以住一樓嗎｜能指定二樓嗎,可以提出樓層偏好；若有長輩、幼兒或行動不便需求，請一併告知。包棟會使用不同樓層的房間；若淡季開放單間客房，則會依房況與安全動線安排，但無法保證指定成功。,指定樓層｜一樓房｜低樓層｜長輩｜行動不便,collect_info,approved,80,,需收集長輩、幼兒或行動需求後再安排。,可以的！請依線上訂房系統為主，官網上都有各房間的樓層說明喔！
faq-010,訂房與空房,可以訂同一天多間房嗎？,可以一次訂兩間嗎｜同一天能訂多間嗎｜想訂三間房｜可以訂多個房間嗎｜多間房怎麼訂,可以。包棟方案固定包含 5 間主題房；若淡季有開放單間客房，也可一次申請多間。請提供入住日期、需要房數與入住人數，由管家確認當期開放方式與可訂房數。,多間房｜同一天訂房｜訂兩間｜訂三間｜需要房數,collect_info,approved,80,,單間客房需確認後台是否開放；包棟固定5間。,"可以的！不過我們平時主要以「包棟」為主～
如果該日期有開放「單獨訂房」，線上系統就會顯示剩餘房型，您就可以直接預訂多間喔！"
faq-011,訂房與空房,可以包棟嗎？,能不能包棟？｜可不可以包棟？,可以，慢慢蒔光主要提供整棟 5 間主題房的包棟 villa，適合親友、家庭與團體入住。請提供入住日期、退房日期、總人數、寵物與特殊需求，管家會協助確認房況與報價。,包棟｜訂房｜空房｜房況,collect_info,approved,80,,需收集日期、人數與寵物資訊後確認房況與報價。,"可以喔！民宿平時主要以包棟為主。
您可以直接在線上訂房系統確認日期與進行預訂！"
faq-012,訂房與空房,包棟會有其他客人嗎？,,不會。包棟期間不會安排其他陌生旅客入住，客用房間與公共空間會由同一組旅客使用；非客用工作區仍依入住說明為準。,包棟｜訂房｜空房｜房況,direct,approved,80,,包棟不與其他陌生旅客併住。,"不會！包棟期間不會有其他陌生旅客。
所有客房與公共空間均由您這組貴賓獨享；非客用工作區則依入住說明為準。"
faq-013,訂房與空房,可以只訂部分房間不包棟嗎？,能不能只訂部分房間不包棟？｜可不可以只訂部分房間不包棟？,慢慢蒔光主要以包棟為主；淡季或特定日期若後台有開放單間客房，才可申請部分房間。請提供入住日期、需要房數與人數，由管家確認是否開放及最新房況。,包棟｜訂房｜空房｜房況,collect_info,approved,80,,單間客房僅於後台開放時可預約。,"民宿主要以包棟為主。
僅淡季或特定日期才開放單間預訂"
faq-014,訂房與空房,平日和假日怎麼分？,平日和假日如何分,一般週日至週四為平日，週五採週五價，週六採假日價；連續假日、暑假與春節則依當期房價公告認定。特定日期的實際價格仍以管家確認為準。,平日｜假日｜訂房｜空房｜房況,direct,approved,80,,日期分類依正式房價規則。,"週日至週四為平日，週五與週六採假日價；連續假日、暑假與春節則依當期公告為準。

特定日期的實際價格，一律以線上訂房系統或官方確認為主。"
faq-015,訂房與空房,春節或連假可以訂嗎？,,可以，但需以當期開放日期與實際房況為準。春節與連假可能採不同房價；請提供入住日期與人數，由管家協助確認。,連假｜春節｜訂房｜空房｜房況,collect_info,approved,80,,春節與連假需確認開放日期、房況及當期規則。,"可以的！不過春節與連假採不同房價與規定。

實際開放日期與房況，請直接至線上訂房系統查詢預訂喔！"
faq-016,訂房與空房,可以候補嗎？,能不能候補？｜可不可以候補？,可以留下日期、人數與聯絡方式；若有房況釋出，我們會依候補順序通知。,候補｜訂房｜空房｜房況,collect_info,approved,80,,,
faq-017,訂房與空房,可以訂當天住宿嗎？,能不能訂當天住宿？｜可不可以訂當天住宿？,若當日仍有空房且整理時間足夠，可以接受當日訂房；建議先電話或LINE確認後再前往。,當天住宿｜訂房｜空房｜房況,direct,approved,80,,,
faq-018,訂房與空房,官網、平台和LINE價格一樣嗎？,,不同通路可能因平台費用、活動或付款條件而有差異，以實際下訂頁面或民宿正式回覆報價為準。,訂房｜空房｜房況,collect_info,approved,80,,,
faq-019,訂房與空房,訂房成功會收到什麼資料？,預約成功會收到什麼資料,訂房確認後會提供入住日期、退房日期、住宿方式、入住人數、金額、付款狀態、入住須知與聯絡方式；若未收到，請用訂房姓名與日期向官方 LINE 查詢。,訂房｜空房｜房況,direct,approved,80,,,
faq-020,訂房與空房,我沒收到確認信怎麼辦？,我沒收到確認信該怎麼處理？｜我沒收到確認信要如何處理,請先確認垃圾信件匣或信箱是否填錯；若仍未收到，請透過官方 LINE 提供訂房姓名、入住日期與聯絡電話，管家會協助查詢。,訂房｜空房｜房況,direct,approved,80,,,
faq-021,訂房與空房,訂房姓名可以更改嗎？,預約姓名可以更改嗎,可協助變更或代訂，但入住時需提供實際入住代表人的真實資料並完成住宿登記。,訂房｜空房｜房況,direct,approved,80,,,
faq-022,訂房與空房,可以幫朋友或家人代訂嗎？,能不能幫朋友或家人代訂？｜可不可以幫朋友或家人代訂？,可協助變更或代訂，但入住時需提供實際入住代表人的真實資料並完成住宿登記。,訂房｜空房｜房況,collect_info,approved,80,,,
faq-023,訂房與空房,未成年可以自己訂房嗎？,未成年可以自己預約嗎,通常需由成年人作為訂房與入住代表；未成年同行請由家長或監護人確認並遵守民宿規定。,訂房｜空房｜房況,direct,approved,80,,,
faq-024,訂房與空房,可以訂長住嗎？,能不能訂長住？｜可不可以訂長住？,可提供入住期間與人數讓我們評估房況、清潔安排與價格；長住規則可能與一般住宿不同。,長住｜訂房｜空房｜房況,collect_info,approved,80,,,
faq-025,訂房與空房,訂房需要提供哪些資料？,訂房要提供哪些資料｜預約需要提供哪些資料,請提供入住日期、退房日期、人數、房型或包棟需求與特殊需求，我們會協助確認最適合的訂房方式。,訂房｜空房｜房況,collect_info,approved,80,,,
faq-026,房價與付款,房價是多少？,房價是怎麼算？,房價會依日期、平假日、連假、入住人數與方案不同而調整；請提供日期與人數，我們會回覆最準確報價。,房價｜付款｜費用,collect_info,approved,80,,,
faq-027,房價與付款,包棟價格怎麼算？,包棟價格如何算,房價會依日期、平假日、連假、入住人數與方案不同而調整；請提供日期與人數，我們會回覆最準確報價。,包棟價格｜房價｜付款｜費用,collect_info,approved,80,,,
faq-028,房價與付款,價格包含哪些費用？,價格包含哪些費用,房價會依日期、平假日、連假、入住人數與方案不同而調整；請提供日期與人數，我們會回覆最準確報價。,房價｜付款｜費用,collect_info,approved,80,,,
faq-029,房價與付款,有另外收清潔費嗎？,請問有另外收清潔費嗎｜另外收清潔費有提供嗎,一般正常清潔多已包含於報價；若有寵物、嚴重髒污、嘔吐、煙味或設備損壞，可能依規定另收費。,清潔費｜房價｜付款｜費用,direct,needs_review,80,,待屋主確認實際規則、設備或當期資訊,
faq-030,房價與付款,小孩也算人數嗎？,,兒童或嬰兒是否計費會依年齡、身高、是否佔床與民宿規定判斷；請提供孩子年齡方便確認。,房價｜付款｜費用,collect_info,approved,80,,,
faq-031,房價與付款,嬰兒需要收費嗎？,嬰兒要收費嗎,兒童或嬰兒是否計費會依年齡、身高、是否佔床與民宿規定判斷；請提供孩子年齡方便確認。,房價｜付款｜費用,collect_info,approved,80,,,
faq-032,房價與付款,加人怎麼收費？,加人如何收費,超過基本人數或需加床時，會依每人每晚或每床規則加收費用，並提供相應寢具與備品。,房價｜付款｜費用,collect_info,approved,80,,,
faq-033,房價與付款,加床怎麼收費？,加床如何收費,超過基本人數或需加床時，會依每人每晚或每床規則加收費用，並提供相應寢具與備品。,房價｜付款｜費用,collect_info,approved,80,,,
faq-034,房價與付款,尾款可以什麼時候付？,,尾款支付時間與方式會在訂房確認訊息中載明，常見為入住前匯款或入住當日結清。,尾款｜房價｜付款｜費用,direct,approved,80,,,
faq-035,房價與付款,可以刷卡嗎？,能不能刷卡？｜可不可以刷卡？,付款方式以民宿當期公告為準；若使用未列出的支付方式，請先詢問確認，避免現場無法付款。,刷卡｜房價｜付款｜費用,collect_info,approved,80,,答案可使用，但需提醒依當期資訊確認,
faq-036,房價與付款,可以用轉帳嗎？,能不能用轉帳？｜可不可以用轉帳？,付款方式以民宿當期公告為準；若使用未列出的支付方式，請先詢問確認，避免現場無法付款。,轉帳｜房價｜付款｜費用,collect_info,approved,80,,答案可使用，但需提醒依當期資訊確認,
faq-037,房價與付款,可以用現金嗎？,能不能用現金？｜可不可以用現金？,付款方式以民宿當期公告為準；若使用未列出的支付方式，請先詢問確認，避免現場無法付款。,現金｜房價｜付款｜費用,collect_info,approved,80,,答案可使用，但需提醒依當期資訊確認,
faq-038,房價與付款,可以用行動支付嗎？,能不能用行動支付？｜可不可以用行動支付？,付款方式以民宿當期公告為準；若使用未列出的支付方式，請先詢問確認，避免現場無法付款。,行動支付｜房價｜付款｜費用,collect_info,approved,80,,答案可使用，但需提醒依當期資訊確認,
faq-039,房價與付款,可以開發票嗎？,能不能開發票？｜可不可以開發票？,如需發票、收據、公司抬頭或統編，請在付款前提供資料；可開立格式依民宿稅籍與作業規定。,發票｜房價｜付款｜費用,ask_human,approved,80,,此題需人工依個案處理，不由慢寶直接承諾,
faq-040,房價與付款,可以報公司帳嗎？,能不能報公司帳？｜可不可以報公司帳？,如需發票、收據、公司抬頭或統編，請在付款前提供資料；可開立格式依民宿稅籍與作業規定。,房價｜付款｜費用,direct,approved,80,,,
faq-041,房價與付款,可以分開付款嗎？,能不能分開付款？｜可不可以分開付款？,多人付款建議由一位代表統一付款；若需分開付款，請先確認民宿是否可協助對帳。,房價｜付款｜費用,collect_info,approved,80,,,
faq-042,房價與付款,多人包棟可以各自轉帳嗎？,,多人是否可分開轉帳，需先由管家確認對帳方式與付款期限。建議由一位代表統一付款；若確實需要分開付款，請先提供付款人數與預計方式。,包棟｜轉帳｜房價｜付款｜費用,collect_info,approved,80,,原答案未回答分開轉帳問題。,
faq-043,房價與付款,付款後如何確認？,,付款後請回傳訂房姓名、入住日期、金額與帳號後五碼；若匯錯金額請立即聯繫協助補差或退款。,房價｜付款｜費用,collect_info,approved,80,,,
faq-044,房價與付款,匯錯金額怎麼辦？,匯錯金額該怎麼處理？｜匯錯金額要如何處理,付款後請回傳訂房姓名、入住日期、金額與帳號後五碼；若匯錯金額請立即聯繫協助補差或退款。,房價｜付款｜費用,direct,approved,80,,,
faq-045,房價與付款,訂金可以折抵房費嗎？,,訂金會計入總房費，尾款只需支付扣除訂金後的餘額；實際尾款金額與付款方式會在管家確認訊息中列明。,訂金｜房價｜付款｜費用,collect_info,approved,80,,,
faq-046,房價與付款,價格可以優惠嗎？,價格可以優惠嗎,房價會依日期、平假日、連假、入住人數與方案不同而調整；請提供日期與人數，我們會回覆最準確報價。,優惠｜房價｜付款｜費用,collect_info,approved,80,,,
faq-047,房價與付款,連住有優惠嗎？,,若有官網優惠、早鳥、連住、生日或紀念日活動，會依當期公告適用；請先提供日期與需求。,連住｜優惠｜房價｜付款｜費用,collect_info,approved,80,,,
faq-048,房價與付款,生日或紀念日有優惠嗎？,,若有官網優惠、早鳥、連住、生日或紀念日活動，會依當期公告適用；請先提供日期與需求。,優惠｜房價｜付款｜費用,collect_info,approved,80,,,
faq-049,房價與付款,寵物需要另外收費嗎？,寵物要另外收費嗎｜毛孩需要另外收費嗎,寵物可能依種類、數量與大小收取清潔費或押金；請訂房時先告知，費用會事前說明。,寵物｜房價｜付款｜費用,collect_info,approved,80,,,
faq-050,房價與付款,押金什麼時候退？,,押金為 6000 元。退房後經清潔與設備確認無損壞、無污損及無違規情形，會依原約定方式全額退還；若有損壞、污損或額外清潔需求，將依實際情況處理。,押金｜房價｜付款｜費用,direct,approved,80,,依正式住宿規則：押金6000元。,
faq-051,取消改期與不可抗力,取消訂房可以退訂金嗎？,取消預約可以退訂金嗎,取消與退款依訂房時同意的政策、通知時間與付款方式辦理；請越早聯繫越能保留彈性。,取消｜訂金｜改期｜退款,ask_human,approved,80,,此題需人工依個案處理，不由慢寶直接承諾,
faq-052,取消改期與不可抗力,14天前取消可以全退嗎？,,若採訂金制，旅客於預定住宿日前第14日以前通知取消，通常可請求退還已付訂金100%。,取消｜改期｜退款,ask_human,approved,80,,此題需人工依個案處理，不由慢寶直接承諾,
faq-053,取消改期與不可抗力,入住前10到13天取消怎麼算？,入住前10到13天取消如何算,若採訂金制，預定住宿日前第10日至第13日通知取消，通常可請求退還訂金70%。,取消｜改期｜退款,direct,needs_review,80,,待屋主確認實際規則、設備或當期資訊,
faq-054,取消改期與不可抗力,入住前7到9天取消怎麼算？,入住前7到9天取消如何算,若採訂金制，預定住宿日前第7日至第9日通知取消，通常可請求退還訂金50%。,取消｜改期｜退款,direct,needs_review,80,,待屋主確認實際規則、設備或當期資訊,
faq-055,取消改期與不可抗力,入住前4到6天取消怎麼算？,入住前4到6天取消如何算,若採訂金制，預定住宿日前第4日至第6日通知取消，通常可請求退還訂金40%。,取消｜改期｜退款,direct,needs_review,80,,待屋主確認實際規則、設備或當期資訊,
faq-056,取消改期與不可抗力,入住前2到3天取消怎麼算？,入住前2到3天取消如何算,若採訂金制，預定住宿日前第2日至第3日通知取消，通常可請求退還訂金30%。,取消｜改期｜退款,direct,needs_review,80,,待屋主確認實際規則、設備或當期資訊,
faq-057,取消改期與不可抗力,入住前一天取消怎麼算？,入住前一天取消如何算,若採訂金制，預定住宿日前第1日通知取消，通常可請求退還訂金20%。,取消｜改期｜退款,direct,needs_review,80,,待屋主確認實際規則、設備或當期資訊,
faq-058,取消改期與不可抗力,入住當天取消會退費嗎？,,入住當天取消、未通知或未入住，通常可能不退還訂金或預付款；請盡早聯繫確認可否改期。,退費｜取消｜改期｜退款,direct,approved,80,,,
faq-059,取消改期與不可抗力,臨時不能去可以改期嗎？,,可先提出改期需求；若民宿同意且仍有空房，會依規則協助改期，差價與可改次數以公告為準。,改期｜取消｜退款,collect_info,approved,80,,,
faq-060,取消改期與不可抗力,改期需要手續費嗎？,改期要手續費嗎,可先提出改期需求；若民宿同意且仍有空房，會依規則協助改期，差價與可改次數以公告為準。,改期｜取消｜退款,collect_info,approved,80,,,
faq-061,取消改期與不可抗力,改期後還可以再取消嗎？,,可先提出改期需求；若民宿同意且仍有空房，會依規則協助改期，差價與可改次數以公告為準。,改期｜取消｜退款,collect_info,approved,80,,,
faq-062,取消改期與不可抗力,颱風可以取消嗎？,,若因颱風、地震、停班停課或交通中斷影響入住，請立即聯繫；會依政府公告、交通狀況與訂房政策協助退費或延期。,颱風｜取消｜改期｜退款,direct,approved,80,,,
faq-063,取消改期與不可抗力,如果宜蘭停班停課可以退嗎？,,若因颱風、地震、停班停課或交通中斷影響入住，請立即聯繫；會依政府公告、交通狀況與訂房政策協助退費或延期。,停班停課｜取消｜改期｜退款,direct,approved,80,,,
faq-064,取消改期與不可抗力,下雨可以取消或延期嗎？,,一般降雨多屬個人行程考量，不一定符合不可抗力；若達危險天候或交通中斷，請提供狀況讓民宿判斷。,取消｜改期｜退款,collect_info,approved,80,,,
faq-065,取消改期與不可抗力,有人生病可以取消嗎？,請問有人生病可以取消嗎｜人生病可以取消有提供嗎,請主動告知並避免帶病入住；民宿會依當期規範、證明文件與訂房政策協助取消或延期。,取消｜改期｜退款,direct,needs_review,80,,待屋主確認實際規則、設備或當期資訊,
faq-066,取消改期與不可抗力,確診或傳染病可以延期嗎？,,請主動告知並避免帶病入住；民宿會依當期規範、證明文件與訂房政策協助取消或延期。,傳染病｜取消｜改期｜退款,direct,approved,80,,,
faq-067,取消改期與不可抗力,人數減少可以退差價嗎？,,請於入住前盡早告知；是否可退差額需依原方案、人數規則與通知時間辦理。,人數減少｜取消｜改期｜退款,direct,approved,80,,答案可使用，但需提醒依當期資訊確認,
faq-068,取消改期與不可抗力,人數增加可以補費嗎？,,增加人數需先確認未超過最大容納且備品足夠，再依加人費補差額；請勿未告知自行增加入住者。,人數增加｜取消｜改期｜退款,direct,approved,80,,,
faq-069,取消改期與不可抗力,可以更換房型嗎？,能不能更換房型？｜可不可以更換房型？,可依當日房況協助更換；若房價不同，需補差額或依民宿規則處理差價。,更換房型｜取消｜改期｜退款,direct,approved,80,,,
faq-070,取消改期與不可抗力,可以少住一天嗎？,能不能少住一天？｜可不可以少住一天？,住宿天數變更需盡早提出；若已進入取消期限或為特殊方案，未住宿晚數不一定能退費。,取消｜改期｜退款,direct,approved,80,,,
faq-071,取消改期與不可抗力,可以延長住宿嗎？,能不能延長住宿？｜可不可以延長住宿？,若後續日期仍有空房，可以協助延住；延住房價以當日公告或民宿正式回覆為準。,延長住宿｜取消｜改期｜退款,collect_info,approved,80,,,
faq-072,取消改期與不可抗力,平台訂房要怎麼取消？,平台訂房要如何取消｜平台預約要怎麼取消？,平台訂房請優先在平台訂單中操作取消或變更；平台政策與民宿直接訂房政策可能不同。,取消｜改期｜退款,direct,approved,80,,,
faq-073,取消改期與不可抗力,官網訂房要怎麼取消？,官網訂房要如何取消｜官網預約要怎麼取消？,請透過官方LINE、電話或訂房系統提出，並提供訂房姓名、日期、訂單編號、付款金額與退款帳戶資料。,取消｜改期｜退款,direct,approved,80,,,
faq-074,取消改期與不可抗力,退費多久會入帳？,,退款時間會依付款方式、銀行作業與民宿處理流程而不同；確認資料完整後會告知預計辦理時間。,退費｜取消｜改期｜退款,direct,approved,80,,,
faq-075,取消改期與不可抗力,取消訂房需要提供什麼資料？,取消訂房要提供什麼資料｜取消預約需要提供什麼資料,請透過官方LINE、電話或訂房系統提出，並提供訂房姓名、日期、訂單編號、付款金額與退款帳戶資料。,取消｜改期｜退款,direct,approved,80,,,
faq-076,入住退房與抵達,幾點可以入住？,什麼時間可以入住？,入住時間為 16:00–17:00。若需要提早抵達、先放行李或可能晚到，請提前告知管家，以便確認是否能配合。,入住｜退房｜抵達,direct,approved,80,,正式入住時間為16:00–17:00。,
faq-077,入住退房與抵達,幾點要退房？,什麼時間要退房｜幾點要退宿？,退房時間為隔日 12:00 前。離開前請歸還鑰匙並關閉非必要電源；冷氣無需關閉。,入住｜退房｜抵達,direct,approved,80,,正式退房時間為12:00前。,
faq-078,入住退房與抵達,可以提早入住嗎？,能不能提早入住？｜可不可以提早入住？,提早入住或提前使用公共空間需視前一晚房況與清潔進度而定，建議入住前1至2天再次確認。,提早入住｜退房｜抵達,direct,approved,80,,,
faq-079,入住退房與抵達,可以延後退房嗎？,能不能延後退房？｜可不可以延後退房？｜可以延後退宿嗎,延後退房需視後續訂房與清潔安排評估；若可延退，可能依公告加收延退費。,延後退房｜入住｜抵達,collect_info,approved,80,,,
faq-080,入住退房與抵達,最晚可以幾點入住？,最晚可以什麼時間入住？,正常入住時間為 16:00–17:00；若會晚於 17:00 抵達，請提前告知預計時間，由管家確認入住安排。,入住｜退房｜抵達,collect_info,approved,80,,原答案與正式入住時間衝突，已修正。,
faq-081,入住退房與抵達,晚上很晚到會影響入住嗎？,,若會晚到，請提前告知預計抵達時間；我們會依接待方式安排鑰匙、自助入住或管家協助，並請保持安靜。,晚到｜入住｜退房｜抵達,collect_info,approved,80,,,
faq-082,入住退房與抵達,入住當天需要帶什麼？,入住當天要帶什麼,請攜帶身分證明文件、訂房確認資料、付款尾款或付款證明，以及個人藥品與個人用品。,入住｜退房｜抵達,direct,approved,80,,,
faq-083,入住退房與抵達,入住需要出示身分證嗎？,入住要出示身分證嗎,民宿依法需登記住宿旅客資料；請出示身分證、護照或居留證等有效證件，資料會依個資規定妥善處理。,身分證｜入住｜退房｜抵達,ask_human,approved,80,,此題需人工依個案處理，不由慢寶直接承諾,
faq-084,入住退房與抵達,每個人都要登記資料嗎？,,民宿依法需登記住宿旅客資料；請出示身分證、護照或居留證等有效證件，資料會依個資規定妥善處理。,入住｜退房｜抵達,direct,approved,80,,,
faq-085,入住退房與抵達,外國旅客可以入住嗎？,,民宿依法需登記住宿旅客資料；請出示身分證、護照或居留證等有效證件，資料會依個資規定妥善處理。,入住｜退房｜抵達,direct,approved,80,,,
faq-086,入住退房與抵達,可以自助入住嗎？,能不能自助入住？｜可不可以自助入住？,若提供自助入住，會在入住前提供門禁、鑰匙盒或密碼說明；請勿轉傳給非入住者，退房後密碼會更新。,自助入住｜退房｜抵達,direct,approved,80,,,
faq-087,入住退房與抵達,鑰匙怎麼拿？,鑰匙如何拿,若提供自助入住，會在入住前提供門禁、鑰匙盒或密碼說明；請勿轉傳給非入住者，退房後密碼會更新。,鑰匙｜入住｜退房｜抵達,direct,approved,80,,,
faq-088,入住退房與抵達,門鎖密碼什麼時候給？,,若提供自助入住，會在入住前提供門禁、鑰匙盒或密碼說明；請勿轉傳給非入住者，退房後密碼會更新。,門鎖密碼｜入住｜退房｜抵達,direct,approved,80,,,
faq-089,入住退房與抵達,找不到民宿入口怎麼辦？,找不到民宿入口該怎麼處理？｜找不到民宿入口要如何處理｜找不到慢慢蒔光入口怎麼辦？,請依入住通知前往指定入口或報到位置；若找不到，請傳目前位置或直接撥打聯絡電話。,入住｜退房｜抵達,direct,approved,80,,,
faq-090,入住退房與抵達,抵達後要先去哪裡報到？,,請依入住通知前往指定入口或報到位置；若找不到，請傳目前位置或直接撥打聯絡電話。,入住｜退房｜抵達,direct,approved,80,,,
faq-091,入住退房與抵達,可以先放行李嗎？,能不能先放行李？｜可不可以先放行李？,可視當日人力與空間提供行李寄放；貴重物品請自行保管，並先告知抵達或取回時間。,入住｜退房｜抵達,direct,approved,80,,,
faq-092,入住退房與抵達,退房後可以寄放行李嗎？,退宿後可以寄放行李嗎,可視當日人力與空間提供行李寄放；貴重物品請自行保管，並先告知抵達或取回時間。,入住｜退房｜抵達,collect_info,approved,80,,,
faq-093,入住退房與抵達,退房流程是什麼？,退宿流程是什麼,退房前請確認個人物品、關閉電器與門窗、垃圾依指定方式處理，並依指示歸還鑰匙或完成自助退房。,入住｜退房｜抵達,direct,approved,80,,,
faq-094,入住退房與抵達,退房需要檢查房間嗎？,退房要檢查房間嗎｜退宿需要檢查房間嗎,退房前請確認個人物品、關閉電器與門窗、垃圾依指定方式處理，並依指示歸還鑰匙或完成自助退房。,入住｜退房｜抵達,direct,approved,80,,,
faq-095,入住退房與抵達,忘記退房時間怎麼辦？,忘記退房時間該怎麼處理？｜忘記退房時間要如何處理｜忘記退宿時間怎麼辦？,退房時間為隔日 12:00 前。若忘記或可能延後，請立即聯繫管家確認；未經同意延遲退房可能影響清潔與下一組入住安排。,退房時間｜入住｜抵達,direct,approved,80,,原答案未回答退房時間。,
faq-096,入住退房與抵達,退房可以不用見到管家嗎？,退宿可以不用見到管家嗎,退房前請確認個人物品、關閉電器與門窗、垃圾依指定方式處理，並依指示歸還鑰匙或完成自助退房。,管家｜入住｜退房｜抵達,direct,approved,80,,,
faq-097,入住退房與抵達,提早到可以使用公共空間嗎？,,提早入住或提前使用公共空間需視前一晚房況與清潔進度而定，建議入住前1至2天再次確認。,公共空間｜入住｜退房｜抵達,direct,approved,80,,,
faq-098,入住退房與抵達,退房後還可以使用設施嗎？,退宿後還可以使用設施嗎,退房後通常不再開放使用房間與公共設施，以利清潔與準備下一組客人；特殊需求請先詢問。,入住｜退房｜抵達,collect_info,approved,80,,答案可使用，但需提醒依當期資訊確認,
faq-099,入住退房與抵達,入住前會提供哪些資訊？,,入住前通常會提供地址、導航、停車、入住時間、門禁、Wi-Fi、設備使用、退房流程與緊急聯絡方式。,入住｜退房｜抵達,direct,approved,80,,,
faq-100,入住退房與抵達,入住當天聯絡不到怎麼辦？,入住當天聯絡不到該怎麼處理？｜入住當天聯絡不到要如何處理,請先確認使用官方電話或LINE；緊急狀況依入住通知中的備用電話或緊急聯絡方式處理。,入住｜退房｜抵達,direct,approved,80,,,
faq-101,交通停車與周邊,民宿地址在哪裡？,慢慢蒔光地址在哪裡？,訂房確認後會提供地址、Google地圖連結與建議路線；建議直接點官方定位，避免導航到相近地點。,地址｜交通｜停車｜周邊,direct,approved,80,,,
faq-102,交通停車與周邊,導航要輸入什麼？,,訂房確認後會提供地址、Google地圖連結與建議路線；建議直接點官方定位，避免導航到相近地點。,導航｜交通｜停車｜周邊,direct,approved,80,,,
faq-103,交通停車與周邊,開車怎麼到？,開車如何到,訂房確認後會提供地址、Google地圖連結與建議路線；建議直接點官方定位，避免導航到相近地點。,開車｜交通｜停車｜周邊,direct,approved,80,,,
faq-104,交通停車與周邊,有停車位嗎？,請問有停車位嗎｜停車位有提供嗎,請先提供車輛數與車型；停車位置、可停台數、是否收費與電動車充電限制，以民宿公告為準。,停車位｜交通｜周邊,direct,needs_review,80,,待屋主確認實際規則、設備或當期資訊,
faq-105,交通停車與周邊,停車要收費嗎？,,請先提供車輛數與車型；停車位置、可停台數、是否收費與電動車充電限制，以民宿公告為準。,停車｜交通｜周邊,direct,approved,80,,,
faq-106,交通停車與周邊,可以停幾台車？,能不能停幾台車？｜可不可以停幾台車？,請先提供車輛數與車型；停車位置、可停台數、是否收費與電動車充電限制，以民宿公告為準。,交通｜停車｜周邊,collect_info,approved,80,,,
faq-107,交通停車與周邊,休旅車或九人座可以停嗎？,,請先提供車輛數與車型；停車位置、可停台數、是否收費與電動車充電限制，以民宿公告為準。,交通｜停車｜周邊,direct,approved,80,,,
faq-108,交通停車與周邊,電動車可以充電嗎？,,請先提供車輛數與車型；停車位置、可停台數、是否收費與電動車充電限制，以民宿公告為準。,電動車｜充電｜交通｜停車｜周邊,direct,approved,80,,,
faq-109,交通停車與周邊,可以騎機車去嗎？,能不能騎機車去？｜可不可以騎機車去？,請先提供車輛數與車型；停車位置、可停台數、是否收費與電動車充電限制，以民宿公告為準。,機車｜交通｜停車｜周邊,direct,approved,80,,,
faq-110,交通停車與周邊,搭火車怎麼到？,搭火車如何到,目前尚未建立固定的火車轉乘說明。請告知抵達車站、日期與預計時間，管家可協助提供當期叫車、租車或轉乘建議。,火車｜交通｜停車｜周邊,collect_info,needs_review,80,,原答案誤答成停車資訊；需確認最近車站與路線。,
faq-111,交通停車與周邊,搭高鐵怎麼到？,搭高鐵如何到,可依您的抵達站點與時間提供轉乘、叫車或租車建議；接駁是否提供及費用需事前確認。,高鐵｜交通｜停車｜周邊,direct,approved,80,,,
faq-112,交通停車與周邊,附近有公車嗎？,,附近公車路線、班次與步行距離尚未完成正式確認。請告知出發地與抵達時間，由管家協助提供當期交通建議。,公車｜交通｜停車｜周邊,collect_info,needs_review,80,,原答案誤答成停車資訊；需查證公車資訊。,
faq-113,交通停車與周邊,有接駁服務嗎？,請問有接駁服務嗎｜接駁服務有提供嗎,可依您的抵達站點與時間提供轉乘、叫車或租車建議；接駁是否提供及費用需事前確認。,接駁｜交通｜停車｜周邊,collect_info,needs_review,80,,待屋主確認實際規則、設備或當期資訊,
faq-114,交通停車與周邊,可以幫忙叫計程車嗎？,能不能幫忙叫計程車？｜可不可以幫忙叫計程車？,可以協助提供叫車資訊或聯繫車行，但是否能叫到車、等待時間與車資由車行決定。請提前提供用車日期、時間、人數與目的地。,計程車｜交通｜停車｜周邊,collect_info,approved,80,,原答案誤答成停車資訊。,
faq-115,交通停車與周邊,附近租車方便嗎？,,附近租車門市、取還車方式與營業時間會變動，目前尚未建立固定合作資訊。請告知抵達方式與日期，由管家提供當期建議。,租車｜交通｜停車｜周邊,collect_info,needs_review,80,,原答案誤答成停車資訊。,
faq-116,交通停車與周邊,路好開嗎？,,請依官方路線慢速行駛；若遇豪雨、颱風或道路封閉，請先聯繫民宿確認是否適合前往。,交通｜停車｜周邊,direct,approved,80,,,
faq-117,交通停車與周邊,下雨天路況會不會危險？,,請依官方路線慢速行駛；若遇豪雨、颱風或道路封閉，請先聯繫民宿確認是否適合前往。,路況｜交通｜停車｜周邊,direct,approved,80,,,
faq-118,交通停車與周邊,附近有超商嗎？,,可提供最近超商、餐廳、賣場、外送範圍或加油站資訊；郊區夜間店家較少，建議入住前先採買。,超商｜交通｜停車｜周邊,collect_info,needs_review,80,,待屋主確認實際規則、設備或當期資訊,
faq-119,交通停車與周邊,附近有餐廳嗎？,,可提供最近超商、餐廳、賣場、外送範圍或加油站資訊；郊區夜間店家較少，建議入住前先採買。,餐廳｜交通｜停車｜周邊,collect_info,needs_review,80,,待屋主確認實際規則、設備或當期資訊,
faq-120,交通停車與周邊,附近有市場或賣場嗎？,,可提供最近超商、餐廳、賣場、外送範圍或加油站資訊；郊區夜間店家較少，建議入住前先採買。,賣場｜交通｜停車｜周邊,collect_info,needs_review,80,,待屋主確認實際規則、設備或當期資訊,
faq-121,交通停車與周邊,附近晚上買東西方便嗎？,,可提供最近超商、餐廳、賣場、外送範圍或加油站資訊；郊區夜間店家較少，建議入住前先採買。,交通｜停車｜周邊,collect_info,approved,80,,,
faq-122,交通停車與周邊,民宿附近會不會很偏僻？,慢慢蒔光附近會不會很偏僻？,可依您的交通方式、抵達時間與回程方向，提供最順路的交通與周邊建議。,交通｜停車｜周邊,collect_info,approved,80,,,
faq-123,交通停車與周邊,叫外送方便嗎？,,可提供最近超商、餐廳、賣場、外送範圍或加油站資訊；郊區夜間店家較少，建議入住前先採買。,外送｜交通｜停車｜周邊,direct,needs_review,80,,待屋主確認實際規則、設備或當期資訊,
faq-124,交通停車與周邊,附近有加油站嗎？,,可提供最近超商、餐廳、賣場、外送範圍或加油站資訊；郊區夜間店家較少，建議入住前先採買。,加油站｜交通｜停車｜周邊,collect_info,needs_review,80,,待屋主確認實際規則、設備或當期資訊,
faq-125,交通停車與周邊,退房後去景點順路嗎？,退宿後去景點順路嗎,是否順路需依你的下一站、交通方式與當日路況判斷。請提供想去的景點或回程方向，管家可協助提供較順路的行程建議。,景點｜交通｜停車｜周邊,collect_info,approved,80,,原答案誤答成道路安全提醒。,
faq-126,人數房型與包棟,最多可以住幾人？,,入住人數需依民宿核定、房型配置與安全規定；超過最大容納人數通常不接受，請如實告知大人小孩人數。,人數｜房型｜包棟,collect_info,approved,80,,答案可使用，但需提醒依當期資訊確認,
faq-127,人數房型與包棟,基本人數是幾人？,,入住人數需依民宿核定、房型配置與安全規定；超過最大容納人數通常不接受，請如實告知大人小孩人數。,基本人數｜房型｜包棟,collect_info,approved,80,,答案可使用，但需提醒依當期資訊確認,
faq-128,人數房型與包棟,可以超過最大人數入住嗎？,能不能超過最大人數入住？｜可不可以超過最大人數入住？,入住人數需依民宿核定、房型配置與安全規定；超過最大容納人數通常不接受，請如實告知大人小孩人數。,最大人數｜房型｜包棟,direct,approved,80,,答案可使用，但需提醒依當期資訊確認,
faq-129,人數房型與包棟,小孩不佔床可以不算嗎？,,小孩是否計入人數需依年齡、身高與是否佔床判斷；請提供年齡方便確認費用與備品。,人數｜房型｜包棟,collect_info,approved,80,,答案可使用，但需提醒依當期資訊確認,
faq-130,人數房型與包棟,房間怎麼分配？,房間如何分配,可依家庭組成、長輩需求、床型與衛浴配置協助建議；實際房數與床型以官網或民宿回覆為準。,人數｜房型｜包棟,collect_info,approved,80,,,
faq-131,人數房型與包棟,有幾間房？,請問有幾間房？｜幾間房有提供嗎,慢慢蒔光目前對外提供 5 間主題房，主要以包棟 villa 方式接待。若當期有開放單間客房，會依後台設定與房況確認。,人數｜房型｜包棟,direct,approved,80,,對外房間數為5間。,
faq-132,人數房型與包棟,每間房有獨立衛浴嗎？,,每間房是否配置獨立衛浴需依實際房型確認。目前建議先提供入住人數、長輩與使用需求，由管家說明各房型衛浴配置。,獨立衛浴｜人數｜房型｜包棟,collect_info,needs_review,80,,需確認每間房的衛浴配置。,
faq-133,人數房型與包棟,有一樓房間嗎？,請問有一樓房間嗎｜一樓房間有提供嗎,是否有一樓客房需依實際房型配置確認。若有長輩、幼兒或行動不便者，請先告知需求，由管家協助安排合適房間。,一樓房間｜人數｜房型｜包棟,collect_info,needs_review,80,,需確認一樓房間配置。,
faq-134,人數房型與包棟,有雙人房嗎？,請問有雙人房嗎｜雙人房有提供嗎,是否開放雙人房及可入住人數需依當期房型與單間開放狀況確認。請提供日期與人數，由管家協助安排。,雙人房｜人數｜房型｜包棟,collect_info,needs_review,80,,需確認實際床型與單間開放方式。,
faq-135,人數房型與包棟,有四人房嗎？,請問有四人房嗎｜四人房有提供嗎,是否有四人房及實際床型需依房型配置確認。請提供日期與入住人數，由管家協助說明適合的房間安排。,四人房｜人數｜房型｜包棟,collect_info,needs_review,80,,需確認實際床型。,
faq-136,人數房型與包棟,床型可以選嗎？,,可依家庭組成、長輩需求、床型與衛浴配置協助建議；實際房數與床型以官網或民宿回覆為準。,床型｜人數｜房型｜包棟,direct,approved,80,,,
faq-137,人數房型與包棟,可以加被子嗎？,能不能加被子？｜可不可以加被子？,如需加被子，請提前告知需要數量；是否可提供及是否收費，需依現場備品與入住人數由管家確認。,加被子｜人數｜房型｜包棟,collect_info,approved,80,,原答案過度籠統。,
faq-138,人數房型與包棟,可以加枕頭嗎？,能不能加枕頭？｜可不可以加枕頭？,如需加枕頭，請提前告知需要數量；是否可提供及是否收費，需依現場備品與入住人數由管家確認。,加枕頭｜人數｜房型｜包棟,collect_info,approved,80,,原答案過度籠統。,
faq-139,人數房型與包棟,房間可以換床位嗎？,,「房間可以換床位嗎」需依實際房型與現場配置確認，請告知入住日期、人數與需求，由管家提供最準確說明。,人數｜房型｜包棟,direct,approved,80,,答案可使用，但需提醒依當期資訊確認,
faq-140,人數房型與包棟,可以臨時增加人入住嗎？,能不能臨時增加人入住？｜可不可以臨時增加人入住？,請先提供入住人數、房型偏好與活動需求，我們會建議最合適的房型或包棟配置。,人數｜房型｜包棟,collect_info,approved,80,,,
faq-141,人數房型與包棟,沒有過夜的訪客可以來嗎？,,可以，但訪客需事前告知。每位訪客酌收 600 元，並請於 23:00 前離開；訪客不得擅自留宿或使用未開放設施。,訪客｜人數｜房型｜包棟,direct,approved,80,,正式訪客規則：每位600元、23:00前離開。,
faq-142,人數房型與包棟,朋友可以白天來玩嗎？,,可以，但白天來訪也需事前告知。每位訪客酌收 600 元，並請於 23:00 前離開；實際人數與使用空間需由管家確認。,人數｜房型｜包棟,collect_info,approved,80,,正式訪客規則：每位600元、23:00前離開。,
faq-143,人數房型與包棟,可以辦活動或聚會嗎？,能不能辦活動或聚會？｜可不可以辦活動或聚會？,請先提供活動內容、人數、時段、布置與外部廠商需求；民宿會評估安全、音量、停車與清潔規範後回覆。,聚會｜活動｜人數｜房型｜包棟,collect_info,approved,80,,,
faq-144,人數房型與包棟,求婚或生日派對可以嗎？,,請先提供活動內容、人數、時段、布置與外部廠商需求；民宿會評估安全、音量、停車與清潔規範後回覆。,生日派對｜求婚｜人數｜房型｜包棟,direct,approved,80,,,
faq-145,人數房型與包棟,可以商業拍攝嗎？,能不能商業拍攝？｜可不可以商業拍攝？,請先提供活動內容、人數、時段、布置與外部廠商需求；民宿會評估安全、音量、停車與清潔規範後回覆。,商業拍攝｜人數｜房型｜包棟,collect_info,approved,80,,,
faq-146,人數房型與包棟,可以拍婚紗嗎？,能不能拍婚紗？｜可不可以拍婚紗？,請先提供活動內容、人數、時段、布置與外部廠商需求；民宿會評估安全、音量、停車與清潔規範後回覆。,婚紗｜人數｜房型｜包棟,direct,approved,80,,,
faq-147,人數房型與包棟,包棟可不可以只住少人數？,,包棟通常以整棟方案計價，可詢問少人數或分區方案；實際開放範圍與價格以民宿回覆為準。,包棟｜人數｜房型,collect_info,approved,80,,,
faq-148,人數房型與包棟,包棟可以分房收費嗎？,,包棟通常以整棟方案計價，不會依實際使用房間數逐間拆分。若有少人數或特殊需求，請提供日期與人數，由管家確認是否有適合方案。,包棟｜人數｜房型,collect_info,approved,80,,原答案未回答分房收費。,
faq-149,人數房型與包棟,可以只租公共空間不住宿嗎？,能不能只租公共空間不住宿？｜可不可以只租公共空間不住宿？,目前是否開放只租公共空間需依活動內容、日期、人數、時段與場地規範確認。請先提供需求，由管家評估是否可承接及報價。,公共空間｜人數｜房型｜包棟,collect_info,approved,80,,原答案未回答公共空間租借。,
faq-150,人數房型與包棟,管家會住在裡面嗎？,,管家有獨立出入口與工作安排，不會任意進入客人使用空間。包棟期間會保留客人隱私，必要協助會透過官方 LINE 或現場約定方式聯繫。,管家｜人數｜房型｜包棟,direct,approved,80,,管家房為獨立出入口。,
faq-151,房間設備與備品,房間有冷氣嗎？,,設備依房型頁與現場配置為準；入住後若不會操作，可查看房內說明或聯繫民宿協助。,冷氣｜房間設備｜備品,direct,approved,80,,,
faq-152,房間設備與備品,冷氣怎麼開？,冷氣如何開,設備依房型頁與現場配置為準；入住後若不會操作，可查看房內說明或聯繫民宿協助。,冷氣｜房間設備｜備品,direct,approved,80,,,
faq-153,房間設備與備品,房間有暖氣嗎？,,設備依房型頁與現場配置為準；入住後若不會操作，可查看房內說明或聯繫民宿協助。,暖氣｜房間設備｜備品,direct,approved,80,,,
faq-154,房間設備與備品,有Wi-Fi嗎？,請問有Wi-Fi嗎｜Wi-Fi有提供嗎,有 Wi-Fi。帳號與密碼會於入住資訊或房內公告提供；若連線異常，請通知管家協助檢查。,Wi-Fi｜房間設備｜備品,direct,approved,80,,已確認提供Wi-Fi。,
faq-155,房間設備與備品,Wi-Fi密碼是多少？,,Wi-Fi帳號密碼會在入住資訊或房內公告提供；若連線異常請通知民宿協助檢查。,Wi-Fi｜房間設備｜備品,direct,approved,80,,,
faq-156,房間設備與備品,房間有電視嗎？,,有電視。可使用的頻道與影音功能依現場設備及正式入住說明為準；若使用個人串流帳號，退房前請記得登出。,電視｜房間設備｜備品,direct,approved,80,,已確認房內有電視。,
faq-157,房間設備與備品,電視怎麼操作？,電視如何操作,電視與串流服務依房型設備為準；若需使用個人帳號，退房前請記得登出。,電視｜房間設備｜備品,direct,approved,80,,,
faq-158,房間設備與備品,有Netflix嗎？,請問有Netflix嗎｜Netflix有提供嗎,電視與串流服務依房型設備為準；若需使用個人帳號，退房前請記得登出。,Netflix｜房間設備｜備品,direct,approved,80,,,
faq-159,房間設備與備品,房間有冰箱嗎？,,房內是否設置冰箱需依房型與現場配置確認。若有冷藏需求，請在訂房前告知，由管家說明可使用的冷藏空間。,冰箱｜房間設備｜備品,collect_info,needs_review,80,,需確認房內冰箱配置。,
faq-160,房間設備與備品,有熱水壺嗎？,請問有熱水壺嗎｜熱水壺有提供嗎,熱水壺是否提供及放置位置需依房型與現場配置確認。請在入住前向管家確認，入住後也可查看房內說明。,熱水壺｜房間設備｜備品,direct,needs_review,80,,需確認熱水壺配置。,
faq-161,房間設備與備品,有吹風機嗎？,請問有吹風機嗎｜吹風機有提供嗎,吹風機為住宿常用備品，但實際數量與放置位置需依房型確認。使用時請在梳妝台區操作，避免在潮濕區域使用。,吹風機｜房間設備｜備品,direct,approved,80,,正式規則要求吹風機於梳妝台使用。,
faq-162,房間設備與備品,有毛巾浴巾嗎？,請問有毛巾浴巾嗎｜毛巾浴巾有提供嗎,備品提供依民宿規定；因環保政策，部分一次性用品可能不主動提供，建議自備個人盥洗用品。,浴巾｜毛巾｜房間設備｜備品,direct,needs_review,80,,待屋主確認實際規則、設備或當期資訊,
faq-163,房間設備與備品,有牙刷牙膏嗎？,請問有牙刷牙膏嗎｜牙刷牙膏有提供嗎,備品提供依民宿規定；因環保政策，部分一次性用品可能不主動提供，建議自備個人盥洗用品。,牙膏｜牙刷｜房間設備｜備品,direct,needs_review,80,,待屋主確認實際規則、設備或當期資訊,
faq-164,房間設備與備品,有洗髮精沐浴乳嗎？,請問有洗髮精沐浴乳嗎｜洗髮精沐浴乳有提供嗎,備品提供依民宿規定；因環保政策，部分一次性用品可能不主動提供，建議自備個人盥洗用品。,洗髮精｜沐浴乳｜房間設備｜備品,direct,needs_review,80,,待屋主確認實際規則、設備或當期資訊,
faq-165,房間設備與備品,有洗衣機嗎？,請問有洗衣機嗎｜洗衣機有提供嗎,洗衣機是否開放旅客使用需依現場規範確認。若有洗衣需求，請提前告知入住天數與需求，由管家說明可用方式。,洗衣機｜房間設備｜備品,collect_info,needs_review,80,,需確認洗衣機是否開放。,
faq-166,房間設備與備品,有曬衣空間嗎？,請問有曬衣空間嗎｜曬衣空間有提供嗎,曬衣空間與可使用範圍需依現場配置確認。若有長住或大量衣物需求，請提前告知管家。,曬衣空間｜房間設備｜備品,collect_info,needs_review,80,,需確認曬衣空間。,
faq-167,房間設備與備品,房間有插座嗎？,,請勿自行使用高功率電器或不合格延長線；如需多孔插座或特殊用電請先詢問。,插座｜房間設備｜備品,collect_info,approved,80,,答案可使用，但需提醒依當期資訊確認,
faq-168,房間設備與備品,可以使用延長線嗎？,能不能使用延長線？｜可不可以使用延長線？,請勿自行使用高功率電器或不合格延長線；如需多孔插座或特殊用電請先詢問。,延長線｜房間設備｜備品,collect_info,approved,80,,答案可使用，但需提醒依當期資訊確認,
faq-169,房間設備與備品,可以帶自己的電器嗎？,能不能帶自己的電器？｜可不可以帶自己的電器？,請勿自行使用高功率電器或不合格延長線；如需多孔插座或特殊用電請先詢問。,房間設備｜備品,collect_info,approved,80,,答案可使用，但需提醒依當期資訊確認,
faq-170,房間設備與備品,房間隔音好嗎？,,民宿多為住宅型建築，隔音不一定等同飯店；晚間請降低音量，共同維持安寧。,隔音｜房間設備｜備品,direct,approved,80,,,
faq-171,房間設備與備品,房間有窗簾遮光嗎？,,遮光與床墊軟硬屬房型與個人感受差異；若有睡眠需求，建議訂房前先詢問適合房型。,窗簾｜房間設備｜備品,direct,approved,80,,,
faq-172,房間設備與備品,床墊軟硬度如何？,,遮光與床墊軟硬屬房型與個人感受差異；若有睡眠需求，建議訂房前先詢問適合房型。,床墊｜房間設備｜備品,direct,approved,80,,,
faq-173,房間設備與備品,房間有蚊子或昆蟲嗎？,,鄉間或自然環境難免有小昆蟲，民宿會盡力清潔與防治；建議關好紗窗門窗並自備防蚊用品。,昆蟲｜房間設備｜備品,direct,approved,80,,,
faq-174,房間設備與備品,房內可以吃東西嗎？,,房內可簡單飲食但請保持清潔；為安全與氣味考量，房內通常禁止煮食，請使用指定廚房。,房間設備｜備品,direct,approved,80,,,
faq-175,房間設備與備品,房內可以煮食嗎？,,房內可簡單飲食但請保持清潔；為安全與氣味考量，房內通常禁止煮食，請使用指定廚房。,房間設備｜備品,direct,approved,80,,,
faq-176,公共空間與設施,公共空間有哪些？,,公共空間包含客廳、開放式廚房、餐桌區、麻將房及戶外區域等；實際開放範圍與使用時間請依入住說明。,公共空間｜設施,direct,approved,80,,依已確認設施整理。,
faq-177,公共空間與設施,客廳可以使用到幾點？,客廳可以使用到什麼時間？,客廳可依住宿期間正常使用，但晚上 22:00 後請降低音量；22:00–08:00 禁止喧嘩及使用音響或擴音設備。,客廳｜公共空間｜設施,direct,approved,80,,正式安靜時段。,
faq-178,公共空間與設施,廚房可以使用嗎？,,可以使用開放式廚房，現場提供餐具、廚具、微波爐與電鍋。請依入住說明使用，使用後清洗、歸位並保持基本整潔。,廚房｜公共空間｜設施,direct,approved,80,,正式設施包含開放式廚房、餐具廚具、微波爐與電鍋。,
faq-179,公共空間與設施,餐廳區可以聚餐嗎？,,公共空間依民宿配置開放，使用時請遵守時間、音量、清潔與安全規範，晚間請降低音量。,餐廳區｜公共空間｜設施,direct,approved,80,,,
faq-180,公共空間與設施,公共冰箱可以放東西嗎？,,廚房與餐飲設備是否開放、可用範圍與清潔方式依民宿公告；使用後請清洗歸位。,公共冰箱｜公共空間｜設施,direct,approved,80,,,
faq-181,公共空間與設施,有飲水機嗎？,請問有飲水機嗎｜飲水機有提供嗎,是否設有飲水機需依現場設備確認。入住前可詢問飲用水提供方式，入住後請依房內或廚房說明使用。,飲水機｜公共空間｜設施,direct,needs_review,80,,需確認飲水機設備。,
faq-182,公共空間與設施,有咖啡或茶嗎？,請問有咖啡或茶嗎｜咖啡或茶有提供嗎,咖啡或茶是否提供及品項會依當期備品為準。若有特定需求，請在入住前向管家確認。,咖啡｜茶｜公共空間｜設施,direct,needs_review,80,,需確認當期備品。,
faq-183,公共空間與設施,可以使用公共杯盤嗎？,能不能使用公共杯盤？｜可不可以使用公共杯盤？,廚房與餐飲設備是否開放、可用範圍與清潔方式依民宿公告；使用後請清洗歸位。,杯盤｜公共空間｜設施,direct,approved,80,,,
faq-184,公共空間與設施,可以借桌遊嗎？,能不能借桌遊？｜可不可以借桌遊？,是否提供桌遊及實際種類需依現場配置確認；若有提供，使用後請確認配件完整並放回原位。,桌遊｜公共空間｜設施,direct,needs_review,80,,需確認桌遊清單。,
faq-185,公共空間與設施,有兒童玩具嗎？,請問有兒童玩具嗎｜兒童玩具有提供嗎,是否提供兒童玩具及適用年齡需依現場配置確認。請告知孩子年齡與需求，由管家確認可用備品。,兒童玩具｜公共空間｜設施,collect_info,needs_review,80,,需確認兒童玩具。,
faq-186,公共空間與設施,有電梯嗎？,請問有電梯嗎｜電梯有提供嗎,目前是否設有電梯需依建物實際配置確認。若有長輩、輪椅或行動不便者，請在訂房前告知，由管家說明樓層與動線。,電梯｜公共空間｜設施,collect_info,needs_review,80,,需確認電梯配置。,
faq-187,公共空間與設施,公共空間可以拍照嗎？,,公共空間依民宿配置開放，使用時請遵守時間、音量、清潔與安全規範，晚間請降低音量。,公共空間｜拍照｜設施,direct,approved,80,,,
faq-188,公共空間與設施,可以移動家具嗎？,能不能移動家具？｜可不可以移動家具？,個人拍照可正常進行，但布置、明火、香氛或移動家具需事前同意，不得傷牆、殘膠或造成清潔負擔。,移動家具｜公共空間｜設施,direct,approved,80,,,
faq-189,公共空間與設施,可以布置公共空間嗎？,能不能布置公共空間？｜可不可以布置公共空間？,公共空間布置需事前申請。請提供活動類型、時間、布置內容與外部廠商需求，由管家確認可使用區域及不得傷牆、殘膠或造成清潔負擔的規範。,公共空間｜布置｜設施,collect_info,approved,80,,原答案未完整回答布置問題。,
faq-190,公共空間與設施,可以點蠟燭嗎？,能不能點蠟燭？｜可不可以點蠟燭？,不可以。全館禁止明火，因此不可點蠟燭；如有生日或求婚布置需求，請提前告知，由管家協助提供安全替代方式。,蠟燭｜公共空間｜設施,direct,approved,80,,正式規則：全館禁止明火。,
faq-191,公共空間與設施,可以使用香氛或擴香嗎？,能不能使用香氛或擴香？｜可不可以使用香氛或擴香？,個人拍照可正常進行，但布置、明火、香氛或移動家具需事前同意，不得傷牆、殘膠或造成清潔負擔。,香氛｜公共空間｜設施,direct,approved,80,,,
faq-192,公共空間與設施,公共區域有冷氣嗎？,,公共區域冷氣與燈光請依使用時間與節能規範操作；離開或睡前請關閉非必要電源。,公共區域｜冷氣｜公共空間｜設施,direct,approved,80,,,
faq-193,公共空間與設施,公共區域燈光可以整晚開嗎？,,公共區域冷氣與燈光請依使用時間與節能規範操作；離開或睡前請關閉非必要電源。,公共區域｜公共空間｜設施,direct,approved,80,,,
faq-194,公共空間與設施,垃圾要丟哪裡？,,請依民宿標示分類一般垃圾、回收、玻璃與廚餘，並放置於指定位置。,垃圾｜公共空間｜設施,direct,approved,80,,,
faq-195,公共空間與設施,資源回收怎麼分類？,資源回收如何分類,請依民宿標示分類一般垃圾、回收、玻璃與廚餘，並放置於指定位置。,資源回收｜公共空間｜設施,direct,approved,80,,,
faq-196,公共空間與設施,公共空間髒了怎麼辦？,公共空間髒了該怎麼處理？｜公共空間髒了要如何處理,若公共空間出現髒污、打翻或需要清潔，請先避免擴散並立即通知管家；若為自己造成的髒污，也請協助簡單處理並告知狀況。,公共空間｜設施,direct,approved,80,,原答案過度籠統。,
faq-197,公共空間與設施,設施壞掉怎麼辦？,設施壞掉該怎麼處理？｜設施壞掉要如何處理,若公共空間髒污、打翻或設備故障，請立即拍照並通知民宿，以便即時處理。,公共空間｜設施,direct,approved,80,,,
faq-198,公共空間與設施,公共區可以穿室外鞋嗎？,,請依現場標示換鞋與使用公共物品；物品使用後請放回原處，避免其他住客找不到。,公共空間｜設施,direct,approved,80,,,
faq-199,公共空間與設施,可以把公共物品拿進房間嗎？,能不能把公共物品拿進房間？｜可不可以把公共物品拿進房間？,請依現場標示換鞋與使用公共物品；物品使用後請放回原處，避免其他住客找不到。,公共空間｜設施,direct,approved,80,,,
faq-200,公共空間與設施,公共空間有監視器嗎？,,公共空間與出入口設有監視設備，主要用於安全與出入口管理；客房與浴室等私人空間不會設置監視器。,公共空間｜監視器｜設施,direct,approved,80,,正式規則：公共空間有監視設備，房內沒有。,
faq-201,早餐餐飲與廚房,有附早餐嗎？,請問有附早餐嗎｜附早餐有提供嗎,早餐為加購項目，由星光管家於 08:30 送至餐桌。若需要早餐或希望提早用餐，請提前告知份數與需求，由管家確認供應安排。,早餐｜餐飲｜廚房,collect_info,approved,80,,正式早餐規則：加購、08:30送達。,
faq-202,早餐餐飲與廚房,早餐幾點供應？,早餐什麼時間供應,早餐預定於 08:30 送至餐桌。若需要提早用餐，請提前告知，由管家確認是否能配合。,早餐｜餐飲｜廚房,collect_info,approved,80,,正式早餐時間為08:30。,
faq-203,早餐餐飲與廚房,早餐可以素食嗎？,,可以先提出素食或特殊飲食需求；能否代訂素食早餐需依合作店家菜單與當日供應狀況確認。,早餐｜素食｜餐飲｜廚房,collect_info,approved,80,,答案可使用，但需提醒依當期資訊確認,
faq-204,早餐餐飲與廚房,可以代訂早餐嗎？,能不能代訂早餐？｜可不可以代訂早餐？,可以提出早餐代訂需求。請提前告知份數、用餐時間及特殊飲食需求；實際品項、費用與截止時間由管家確認。,代訂早餐｜餐飲｜廚房,collect_info,approved,80,,早餐為加購，內容與費用需確認。,
faq-205,早餐餐飲與廚房,早餐一份多少錢？,早餐一份費用是多少？,早餐為加購項目，目前沒有可直接對外承諾的固定價格。請提供入住日期與需要份數，由管家確認當期品項與費用。,早餐｜餐飲｜廚房,collect_info,approved,80,,原答案約250元與正式規則衝突，已移除固定價格。,
faq-206,早餐餐飲與廚房,可以自己煮早餐嗎？,能不能自己煮早餐？｜可不可以自己煮早餐？,是否可自行準備早餐需依廚房開放範圍與使用規範。可使用開放式廚房的核准設備，但請遵守清潔與安全規定。,早餐｜餐飲｜廚房,direct,needs_review,80,,需確認早餐自煮與廚房規範。,
faq-207,早餐餐飲與廚房,廚房有哪些設備？,,廚房為開放式廚房，提供餐具、廚具、微波爐與電鍋。其他設備與可使用範圍請依入住說明，使用後請清洗並歸位。,廚房｜早餐｜餐飲,direct,approved,80,,正式設備清單已確認。,
faq-208,早餐餐飲與廚房,有鍋具可以用嗎？,請問有鍋具可以用嗎｜鍋具可以用有提供嗎,若開放廚房，請依使用時間、器具範圍與清潔規範操作；房內通常禁止煮食。,鍋具｜早餐｜餐飲｜廚房,direct,needs_review,80,,待屋主確認實際規則、設備或當期資訊,
faq-209,早餐餐飲與廚房,可以煮火鍋嗎？,能不能煮火鍋？｜可不可以煮火鍋？,是否可煮火鍋需依廚房與明火規範確認。全館禁止明火，未經管家確認不可自行使用卡式爐或其他加熱設備。,火鍋｜早餐｜餐飲｜廚房,ask_human,approved,80,,涉及明火與設備安全，需管家確認。,
faq-210,早餐餐飲與廚房,可以代訂烤肉食材嗎？,能不能代訂烤肉食材？｜可不可以代訂烤肉食材？,是否提供烤肉食材代訂需依當期合作店家與服務內容確認。請提供人數、日期、預算與飲食需求，由管家確認可否代訂及費用。,烤肉食材｜早餐｜餐飲｜廚房,collect_info,needs_review,80,,需確認是否有代訂服務。,
faq-211,早餐餐飲與廚房,烤肉設備有提供嗎？,,烤肉需事前確認場地、設備、費用、天候限制與炭灰垃圾處理方式；未確認前請勿自行生火。,烤肉設備｜早餐｜餐飲｜廚房,direct,approved,80,,,
faq-212,早餐餐飲與廚房,可以叫外燴嗎？,能不能叫外燴？｜可不可以叫外燴？,外燴需事前申請。請提供日期、人數、進場時間、設備與餐飲需求，由管家確認場地、垃圾、用電與清潔規範。,外燴｜早餐｜餐飲｜廚房,collect_info,approved,80,,需事前評估外燴安排。,
faq-213,早餐餐飲與廚房,可以叫外送嗎？,能不能叫外送？｜可不可以叫外送？,可提供附近餐廳、外送範圍或外燴注意事項；熱門餐廳與外燴建議提前訂位或預約。,外送｜早餐｜餐飲｜廚房,direct,approved,80,,,
faq-214,早餐餐飲與廚房,附近有推薦餐廳嗎？,,附近餐廳與營業時間會變動。請告知用餐日期、時段、人數、是否攜帶寵物及飲食偏好，管家可提供當期方向建議。,餐廳｜早餐｜餐飲｜廚房,collect_info,approved,80,,動態資訊需依需求提供。,
faq-215,早餐餐飲與廚房,可以幫忙訂餐廳嗎？,能不能幫忙訂餐廳？｜可不可以幫忙訂餐廳？,可以協助提供訂位資訊或聯繫方向，但是否代訂需依當期服務與店家規定確認。請提供日期、時段、人數與餐廳偏好。,餐廳｜早餐｜餐飲｜廚房,collect_info,needs_review,80,,需確認是否提供代訂餐廳服務。,
faq-216,早餐餐飲與廚房,可以在房間吃泡麵嗎？,能不能在房間吃泡麵？｜可不可以在房間吃泡麵？,可簡單飲食與理性飲酒，但請避免味道殘留、喧嘩、酒後駕車與垃圾未處理。,泡麵｜早餐｜餐飲｜廚房,direct,approved,80,,,
faq-217,早餐餐飲與廚房,可以帶酒嗎？,能不能帶酒？｜可不可以帶酒？,可簡單飲食與理性飲酒，但請避免味道殘留、喧嘩、酒後駕車與垃圾未處理。,早餐｜餐飲｜廚房,direct,approved,80,,,
faq-218,早餐餐飲與廚房,可以開派對喝酒唱歌嗎？,能不能開派對喝酒唱歌？｜可不可以開派對喝酒唱歌？,可簡單飲食與理性飲酒，但請避免味道殘留、喧嘩、酒後駕車與垃圾未處理。,唱歌｜早餐｜餐飲｜廚房,direct,approved,80,,,
faq-219,早餐餐飲與廚房,有提供冰塊嗎？,請問有提供冰塊嗎｜提供冰塊有提供嗎,冰塊、水壺或保溫瓶是否提供依民宿備品；大量需求建議自行購買或提前詢問。,冰塊｜早餐｜餐飲｜廚房,direct,needs_review,80,,待屋主確認實際規則、設備或當期資訊,
faq-220,早餐餐飲與廚房,可以借保溫瓶或水壺嗎？,能不能借保溫瓶或水壺？｜可不可以借保溫瓶或水壺？,冰塊、水壺或保溫瓶是否提供依民宿備品；大量需求建議自行購買或提前詢問。,保溫瓶｜早餐｜餐飲｜廚房,direct,needs_review,80,,待屋主確認實際規則、設備或當期資訊,
faq-221,早餐餐飲與廚房,餐具不小心打破怎麼辦？,餐具不小心打破該怎麼處理？｜餐具不小心打破要如何處理,請先注意安全並通知民宿，不要徒手撿碎片；若有損壞，會依實際情況處理。,餐具｜早餐｜餐飲｜廚房,direct,approved,80,,,
faq-222,早餐餐飲與廚房,食物可以留在冰箱嗎？,,退房時請帶走所有個人食物；未取走的食物基於衛生會由清潔人員處理。,冰箱｜早餐｜餐飲｜廚房,direct,approved,80,,,
faq-223,早餐餐飲與廚房,可以煮氣味重的食物嗎？,能不能煮氣味重的食物？｜可不可以煮氣味重的食物？,請避免料理氣味重或油煙大的食物；廚餘、湯水與油脂需依指定方式處理，使用後請基本清潔復原。,早餐｜餐飲｜廚房,direct,approved,80,,答案可使用，但需提醒依當期資訊確認,
faq-224,早餐餐飲與廚房,廚餘怎麼處理？,廚餘如何處理,請避免料理氣味重或油煙大的食物；廚餘、湯水與油脂需依指定方式處理，使用後請基本清潔復原。,廚餘｜早餐｜餐飲｜廚房,direct,approved,80,,答案可使用，但需提醒依當期資訊確認,
faq-225,早餐餐飲與廚房,退房前廚房要清到什麼程度？,退宿前廚房要清到什麼程度,若開放廚房，請依使用時間、器具範圍與清潔規範操作；房內通常禁止煮食。,廚房｜早餐｜餐飲,direct,approved,80,,,
faq-226,寵物友善,可以帶寵物嗎？,能不能帶寵物？｜可不可以帶寵物？｜可以帶毛孩嗎,可以，慢慢蒔光是寵物友善 villa。訂房時請先告知寵物種類、數量、體型與特殊需求，管家會協助確認入住規範與清潔注意事項。,寵物｜毛孩,collect_info,approved,80,,寵物友善已確認，細節需管家確認。,
faq-227,寵物友善,可以帶狗嗎？,能不能帶狗？｜可不可以帶狗？｜可以帶狗狗嗎｜可以帶毛孩嗎,可以，慢慢蒔光是寵物友善 villa，可以帶狗狗一起入住。請提前告知狗狗的數量、體型與特殊需求，實際清潔規範與安排由管家確認。,寵物｜毛孩,collect_info,approved,80,,可攜帶狗狗；數量、體型與細節需確認。,
faq-228,寵物友善,可以帶貓嗎？,能不能帶貓？｜可不可以帶貓？,可以攜帶貓咪入住，但請在訂房前先告知數量、習性與特殊需求；實際空間安排與清潔規範由管家確認。,寵物｜毛孩,collect_info,approved,80,,可攜帶貓咪；細節需確認。,
faq-229,寵物友善,寵物需要收費嗎？,寵物要收費嗎｜毛孩需要收費嗎,目前尚未確認固定的寵物費用、清潔費或押金金額。請提供寵物種類、數量與體型，由管家在訂房前說明當期規範與可能費用。,寵物｜毛孩,collect_info,approved,80,,不可自行承諾免費或固定金額。,
faq-230,寵物友善,寵物可以上床嗎？,毛孩可以上床嗎,為了維護寢具與清潔品質，通常不建議寵物上床或上沙發；如有拍照或特殊需求，請先與管家確認是否可配合及是否需加購保潔用品。,寵物｜毛孩,direct,approved,80,,,
faq-231,寵物友善,寵物可以進房間嗎？,毛孩可以進房間嗎,寵物是否可進入房間與可活動範圍，會依當期寵物入住規範確認。訂房時請先告知寵物種類、數量與體型，方便管家安排。,寵物｜毛孩,direct,approved,80,,,
faq-232,寵物友善,寵物可以單獨留在房內嗎？,毛孩可以單獨留在房內嗎,不建議讓寵物單獨留在房內，以免焦慮、吠叫、破壞家具或造成安全問題；若行程需要暫離，請先與管家討論安排。,寵物｜毛孩,direct,approved,80,,,
faq-233,寵物友善,狗狗會叫可以入住嗎？,狗會叫可以入住嗎｜狗狗狗狗會叫可以入住嗎｜毛孩毛孩會叫可以入住嗎,若狗狗容易吠叫，請攜帶安撫用品並盡量避免影響鄰居與其他住客；持續吠叫或造成困擾時，管家可能會依住宿規範協助處理。,狗狗｜寵物｜毛孩,direct,approved,80,,,
faq-234,寵物友善,大型犬可以入住嗎？,,大型犬可以先提出需求，由管家依狗狗體型、品種、數量、入住人數與當日房況確認是否合適。請提前提供相關資訊，方便安排。,大型犬｜寵物｜毛孩,collect_info,approved,80,,,
faq-235,寵物友善,可以帶幾隻寵物？,能不能帶幾隻寵物？｜可不可以帶幾隻寵物？｜可以帶幾隻毛孩？,可攜帶寵物數量需由管家依寵物種類、體型、房況與清潔安排確認；請先提供種類、數量、體重與習性，不建議未告知直接攜帶。,寵物｜毛孩,collect_info,approved,80,,,
faq-236,寵物友善,寵物需要籠子嗎？,寵物要籠子嗎｜毛孩需要籠子嗎,建議自備外出籠、睡墊、尿布墊、撿便袋、慣用食器與安撫用品；若民宿有提供部分備品，也會以當期公告與現場數量為準。,寵物｜毛孩,collect_info,approved,80,,,
faq-237,寵物友善,有寵物用品嗎？,請問有寵物用品嗎｜寵物用品有提供嗎｜有毛孩用品嗎,寵物用品以當期備品與現場數量為準；為了讓毛孩更適應環境，仍建議自備睡墊、尿布墊、撿便袋、食器與慣用用品。,寵物用品｜毛孩,direct,approved,80,,,
faq-238,寵物友善,要自備尿布墊嗎？,,建議自備尿布墊、撿便袋與清潔用品，特別是幼犬、貓咪或較容易緊張的寵物。現場是否有備品仍依當期準備數量為準。,尿布墊｜寵物｜毛孩,direct,approved,80,,,
faq-239,寵物友善,寵物可以在庭院跑嗎？,毛孩可以在庭院跑嗎,寵物可依規範在指定戶外區域活動，請務必牽繩、全程看顧並立即清理排泄物；是否能自由奔跑需依現場安全與圍界狀況確認。,庭院｜寵物｜毛孩,direct,approved,80,,答案可使用，但需提醒依當期資訊確認,
faq-240,寵物友善,寵物可以進公共空間嗎？,毛孩可以進公共空間嗎,寵物是否可進公共空間，會依當期寵物友善規範確認；若可進入，請牽繩或看顧，並避免影響家具、布品與其他住客。,公共空間｜寵物｜毛孩,direct,approved,80,,,
faq-241,寵物友善,寵物弄髒床單怎麼辦？,寵物弄髒床單該怎麼處理？｜寵物弄髒床單要如何處理｜毛孩弄髒床單怎麼辦？,請第一時間清理並通知管家；若造成床單、床墊、布品或空間深度清潔、除味或汰換，可能依實際情況收取費用。,床單｜寵物｜毛孩,direct,approved,80,,,
faq-242,寵物友善,寵物咬壞家具怎麼辦？,寵物咬壞家具該怎麼處理？｜寵物咬壞家具要如何處理｜毛孩咬壞家具怎麼辦？,請立即通知管家並保留現場狀況；若寵物造成家具、牆面、布品或設備損壞，會依實際修復、清潔或汰換費用處理。,寵物｜毛孩,direct,approved,80,,,
faq-243,寵物友善,寵物掉毛會被收費嗎？,毛孩掉毛會被收費嗎,一般正常掉毛會納入寵物入住清潔考量；若掉毛、異味或髒污嚴重，可能依寵物清潔規範收取額外清潔費，實際以管家確認為準。,寵物｜毛孩,direct,approved,80,,,
faq-244,寵物友善,寵物可以洗澡嗎？,毛孩可以洗澡嗎,是否可在民宿替寵物洗澡需先確認；請勿使用客用毛巾擦寵物，建議自備寵物毛巾、清潔用品與吹乾工具。,寵物｜毛孩,direct,approved,80,,,
faq-245,寵物友善,附近有寵物友善餐廳嗎？,附近有毛孩友善餐廳嗎,可協助提供附近寵物友善餐廳、景點或動物醫院方向建議；店家規範與營業時間可能變動，出發前仍建議自行再確認。,餐廳｜寵物｜毛孩,collect_info,approved,80,,,
faq-246,寵物友善,附近有動物醫院嗎？,,若需要附近動物醫院資訊，請告知目前狀況與所在位置，管家可協助提供附近可查詢方向；緊急狀況請優先聯繫動物醫院或就近就醫。,動物醫院｜寵物｜毛孩,collect_info,approved,80,,,
faq-247,寵物友善,寵物需要打疫苗證明嗎？,寵物要打疫苗證明嗎｜毛孩需要打疫苗證明嗎,若當期寵物入住規範要求疫苗證明、寵物入住同意書或切結書，請依規定提供；訂房前可先詢問需準備哪些資料。,疫苗證明｜寵物｜毛孩,collect_info,approved,80,,,
faq-248,寵物友善,可以帶寵物坐床或沙發拍照嗎？,能不能帶寵物坐床或沙發拍照？｜可不可以帶寵物坐床或沙發拍照？｜可以帶毛孩坐床或沙發拍照嗎,寵物坐床或沙發拍照需先詢問，並以不造成髒污、抓痕、殘留毛髮或異味為原則；若需要，可能需使用自備墊布或保潔用品。,拍照｜寵物｜毛孩,direct,approved,80,,,
faq-249,寵物友善,寵物便便要怎麼處理？,寵物便便要如何處理｜毛孩便便要怎麼處理？,寵物排泄物請立即清理並丟至指定位置，避免留在戶外、房內或公共區域；若造成髒污或異味，可能依清潔規範處理。,寵物｜毛孩,direct,approved,80,,,
faq-250,寵物友善,寵物入住要簽切結嗎？,毛孩入住要簽切結嗎,是否需簽寵物入住同意書或切結，會依當期寵物規範確認。若需要，請詳閱清潔、損壞、噪音與安全責任後再入住。,寵物｜毛孩,direct,approved,80,,,
faq-251,親子長輩與無障礙,適合帶小孩入住嗎？,,請先告知孩子年齡與需求；嬰兒床、澡盆、餐椅、玩具或床圍等備品需提前確認，數量有限。,親子｜長輩｜無障礙,direct,approved,80,,,
faq-252,親子長輩與無障礙,有嬰兒床嗎？,請問有嬰兒床嗎｜嬰兒床有提供嗎,請先告知孩子年齡與需求；嬰兒床、澡盆、餐椅、玩具或床圍等備品需提前確認，數量有限。,嬰兒床｜親子｜長輩｜無障礙,direct,approved,80,,,
faq-253,親子長輩與無障礙,有澡盆嗎？,請問有澡盆嗎｜澡盆有提供嗎,請先告知孩子年齡與需求；嬰兒床、澡盆、餐椅、玩具或床圍等備品需提前確認，數量有限。,澡盆｜親子｜長輩｜無障礙,direct,approved,80,,,
faq-254,親子長輩與無障礙,有消毒鍋嗎？,請問有消毒鍋嗎｜消毒鍋有提供嗎,「有消毒鍋嗎」需依現場安全與設備配置確認，請在訂房前由管家說明是否適合及可提供的協助。,消毒鍋｜親子｜長輩｜無障礙,direct,approved,80,,答案可使用，但需提醒依當期資訊確認,
faq-255,親子長輩與無障礙,小孩可以使用樓梯嗎？,,民宿有樓梯，孩子使用時需由家長全程陪同，避免奔跑或單獨上下樓；如需床圍或其他安全備品，請提前向管家確認。,樓梯｜親子｜長輩｜無障礙,direct,approved,80,,針對樓梯安全直接回答。,
faq-256,親子長輩與無障礙,有兒童遊戲區嗎？,請問有兒童遊戲區嗎｜兒童遊戲區有提供嗎,是否設有固定兒童遊戲區需依現場配置確認。若有親子需求，請提供孩子年齡，由管家說明當期可用空間與備品。,遊戲區｜親子｜長輩｜無障礙,collect_info,needs_review,80,,需確認兒童遊戲區。,
faq-257,親子長輩與無障礙,可以帶嬰兒推車嗎？,能不能帶嬰兒推車？｜可不可以帶嬰兒推車？,請先告知孩子年齡與需求；嬰兒床、澡盆、餐椅、玩具或床圍等備品需提前確認，數量有限。,嬰兒推車｜親子｜長輩｜無障礙,direct,approved,80,,,
faq-258,親子長輩與無障礙,長輩適合入住嗎？,,請先告知長輩行動狀況、輪椅或助行器需求，我們會誠實評估樓層、門寬、衛浴與動線是否合適。,長輩｜親子｜無障礙,direct,approved,80,,,
faq-259,親子長輩與無障礙,有無障礙設施嗎？,請問有無障礙設施嗎｜無障礙設施有提供嗎,請先告知長輩行動狀況、輪椅或助行器需求，我們會誠實評估樓層、門寬、衛浴與動線是否合適。,無障礙｜親子｜長輩,collect_info,approved,80,,,
faq-260,親子長輩與無障礙,輪椅可以進出嗎？,,請先告知長輩行動狀況、輪椅或助行器需求，我們會誠實評估樓層、門寬、衛浴與動線是否合適。,輪椅｜親子｜長輩｜無障礙,collect_info,approved,80,,,
faq-261,親子長輩與無障礙,有一樓衛浴嗎？,請問有一樓衛浴嗎｜一樓衛浴有提供嗎,請先告知長輩行動狀況、輪椅或助行器需求，我們會誠實評估樓層、門寬、衛浴與動線是否合適。,一樓衛浴｜親子｜長輩｜無障礙,direct,approved,80,,,
faq-262,親子長輩與無障礙,浴室會不會滑？,,民宿空間可能有樓梯、濕滑地面與家具邊角，請家長全程陪同孩子並遵守安靜與安全規範。,親子｜長輩｜無障礙,direct,approved,80,,,
faq-263,親子長輩與無障礙,有浴缸嗎？,請問有浴缸嗎｜浴缸有提供嗎,是否有浴缸依房型而定；幼兒或長輩使用時請務必有人陪同並注意水溫與防滑。,浴缸｜親子｜長輩｜無障礙,direct,approved,80,,,
faq-264,親子長輩與無障礙,有親子餐具嗎？,請問有親子餐具嗎｜親子餐具有提供嗎,親子餐具是否提供及數量需依現場備品確認。請告知孩子人數與年齡，由管家協助確認。,親子餐具｜長輩｜無障礙,collect_info,needs_review,80,,需確認親子餐具。,
faq-265,親子長輩與無障礙,孩子可以跑跳嗎？,,民宿空間可能有樓梯、濕滑地面與家具邊角，請家長全程陪同孩子並遵守安靜與安全規範。,親子｜長輩｜無障礙,direct,approved,80,,,
faq-266,親子長輩與無障礙,有尖角或易碎裝飾嗎？,請問有尖角或易碎裝飾嗎｜尖角或易碎裝飾有提供嗎,民宿空間可能有樓梯、濕滑地面與家具邊角，請家長全程陪同孩子並遵守安靜與安全規範。,親子｜長輩｜無障礙,direct,needs_review,80,,待屋主確認實際規則、設備或當期資訊,
faq-267,親子長輩與無障礙,可以帶寵物又帶小孩嗎？,能不能帶寵物又帶小孩？｜可不可以帶寵物又帶小孩？｜可以帶毛孩又帶小孩嗎,請先告知孩子年齡與需求；嬰兒床、澡盆、餐椅、玩具或床圍等備品需提前確認，數量有限。,寵物｜親子｜長輩｜無障礙,direct,approved,80,,,
faq-268,親子長輩與無障礙,有藥箱嗎？,請問有藥箱嗎｜藥箱有提供嗎,民宿可提供附近醫療資訊或簡易急救用品位置；緊急狀況請先撥119，個人藥品請自行攜帶。,藥箱｜親子｜長輩｜無障礙,direct,approved,80,,,
faq-269,親子長輩與無障礙,附近有醫院或診所嗎？,,民宿可提供附近醫療資訊或簡易急救用品位置；緊急狀況請先撥119，個人藥品請自行攜帶。,醫院｜診所｜親子｜長輩｜無障礙,collect_info,approved,80,,,
faq-270,親子長輩與無障礙,可以幫忙安排親子活動嗎？,能不能幫忙安排親子活動？｜可不可以幫忙安排親子活動？,可依孩子年齡、天候與行程需求推薦親子景點或雨天備案；實際營業時間請出發前確認。,活動｜親子｜長輩｜無障礙,collect_info,approved,80,,,
faq-271,親子長輩與無障礙,小朋友要帶證件嗎？,,若有兒童年齡優惠或人數確認，建議攜帶可證明年齡的文件；住宿登記依民宿規範辦理。,親子｜長輩｜無障礙,ask_human,approved,80,,此題需人工依個案處理，不由慢寶直接承諾,
faq-272,親子長輩與無障礙,有樓梯護欄嗎？,請問有樓梯護欄嗎｜樓梯護欄有提供嗎,民宿空間可能有樓梯、濕滑地面與家具邊角，請家長全程陪同孩子並遵守安靜與安全規範。,樓梯｜親子｜長輩｜無障礙,direct,needs_review,80,,待屋主確認實際規則、設備或當期資訊,
faq-273,親子長輩與無障礙,可以加裝床圍嗎？,能不能加裝床圍？｜可不可以加裝床圍？,請先告知孩子年齡與需求；嬰兒床、澡盆、餐椅、玩具或床圍等備品需提前確認，數量有限。,床圍｜親子｜長輩｜無障礙,direct,approved,80,,,
faq-274,親子長輩與無障礙,長輩怕吵，哪間房較安靜？,,哪間房較安靜需依房型位置、當日使用情況與長輩需求評估。請提供長輩的睡眠、樓層與行動需求，由管家協助安排。,長輩｜親子｜無障礙,collect_info,approved,80,,原答案未回答安靜房需求。,
faq-275,親子長輩與無障礙,老人家晚上起夜方便嗎？,,請先告知長輩行動狀況、輪椅或助行器需求，我們會誠實評估樓層、門寬、衛浴與動線是否合適。,親子｜長輩｜無障礙,direct,approved,80,,,
faq-276,清潔消毒與衛生,房間會每天打掃嗎？,,短住通常以入住前完整清潔為主；連住打掃、毛巾更換與補備品規則依民宿公告辦理。,清潔｜衛生,direct,approved,80,,,
faq-277,清潔消毒與衛生,入住前有消毒嗎？,,民宿會於每組客人入住前完成基本清潔，寢具應於每位客人使用後換洗並保持清潔。,消毒｜清潔｜衛生,direct,approved,80,,,
faq-278,清潔消毒與衛生,床單會每組客人更換嗎？,,民宿會於每組客人入住前完成基本清潔，寢具應於每位客人使用後換洗並保持清潔。,床單｜清潔｜衛生,direct,approved,80,,,
faq-279,清潔消毒與衛生,毛巾會更換嗎？,,短住通常以入住前完整清潔為主；連住打掃、毛巾更換與補備品規則依民宿公告辦理。,毛巾｜清潔｜衛生,direct,approved,80,,,
faq-280,清潔消毒與衛生,房間有異味怎麼辦？,房間有異味該怎麼處理？｜房間有異味要如何處理？,請入住後盡快拍照並通知民宿，我們會協助補清潔、除味或依情況處理。,異味｜清潔｜衛生,direct,approved,80,,,
faq-281,清潔消毒與衛生,發現房間不乾淨怎麼辦？,發現房間不乾淨該怎麼處理？｜發現房間不乾淨要如何處理,請入住後盡快拍照並通知民宿，我們會協助補清潔、除味或依情況處理。,不乾淨｜清潔｜衛生,direct,approved,80,,,
faq-282,清潔消毒與衛生,垃圾可以先放房間嗎？,,垃圾請密封並依民宿標示分類一般垃圾、回收、玻璃與廚餘，放置於指定位置。,垃圾｜清潔｜衛生,direct,approved,80,,,
faq-283,清潔消毒與衛生,垃圾要分類嗎？,,垃圾請密封並依民宿標示分類一般垃圾、回收、玻璃與廚餘，放置於指定位置。,垃圾｜清潔｜衛生,direct,approved,80,,,
faq-284,清潔消毒與衛生,廚餘可以倒水槽嗎？,,請勿將廚餘、湯渣或油脂倒入水槽、馬桶或戶外排水孔；請依指定廚餘桶或處理方式處理。,水槽｜廚餘｜清潔｜衛生,direct,approved,80,,,
faq-285,清潔消毒與衛生,可以把油倒進水槽嗎？,能不能把油倒進水槽？｜可不可以把油倒進水槽？,請勿將廚餘、湯渣或油脂倒入水槽、馬桶或戶外排水孔；請依指定廚餘桶或處理方式處理。,水槽｜清潔｜衛生,direct,approved,80,,,
faq-286,清潔消毒與衛生,浴室排水不順怎麼辦？,浴室排水不順該怎麼處理？｜浴室排水不順要如何處理,若排水或馬桶堵塞請立即停止用水並通知民宿；濕紙巾、衛生棉、尿布等請丟垃圾桶。,排水｜清潔｜衛生,direct,approved,80,,,
faq-287,清潔消毒與衛生,馬桶堵塞怎麼辦？,馬桶堵塞該怎麼處理？｜馬桶堵塞要如何處理,若排水或馬桶堵塞請立即停止用水並通知民宿；濕紙巾、衛生棉、尿布等請丟垃圾桶。,馬桶｜清潔｜衛生,direct,approved,80,,,
faq-288,清潔消毒與衛生,可以把濕紙巾丟馬桶嗎？,能不能把濕紙巾丟馬桶？｜可不可以把濕紙巾丟馬桶？,若排水或馬桶堵塞請立即停止用水並通知民宿；濕紙巾、衛生棉、尿布等請丟垃圾桶。,濕紙巾｜馬桶｜清潔｜衛生,direct,approved,80,,,
faq-289,清潔消毒與衛生,退房需要自己打掃嗎？,退房要自己打掃嗎｜退宿需要自己打掃嗎,退房不需深度清潔，但請恢復基本整潔、帶走個人物品、垃圾分類並清洗使用過的餐具。,清潔｜衛生,direct,approved,80,,,
faq-290,清潔消毒與衛生,清潔費包含什麼？,,一般清潔費涵蓋正常整理，不包含嘔吐、煙味、尿漬、嚴重髒污或破壞造成的專業清潔與修復。,清潔費｜衛生,direct,approved,80,,,
faq-291,清潔消毒與衛生,若嘔吐或弄髒床墊怎麼辦？,若嘔吐或弄髒床墊該怎麼處理？｜若嘔吐或弄髒床墊要如何處理,請第一時間告知，讓民宿能及早處理；若需深度清潔、除味或汰換，會依規定收費。,床墊｜清潔｜衛生,direct,approved,80,,,
faq-292,清潔消毒與衛生,小孩尿床怎麼辦？,小孩尿床該怎麼處理？｜小孩尿床要如何處理,請第一時間告知，讓民宿能及早處理；若需深度清潔、除味或汰換，會依規定收費。,尿床｜清潔｜衛生,direct,approved,80,,,
faq-293,清潔消毒與衛生,寵物便溺怎麼辦？,寵物便溺該怎麼處理？｜寵物便溺要如何處理｜毛孩便溺怎麼辦？,請第一時間告知，讓民宿能及早處理；若需深度清潔、除味或汰換，會依規定收費。,寵物便溺｜清潔｜衛生,direct,approved,80,,,
faq-294,清潔消毒與衛生,可以要求換房嗎？,能不能要求換房？｜可不可以要求換房？,若有設備故障或清潔問題，請立即反映；是否能換房需視當日房況與問題狀況安排。,換房｜清潔｜衛生,collect_info,approved,80,,,
faq-295,清潔消毒與衛生,房間有螞蟻怎麼辦？,房間有螞蟻該怎麼處理？｜房間有螞蟻要如何處理？,自然環境偶有昆蟲，請密封食物並關好門窗；若數量異常或影響住宿，請通知民宿處理。,螞蟻｜清潔｜衛生,direct,approved,80,,,
faq-296,清潔消毒與衛生,房間有小蟲正常嗎？,,自然環境偶有昆蟲，請密封食物並關好門窗；若數量異常或影響住宿，請通知民宿處理。,清潔｜衛生,direct,approved,80,,,
faq-297,清潔消毒與衛生,可以使用自己的清潔劑嗎？,能不能使用自己的清潔劑？｜可不可以使用自己的清潔劑？,請勿自行使用漂白水、強酸鹼或強烈香氛；若對清潔味道敏感，請訂房時先告知。,清潔｜衛生,direct,approved,80,,,
faq-298,清潔消毒與衛生,退房時床單要拆嗎？,退宿時床單要拆嗎,退房時不需要自行拆床單。請帶走個人物品、保持基本整潔，並依入住說明完成退房即可。,床單｜清潔｜衛生,direct,approved,80,,原答案未回答是否需要拆床單。,
faq-299,清潔消毒與衛生,使用過的毛巾放哪裡？,,使用過的毛巾請依房內或退房說明放置於指定位置；若現場尚未標示，請先集中放在浴室乾燥處並詢問管家。,毛巾｜清潔｜衛生,direct,needs_review,80,,需確認毛巾指定放置位置。,
faq-300,清潔消毒與衛生,可以要求無香清潔嗎？,能不能要求無香清潔？｜可不可以要求無香清潔？,請勿自行使用漂白水、強酸鹼或強烈香氛；若對清潔味道敏感，請訂房時先告知。,無香清潔｜衛生,collect_info,approved,80,,,
faq-301,噪音禁菸安全與規範,晚上幾點後要安靜？,晚上什麼時間後要安靜,晚上 22:00 後請降低音量；22:00–08:00 禁止喧嘩、烤肉及使用音響或擴音設備。,噪音｜禁菸｜安全,direct,approved,80,,正式安靜時段為22:00–08:00。,
faq-302,噪音禁菸安全與規範,包棟也需要安靜嗎？,包棟也要安靜嗎,需要。即使是包棟，晚上 22:00 後仍需降低音量；22:00–08:00 禁止喧嘩、烤肉及使用音響或擴音設備。,包棟｜噪音｜禁菸｜安全,direct,approved,80,,包棟仍需遵守安靜規定。,
faq-303,噪音禁菸安全與規範,可以唱歌唱到幾點？,能不能唱歌唱到幾點？｜可不可以唱歌唱到幾點？｜可以唱歌唱到什麼時間？,歡唱設備請於晚上 22:00 前結束高音量使用；22:00–08:00 禁止喧嘩及使用音響或擴音設備。,唱歌｜噪音｜禁菸｜安全,direct,approved,80,,正式安靜規則。,
faq-304,噪音禁菸安全與規範,可以在室內吸菸嗎？,能不能在室內吸菸？｜可不可以在室內吸菸？,不可以。室內與房間全面禁菸，包含電子菸；若需吸菸，請至戶外指定區域。房內若留下煙味，可能酌收清潔費並影響押金退還。,噪音｜禁菸｜安全,direct,approved,80,,正式室內禁菸規則。,
faq-305,噪音禁菸安全與規範,陽台可以抽菸嗎？,,吸菸請至戶外指定區域，陽台是否屬指定吸菸區需依現場公告。室內、房間及非指定區域皆禁止吸菸與使用電子菸。,噪音｜禁菸｜安全,direct,approved,80,,戶外指定區域才可吸菸。,
faq-306,噪音禁菸安全與規範,電子菸可以嗎？,,室內與房間不可以使用電子菸；若需吸菸，請至戶外指定區域。,電子菸｜噪音｜禁菸｜安全,direct,approved,80,,電子菸同樣適用禁菸規則。,
faq-307,噪音禁菸安全與規範,有吸菸區嗎？,請問有吸菸區嗎｜吸菸區有提供嗎,有吸菸需求時，請至戶外指定區域；實際位置依入住說明或現場標示。室內與房間全面禁菸。,吸菸區｜噪音｜禁菸｜安全,direct,approved,80,,只允許戶外指定區域。,
faq-308,噪音禁菸安全與規範,房間有煙味會收費嗎？,,室內、房間與公告禁菸區不得吸菸或使用電子菸；若留下煙味或菸蒂，可能收除味清潔費並依法處理。,煙味｜噪音｜禁菸｜安全,direct,approved,80,,,
faq-309,噪音禁菸安全與規範,可以點香或燒金紙嗎？,能不能點香或燒金紙？｜可不可以點香或燒金紙？,不可以。全館禁止明火，室內也禁止點香或燒金紙；如有宗教或特殊需求，請事前向管家確認可行方式。,燒金紙｜噪音｜禁菸｜安全,direct,approved,80,,正式規則：全館禁止明火。,
faq-310,噪音禁菸安全與規範,可以放煙火嗎？,能不能放煙火？｜可不可以放煙火？,不可以。慢慢蒔光禁止施放煙火，也禁止砸蛋糕與砸水球；違反規定可能扣除押金。,煙火｜噪音｜禁菸｜安全,direct,approved,80,,正式禁止行為。,
faq-311,噪音禁菸安全與規範,可以烤肉用炭火嗎？,能不能烤肉用炭火？｜可不可以烤肉用炭火？,炭火、瓦斯爐與卡式爐只能在民宿允許的指定區域使用，房內與非指定處禁止使用。,炭火｜噪音｜禁菸｜安全,direct,approved,80,,,
faq-312,噪音禁菸安全與規範,可以使用瓦斯爐或卡式爐嗎？,能不能使用瓦斯爐或卡式爐？｜可不可以使用瓦斯爐或卡式爐？,炭火、瓦斯爐與卡式爐只能在民宿允許的指定區域使用，房內與非指定處禁止使用。,卡式爐｜瓦斯爐｜噪音｜禁菸｜安全,direct,approved,80,,,
faq-313,噪音禁菸安全與規範,可以帶高功率電器嗎？,能不能帶高功率電器？｜可不可以帶高功率電器？,請勿使用高功率電器；若跳電或停電，請關閉高耗電設備並聯繫民宿，不要自行操作配電箱。,高功率電器｜噪音｜禁菸｜安全,direct,approved,80,,,
faq-314,噪音禁菸安全與規範,跳電怎麼辦？,跳電該怎麼處理？｜跳電要如何處理,請勿使用高功率電器；若跳電或停電，請關閉高耗電設備並聯繫民宿，不要自行操作配電箱。,跳電｜噪音｜禁菸｜安全,direct,approved,80,,,
faq-315,噪音禁菸安全與規範,停電怎麼辦？,停電該怎麼處理？｜停電要如何處理,請勿使用高功率電器；若跳電或停電，請關閉高耗電設備並聯繫民宿，不要自行操作配電箱。,停電｜噪音｜禁菸｜安全,direct,approved,80,,,
faq-316,噪音禁菸安全與規範,火災警報響了怎麼辦？,火災警報響了該怎麼處理？｜火災警報響了要如何處理,入住後請先確認逃生路線與滅火器位置；若火警響起，請立即疏散並通知民宿與119。,火災警報｜噪音｜禁菸｜安全,direct,approved,80,,,
faq-317,噪音禁菸安全與規範,房內有逃生圖嗎？,,房內或公共區域是否設有逃生圖需依現場消防配置確認。入住後請先留意逃生路線與出口，如未看到可向管家詢問。,逃生圖｜噪音｜禁菸｜安全,direct,needs_review,80,,需確認逃生圖位置。,
faq-318,噪音禁菸安全與規範,滅火器在哪裡？,,滅火器位置需依現場消防配置確認。入住後請先留意公共區域與逃生路線，如未看到可立即向管家詢問。,滅火器｜噪音｜禁菸｜安全,direct,needs_review,80,,需確認滅火器位置。,
faq-319,噪音禁菸安全與規範,可以鎖門外出嗎？,能不能鎖門外出？｜可不可以鎖門外出？,外出請確認門窗上鎖、關閉電器與水龍頭；貴重物品請自行保管。,噪音｜禁菸｜安全,direct,approved,80,,,
faq-320,噪音禁菸安全與規範,可以帶陌生人進來嗎？,能不能帶陌生人進來？｜可不可以帶陌生人進來？,不得帶未登記訪客或危險物品入住；若涉及公共安全，民宿可依規範拒絕或通報處理。,陌生人｜噪音｜禁菸｜安全,direct,approved,80,,,
faq-321,噪音禁菸安全與規範,喝酒後可以開車出去嗎？,,請理性飲酒並勿酒後駕車；可安排代駕、計程車或留宿休息，安全第一。,開車｜噪音｜禁菸｜安全,direct,approved,80,,,
faq-322,噪音禁菸安全與規範,可以攜帶危險物品嗎？,能不能攜帶危險物品？｜可不可以攜帶危險物品？,不得帶未登記訪客或危險物品入住；若涉及公共安全，民宿可依規範拒絕或通報處理。,危險物品｜噪音｜禁菸｜安全,direct,approved,80,,,
faq-323,噪音禁菸安全與規範,深夜喧嘩會怎麼處理？,深夜喧嘩會如何處理,請依民宿公告遵守安靜時段，常見為晚上10點後降低音量；包棟也需顧及鄰居與公共安寧。,噪音｜禁菸｜安全,direct,approved,80,,,
faq-324,噪音禁菸安全與規範,違反住宿規定會退費嗎？,,住宿規定會公布於官網、訂房確認、房內公告或入住須知；嚴重違規被要求退房時，費用通常不退。,住宿規定｜退費｜噪音｜禁菸｜安全,direct,approved,80,,,
faq-325,噪音禁菸安全與規範,住宿規定在哪裡看？,,住宿規定會公布於官網、訂房確認、房內公告或入住須知；嚴重違規被要求退房時，費用通常不退。,住宿規定｜噪音｜禁菸｜安全,direct,approved,80,,,
faq-326,KTV麻將娛樂與活動,有KTV嗎？,請問有KTV嗎｜KTV有提供嗎,有提供歡唱設備。使用時請遵守操作說明與音量規範，晚上 22:00 後不得使用音響或擴音設備。,KTV｜麻將｜活動,direct,approved,80,,正式設施包含歡唱設備。,
faq-327,KTV麻將娛樂與活動,KTV可以唱到幾點？,KTV可以唱到什麼時間？,歡唱設備請於晚上 22:00 前結束高音量使用；22:00–08:00 禁止喧嘩及使用音響或擴音設備。,KTV｜麻將｜活動,direct,approved,80,,正式安靜規則。,
faq-328,KTV麻將娛樂與活動,KTV歌曲多嗎？,,KTV與音響設備依民宿提供為準，請遵守使用時間與音量；外接設備需先詢問，避免造成故障。,KTV｜麻將｜活動,direct,approved,80,,,
faq-329,KTV麻將娛樂與活動,可以接自己的麥克風嗎？,能不能接自己的麥克風？｜可不可以接自己的麥克風？,KTV與音響設備依民宿提供為準，請遵守使用時間與音量；外接設備需先詢問，避免造成故障。,KTV｜麻將｜活動,direct,approved,80,,,
faq-330,KTV麻將娛樂與活動,音響可以開很大聲嗎？,,KTV與音響設備依民宿提供為準，請遵守使用時間與音量；外接設備需先詢問，避免造成故障。,KTV｜麻將｜活動,direct,approved,80,,,
faq-331,KTV麻將娛樂與活動,有麻將桌嗎？,請問有麻將桌嗎｜麻將桌有提供嗎,有，慢慢蒔光設有獨立麻將房與電動麻將桌。請勿在麻將房飲食，使用後請整理牌具並愛惜設備。,麻將桌｜KTV｜活動,direct,approved,80,,正式設施：獨立麻將房、電動麻將桌。,
faq-332,KTV麻將娛樂與活動,麻將可以打到幾點？,麻將可以打到什麼時間？,麻將房可依入住規範使用；晚上 22:00 後請降低音量，避免影響鄰居與住宿安寧。,麻將｜KTV｜活動,direct,approved,80,,22:00後降低音量。,
faq-333,KTV麻將娛樂與活動,麻將牌少了怎麼辦？,麻將牌少了該怎麼處理？｜麻將牌少了要如何處理,若發現麻將牌短少或設備異常，請先停止使用並通知管家，不要自行拆修或移動機台，以便確認是否缺件或故障。,麻將｜KTV｜活動,direct,approved,80,,,
faq-334,KTV麻將娛樂與活動,有桌遊嗎？,請問有桌遊嗎｜桌遊有提供嗎,有提供部分桌遊與娛樂用品，實際清單以現場配置為準。使用後請確認配件完整並放回原位，避免影響下一組客人。,桌遊｜KTV｜麻將｜活動,direct,needs_review,80,,待屋主確認實際規則、設備或當期資訊,
faq-335,KTV麻將娛樂與活動,有Switch或遊戲機嗎？,請問有Switch或遊戲機嗎｜Switch或遊戲機有提供嗎,目前不以 Switch 或遊戲機作為固定設備。若有遊戲設備需求，建議入住前先詢問當期現場配置，或自行攜帶並注意設備安全。,遊戲機｜KTV｜麻將｜活動,direct,needs_review,80,,待屋主確認實際規則、設備或當期資訊,
faq-336,KTV麻將娛樂與活動,投影機可以用嗎？,,目前不以投影機作為固定設備。若有投影、會議或活動需求，請入住前先提出，管家會確認現場是否可協助或建議自備。,投影機｜KTV｜麻將｜活動,direct,approved,80,,,
faq-337,KTV麻將娛樂與活動,可以看電影嗎？,能不能看電影？｜可不可以看電影？,房內或公共區電視與影音設備依現場配置為準，可觀看一般電視或使用可開放的影音功能；若需使用個人帳號，退房前請記得登出。,電影｜KTV｜麻將｜活動,direct,approved,80,,,
faq-338,KTV麻將娛樂與活動,可以辦生日派對嗎？,能不能辦生日派對？｜可不可以辦生日派對？,可先告知人數、時間、布置、餐飲與拍攝需求；民宿會確認場地、音量、停車與清潔規範。,生日派對｜KTV｜麻將｜活動,direct,approved,80,,,
faq-339,KTV麻將娛樂與活動,可以辦求婚嗎？,能不能辦求婚？｜可不可以辦求婚？,可先告知人數、時間、布置、餐飲與拍攝需求；民宿會確認場地、音量、停車與清潔規範。,求婚｜KTV｜麻將｜活動,direct,approved,80,,,
faq-340,KTV麻將娛樂與活動,可以辦抓周嗎？,能不能辦抓周？｜可不可以辦抓周？,可先告知人數、時間、布置、餐飲與拍攝需求；民宿會確認場地、音量、停車與清潔規範。,抓周｜KTV｜麻將｜活動,direct,approved,80,,,
faq-341,KTV麻將娛樂與活動,可以辦結婚或訂婚儀式嗎？,能不能辦結婚或訂婚儀式？｜可不可以辦結婚或訂婚儀式？,可先告知人數、時間、布置、餐飲與拍攝需求；民宿會確認場地、音量、停車與清潔規範。,結婚｜訂婚｜KTV｜麻將｜活動,direct,approved,80,,,
faq-342,KTV麻將娛樂與活動,可以請外部布置廠商進場嗎？,能不能請外部布置廠商進場？｜可不可以請外部布置廠商進場？,外部廠商、攝影師、直播或商業用途需事前申請，並確認進退場時間、器材與授權範圍。,布置｜KTV｜麻將｜活動,collect_info,approved,80,,,
faq-343,KTV麻將娛樂與活動,可以請攝影師來拍照嗎？,能不能請攝影師來拍照？｜可不可以請攝影師來拍照？,外部廠商、攝影師、直播或商業用途需事前申請，並確認進退場時間、器材與授權範圍。,攝影師｜拍照｜KTV｜麻將｜活動,direct,approved,80,,,
faq-344,KTV麻將娛樂與活動,可以直播嗎？,能不能直播？｜可不可以直播？,外部廠商、攝影師、直播或商業用途需事前申請，並確認進退場時間、器材與授權範圍。,直播｜KTV｜麻將｜活動,direct,approved,80,,,
faq-345,KTV麻將娛樂與活動,可以使用煙霧機嗎？,能不能使用煙霧機？｜可不可以使用煙霧機？,不建議使用煙霧機、亮片、彩帶炮或會殘膠的布置；若造成清潔或損壞，可能另收費。,煙霧機｜KTV｜麻將｜活動,direct,approved,80,,,
faq-346,KTV麻將娛樂與活動,可以撒亮片或彩帶嗎？,能不能撒亮片或彩帶？｜可不可以撒亮片或彩帶？,不建議使用煙霧機、亮片、彩帶炮或會殘膠的布置；若造成清潔或損壞，可能另收費。,彩帶｜亮片｜KTV｜麻將｜活動,direct,approved,80,,,
faq-347,KTV麻將娛樂與活動,可以貼氣球在牆上嗎？,能不能貼氣球在牆上？｜可不可以貼氣球在牆上？,不建議使用煙霧機、亮片、彩帶炮或會殘膠的布置；若造成清潔或損壞，可能另收費。,氣球｜KTV｜麻將｜活動,direct,approved,80,,,
faq-348,KTV麻將娛樂與活動,有提供音樂播放設備嗎？,請問有提供音樂播放設備嗎｜提供音樂播放設備有提供嗎,有提供歡唱設備；其他音樂播放設備、連接方式與可使用時段請依現場說明。晚上 22:00 後不得使用音響或擴音設備。,KTV｜麻將｜活動,direct,approved,80,,正式設備包含歡唱設備。,
faq-349,KTV麻將娛樂與活動,活動結束需要清潔嗎？,活動結束要清潔嗎,活動後請恢復基本整潔、垃圾分類並移除布置；戶外活動需遵守天候、安全與噪音規範。,活動｜KTV｜麻將,collect_info,approved,80,,,
faq-350,KTV麻將娛樂與活動,活動可以到戶外嗎？,,活動後請恢復基本整潔、垃圾分類並移除布置；戶外活動需遵守天候、安全與噪音規範。,活動｜KTV｜麻將,collect_info,approved,80,,,
faq-351,戶外空間烤肉戲水,有庭院嗎？,請問有庭院嗎｜庭院有提供嗎,有戶外空間與庭院區域，使用時請注意安全、音量與清潔；孩童與寵物需由大人陪同。,庭院｜戶外｜烤肉｜戲水,direct,approved,80,,已確認有戶外空間。,
faq-352,戶外空間烤肉戲水,有露台嗎？,請問有露台嗎｜露台有提供嗎,有戶外露台。使用時請注意安全、音量與清潔，晚間請依安靜時間與戶外燈規範使用。,露台｜戶外｜烤肉｜戲水,direct,approved,80,,已確認有露台。,
faq-353,戶外空間烤肉戲水,露台可以使用到幾點？,露台可以使用到什麼時間？,露台請在晚上 22:00 前結束高音量活動；22:00 後需降低音量，戶外燈會於 22:30 自動熄燈。,露台｜戶外｜烤肉｜戲水,direct,approved,80,,正式夜間與戶外燈規則。,
faq-354,戶外空間烤肉戲水,可以在戶外吃東西嗎？,能不能在戶外吃東西？｜可不可以在戶外吃東西？,可以在指定戶外空間簡單用餐，但需遵守開放時間、音量、清潔與垃圾分類規範；是否可辦大型聚餐或使用設備需事前確認。,戶外｜烤肉｜戲水,direct,approved,80,,安全範圍內可戶外用餐。,
faq-355,戶外空間烤肉戲水,可以烤肉嗎？,能不能烤肉？｜可不可以烤肉？,烤肉需事前確認場地、設備、費用與安全規範；炭灰需完全熄滅冷卻，垃圾與廚餘依指定方式處理。,戶外｜烤肉｜戲水,direct,approved,80,,,
faq-356,戶外空間烤肉戲水,烤肉可以自備爐具嗎？,,烤肉需事前確認場地、設備、費用與安全規範；炭灰需完全熄滅冷卻，垃圾與廚餘依指定方式處理。,戶外｜烤肉｜戲水,direct,approved,80,,,
faq-357,戶外空間烤肉戲水,烤肉後垃圾怎麼處理？,烤肉後垃圾如何處理,烤肉需事前確認場地、設備、費用與安全規範；炭灰需完全熄滅冷卻，垃圾與廚餘依指定方式處理。,垃圾｜戶外｜烤肉｜戲水,direct,approved,80,,,
faq-358,戶外空間烤肉戲水,下雨還可以烤肉嗎？,,烤肉需事前確認場地、設備、費用與安全規範；炭灰需完全熄滅冷卻，垃圾與廚餘依指定方式處理。,戶外｜烤肉｜戲水,direct,approved,80,,,
faq-359,戶外空間烤肉戲水,可以玩水嗎？,能不能玩水？｜可不可以玩水？,夏季會依天候與維護狀況開放戲水設施。實際開放日期、水況與使用規範，請在入住前由管家確認；孩童需由大人全程陪同。,玩水｜戶外｜烤肉｜戲水,collect_info,approved,80,,夏季戲水設施依天候與維護狀況開放。,
faq-360,戶外空間烤肉戲水,泳池有開放嗎？,,戲水設施為季節性開放，需依天候、維護與當期公告確認。請提供入住日期，管家會協助確認是否開放。,泳池｜戶外｜烤肉｜戲水,collect_info,approved,80,,季節性設施，需確認入住日期。,
faq-361,戶外空間烤肉戲水,戲水池水深多少？,,戲水池水深與當期設置需由管家依實際設備確認。孩童使用時必須由大人全程陪同並注意防滑。,戲水池｜戶外｜烤肉,collect_info,needs_review,80,,需確認當期水深與設置。,
faq-362,戶外空間烤肉戲水,可以帶游泳圈嗎？,能不能帶游泳圈？｜可不可以帶游泳圈？,戲水池或泳池開放依季節、天候與維護狀況；孩童必須由大人全程陪同並注意防滑。,游泳圈｜戶外｜烤肉｜戲水,direct,approved,80,,,
faq-363,戶外空間烤肉戲水,泳池可以使用到幾點？,泳池可以使用到什麼時間？,戲水設施的使用時間會依季節、天候與現場規範調整。請在入住前由管家確認當期開放時段；晚間仍需遵守安靜規定。,泳池｜戶外｜烤肉｜戲水,collect_info,needs_review,80,,需確認戲水設施開放時段。,
faq-364,戶外空間烤肉戲水,戶外會有蚊子嗎？,,戶外自然環境難免有蚊蟲，建議自備防蚊液並隨手關門紗窗；民宿防蚊用品依備品為準。,戶外｜烤肉｜戲水,direct,approved,80,,,
faq-365,戶外空間烤肉戲水,有提供防蚊用品嗎？,請問有提供防蚊用品嗎｜提供防蚊用品有提供嗎,戶外自然環境難免有蚊蟲，建議自備防蚊液並隨手關門紗窗；民宿防蚊用品依備品為準。,防蚊｜戶外｜烤肉｜戲水,direct,approved,80,,,
faq-366,戶外空間烤肉戲水,可以在戶外抽菸嗎？,能不能在戶外抽菸？｜可不可以在戶外抽菸？,戶外吸菸需依指定吸菸區規定；若公告全館禁菸，戶外也請勿吸菸。,戶外｜烤肉｜戲水,direct,approved,80,,答案可使用，但需提醒依當期資訊確認,
faq-367,戶外空間烤肉戲水,可以帶寵物到戶外區嗎？,能不能帶寵物到戶外區？｜可不可以帶寵物到戶外區？｜可以帶毛孩到戶外區嗎,寵物可依規範在指定戶外區活動，請牽繩、看顧並立即清理排泄物。,寵物｜戶外｜烤肉｜戲水,direct,approved,80,,,
faq-368,戶外空間烤肉戲水,戶外區可以放音樂嗎？,,戶外音樂、搭帳、空拍或戶外過夜需事前同意；需考量安全、隱私、噪音與法規。,戶外｜烤肉｜戲水,direct,approved,80,,,
faq-369,戶外空間烤肉戲水,可以在戶外搭帳篷嗎？,能不能在戶外搭帳篷？｜可不可以在戶外搭帳篷？,戶外音樂、搭帳、空拍或戶外過夜需事前同意；需考量安全、隱私、噪音與法規。,戶外｜烤肉｜戲水,direct,approved,80,,,
faq-370,戶外空間烤肉戲水,可以在戶外睡覺嗎？,能不能在戶外睡覺？｜可不可以在戶外睡覺？,戶外音樂、搭帳、空拍或戶外過夜需事前同意；需考量安全、隱私、噪音與法規。,戶外｜烤肉｜戲水,direct,approved,80,,,
faq-371,戶外空間烤肉戲水,可以使用空拍機嗎？,能不能使用空拍機？｜可不可以使用空拍機？,戶外音樂、搭帳、空拍或戶外過夜需事前同意；需考量安全、隱私、噪音與法規。,空拍機｜戶外｜烤肉｜戲水,direct,approved,80,,,
faq-372,戶外空間烤肉戲水,戶外燈幾點關？,戶外燈什麼時間關,戶外燈會於晚上 22:30 自動熄燈，請提早整理戶外與烤肉區域。,戶外燈｜烤肉｜戲水,direct,approved,80,,正式戶外燈規則：22:30。,
faq-373,戶外空間烤肉戲水,庭院可以停車嗎？,,庭院是否可停車需依現場指定停車位置與當期安排確認。請提供車輛數與車型，由管家說明可停區域。,庭院｜停車｜戶外｜烤肉｜戲水,collect_info,needs_review,80,,原答案未回答庭院停車。,
faq-374,戶外空間烤肉戲水,戶外地面濕滑怎麼辦？,戶外地面濕滑該怎麼處理？｜戶外地面濕滑要如何處理,戶外燈光、停車與設備請依指定方式使用；地面濕滑請注意安全，設備故障請通知民宿不要自行修理。,戶外｜烤肉｜戲水,direct,approved,80,,,
faq-375,戶外空間烤肉戲水,戶外設施壞了可以自己修嗎？,,戶外燈光、停車與設備請依指定方式使用；地面濕滑請注意安全，設備故障請通知民宿不要自行修理。,戶外｜烤肉｜戲水,direct,approved,80,,,
faq-376,行李寄放與入住服務,可以寄放行李嗎？,能不能寄放行李？｜可不可以寄放行李？,行李寄放或宅配代收需事前確認時間、地點與責任範圍；貴重物品請自行保管。,行李｜入住服務,collect_info,approved,80,,,
faq-377,行李寄放與入住服務,行李可以先送到民宿嗎？,行李可以先送到慢慢蒔光嗎,行李寄放或宅配代收需事前確認時間、地點與責任範圍；貴重物品請自行保管。,行李｜入住服務,direct,approved,80,,,
faq-378,行李寄放與入住服務,退房後可以放行李到下午嗎？,退宿後可以放行李到下午嗎,行李寄放或宅配代收需事前確認時間、地點與責任範圍；貴重物品請自行保管。,行李｜入住服務,direct,approved,80,,,
faq-379,行李寄放與入住服務,可以提早把行李放進房間嗎？,能不能提早把行李放進房間？｜可不可以提早把行李放進房間？,行李寄放或宅配代收需事前確認時間、地點與責任範圍；貴重物品請自行保管。,行李｜入住服務,direct,approved,80,,,
faq-380,行李寄放與入住服務,有管家服務嗎？,請問有管家服務嗎｜管家服務有提供嗎,有管家協助入住與住宿相關事項，但不是 24 小時飯店櫃台。一般問題請透過官方 LINE 聯繫；緊急狀況請使用入住通知中的聯絡方式。,管家｜行李｜入住服務,direct,approved,80,,有管家服務，但非24小時櫃台。,
faq-381,行李寄放與入住服務,有24小時櫃台嗎？,請問有24小時櫃台嗎｜24小時櫃台有提供嗎,民宿通常不是24小時飯店櫃台；服務時間依公告，緊急狀況請使用入住通知中的聯絡方式。,行李｜入住服務,direct,needs_review,80,,待屋主確認實際規則、設備或當期資訊,
faq-382,行李寄放與入住服務,晚上有問題找誰？,,民宿通常不是24小時飯店櫃台；服務時間依公告，緊急狀況請使用入住通知中的聯絡方式。,行李｜入住服務,direct,approved,80,,,
faq-383,行李寄放與入住服務,可以代收包裹嗎？,能不能代收包裹？｜可不可以代收包裹？,包裹、冷藏冷凍食材代收需先確認尺寸、到貨時間與保存空間；未確認寄送可能無法保存品質。,包裹｜行李｜入住服務,direct,approved,80,,,
faq-384,行李寄放與入住服務,可以幫忙準備蛋糕嗎？,能不能幫忙準備蛋糕？｜可不可以幫忙準備蛋糕？,蛋糕、房內布置或驚喜安排可提前詢問；需確認費用、進場時間與不得傷牆或造成清潔負擔。,蛋糕｜行李｜入住服務,collect_info,approved,80,,,
faq-385,行李寄放與入住服務,可以幫忙布置房間嗎？,能不能幫忙布置房間？｜可不可以幫忙布置房間？,蛋糕、房內布置或驚喜安排可提前詢問；需確認費用、進場時間與不得傷牆或造成清潔負擔。,布置｜行李｜入住服務,collect_info,approved,80,,,
faq-386,行李寄放與入住服務,可以幫忙叫車嗎？,能不能幫忙叫車？｜可不可以幫忙叫車？,可提供叫車資訊或協助聯繫車行；車資、等待與行程以車行回覆為準。,行李｜入住服務,collect_info,approved,80,,,
faq-387,行李寄放與入住服務,可以代訂餐嗎？,能不能代訂餐？｜可不可以代訂餐？,若有代訂餐或合作店家，可依截止時間協助；熱門時段或臨時需求不保證可訂。,行李｜入住服務,collect_info,approved,80,,,
faq-388,行李寄放與入住服務,可以提供旅遊建議嗎？,能不能提供旅遊建議？｜可不可以提供旅遊建議？,可依親子、寵物、雨天、拍照或美食需求提供在地建議；行前可再確認導航與停車。,旅遊建議｜行李｜入住服務,direct,approved,80,,,
faq-389,行李寄放與入住服務,有迎賓小禮嗎？,請問有迎賓小禮嗎｜迎賓小禮有提供嗎,迎賓小禮或活動贈品會依當期方案提供，不一定每個訂房都固定包含；下訂前可詢問目前是否有慢寶相關小禮或活動。,迎賓小禮｜行李｜入住服務,direct,needs_review,80,,待屋主確認實際規則、設備或當期資訊,
faq-390,行李寄放與入住服務,可以幫忙收垃圾嗎？,能不能幫忙收垃圾？｜可不可以幫忙收垃圾？,連住補備品、收垃圾與清潔服務依民宿公告；有需求請於服務時間聯繫。,垃圾｜行李｜入住服務,collect_info,approved,80,,,
faq-391,行李寄放與入住服務,連住會補備品嗎？,,連住補備品、收垃圾與清潔服務依民宿公告；有需求請於服務時間聯繫。,連住｜行李｜入住服務,direct,approved,80,,,
faq-392,行李寄放與入住服務,可以借針線包嗎？,能不能借針線包？｜可不可以借針線包？,針線包、雨傘、充電器、嬰兒用品等是否可借依現場備品；數量有限，使用後請歸還。,針線包｜行李｜入住服務,direct,approved,80,,,
faq-393,行李寄放與入住服務,可以借雨傘嗎？,能不能借雨傘？｜可不可以借雨傘？,針線包、雨傘、充電器、嬰兒用品等是否可借依現場備品；數量有限，使用後請歸還。,雨傘｜行李｜入住服務,direct,approved,80,,,
faq-394,行李寄放與入住服務,可以借充電器嗎？,能不能借充電器？｜可不可以借充電器？,針線包、雨傘、充電器、嬰兒用品等是否可借依現場備品；數量有限，使用後請歸還。,充電器｜行李｜入住服務,direct,approved,80,,,
faq-395,行李寄放與入住服務,可以借嬰兒用品嗎？,能不能借嬰兒用品？｜可不可以借嬰兒用品？,針線包、雨傘、充電器、嬰兒用品等是否可借依現場備品；數量有限，使用後請歸還。,行李｜入住服務,direct,approved,80,,,
faq-396,行李寄放與入住服務,可以提前寄食材過去嗎？,能不能提前寄食材過去？｜可不可以提前寄食材過去？,包裹、冷藏冷凍食材代收需先確認尺寸、到貨時間與保存空間；未確認寄送可能無法保存品質。,行李｜入住服務,collect_info,approved,80,,,
faq-397,行李寄放與入住服務,可以晚點回覆入住人數嗎？,能不能晚點回覆入住人數？｜可不可以晚點回覆入住人數？,請於指定期限前確認最終人數，方便準備寢具、備品、早餐、停車與旅客登記。,入住人數｜行李｜入住服務,direct,approved,80,,,
faq-398,行李寄放與入住服務,可以入住前一天再確認路線嗎？,能不能入住前一天再確認路線？｜可不可以入住前一天再確認路線？,可以。入住前一天可再透過官方 LINE 確認導航、停車與抵達方式；管家會依當期路況與入住安排提供最新資訊。,行李｜入住服務,direct,approved,80,,原答案未直接回答。,
faq-399,行李寄放與入住服務,可以提供房內驚喜安排嗎？,能不能提供房內驚喜安排？｜可不可以提供房內驚喜安排？,蛋糕、房內布置或驚喜安排可提前詢問；需確認費用、進場時間與不得傷牆或造成清潔負擔。,驚喜安排｜行李｜入住服務,collect_info,approved,80,,,
faq-400,行李寄放與入住服務,如果臨時需要協助搬行李呢？,如果臨時要協助搬行李呢,行李寄放或宅配代收需事前確認時間、地點與責任範圍；貴重物品請自行保管。,行李｜入住服務,direct,approved,80,,,
faq-401,旅遊行程與在地推薦,附近有什麼景點？,,可以依停留天數、親子、寵物、拍照、美食或雨天需求提供順路行程；實際營業與路況請出發前確認。,景點｜旅遊｜行程,collect_info,approved,80,,,
faq-402,旅遊行程與在地推薦,宜蘭有什麼推薦行程？,,可以依停留天數、親子、寵物、拍照、美食或雨天需求提供順路行程；實際營業與路況請出發前確認。,旅遊｜行程｜景點,collect_info,approved,80,,,
faq-403,旅遊行程與在地推薦,下雨天可以去哪裡？,,可以依停留天數、親子、寵物、拍照、美食或雨天需求提供順路行程；實際營業與路況請出發前確認。,旅遊｜行程｜景點,direct,approved,80,,,
faq-404,旅遊行程與在地推薦,帶小孩附近可以去哪？,,可以依停留天數、親子、寵物、拍照、美食或雨天需求提供順路行程；實際營業與路況請出發前確認。,旅遊｜行程｜景點,collect_info,approved,80,,,
faq-405,旅遊行程與在地推薦,帶寵物附近可以去哪？,帶毛孩附近可以去哪？,可以依停留天數、親子、寵物、拍照、美食或雨天需求提供順路行程；實際營業與路況請出發前確認。,寵物｜旅遊｜行程｜景點,collect_info,approved,80,,,
faq-406,旅遊行程與在地推薦,附近有夜市嗎？,,相關店家或景點的營業時間與狀況會變動，目前尚未建立固定清單。請告知日期、交通方式與需求，由管家提供當期建議。,旅遊｜行程｜景點,collect_info,needs_review,80,,待屋主確認實際規則、設備或當期資訊,
faq-407,旅遊行程與在地推薦,附近有溫泉嗎？,,相關店家或景點的營業時間與狀況會變動，目前尚未建立固定清單。請告知日期、交通方式與需求，由管家提供當期建議。,旅遊｜行程｜景點,collect_info,needs_review,80,,待屋主確認實際規則、設備或當期資訊,
faq-408,旅遊行程與在地推薦,附近可以看海嗎？,,可提供附近熱門點、營業日、車程與注意事項；季節活動與店家營業時間變動大，建議出發前再確認。,旅遊｜行程｜景點,collect_info,needs_review,80,,待屋主確認實際規則、設備或當期資訊,
faq-409,旅遊行程與在地推薦,附近有步道嗎？,,相關店家或景點的營業時間與狀況會變動，目前尚未建立固定清單。請告知日期、交通方式與需求，由管家提供當期建議。,旅遊｜行程｜景點,collect_info,needs_review,80,,待屋主確認實際規則、設備或當期資訊,
faq-410,旅遊行程與在地推薦,可以幫我們排行程嗎？,能不能幫我們排行程？｜可不可以幫我們排行程？,可以依停留天數、親子、寵物、拍照、美食或雨天需求提供順路行程；實際營業與路況請出發前確認。,旅遊｜行程｜景點,collect_info,approved,80,,,
faq-411,旅遊行程與在地推薦,兩天一夜怎麼排？,兩天一夜如何排,兩天一夜行程需依同行成員、交通方式、親子或寵物需求及想去的景點安排。請提供偏好，由管家協助提供順路建議；店家營業與路況仍需出發前確認。,旅遊｜行程｜景點,collect_info,approved,80,,原答案誤答成民宿設備。,
faq-412,旅遊行程與在地推薦,三天兩夜怎麼排？,三天兩夜如何排,三天兩夜行程需依同行成員、交通方式、親子或寵物需求及想去的景點安排。請提供偏好，由管家協助提供順路建議；店家營業與路況仍需出發前確認。,旅遊｜行程｜景點,collect_info,approved,80,,原答案誤答成民宿設備。,
faq-413,旅遊行程與在地推薦,附近有伴手禮店嗎？,,可提供附近店家與採買建議；熱門店家建議提早訂位，郊區夜間採買請提前安排。,旅遊｜行程｜景點,collect_info,needs_review,80,,待屋主確認實際規則、設備或當期資訊,
faq-414,旅遊行程與在地推薦,附近有咖啡廳嗎？,,可提供附近店家與採買建議；熱門店家建議提早訂位，郊區夜間採買請提前安排。,咖啡｜旅遊｜行程｜景點,collect_info,needs_review,80,,待屋主確認實際規則、設備或當期資訊,
faq-415,旅遊行程與在地推薦,附近有早午餐嗎？,,可提供附近店家與採買建議；熱門店家建議提早訂位，郊區夜間採買請提前安排。,旅遊｜行程｜景點,collect_info,needs_review,80,,待屋主確認實際規則、設備或當期資訊,
faq-416,旅遊行程與在地推薦,附近有素食餐廳嗎？,,可提供附近店家與採買建議；熱門店家建議提早訂位，郊區夜間採買請提前安排。,餐廳｜素食｜旅遊｜行程｜景點,collect_info,needs_review,80,,待屋主確認實際規則、設備或當期資訊,
faq-417,旅遊行程與在地推薦,附近有便利商店或藥局嗎？,,可提供附近店家與採買建議；熱門店家建議提早訂位，郊區夜間採買請提前安排。,旅遊｜行程｜景點,collect_info,needs_review,80,,待屋主確認實際規則、設備或當期資訊,
faq-418,旅遊行程與在地推薦,附近有醫院嗎？,,可提供附近醫院、診所或動物醫院資訊；緊急狀況請先撥119或直接前往急診。,醫院｜旅遊｜行程｜景點,collect_info,approved,80,,,
faq-419,旅遊行程與在地推薦,附近有寵物醫院嗎？,附近有毛孩醫院嗎,若需要寵物醫院資訊，請告知目前所在位置與毛孩狀況，管家可協助提供附近查詢方向；緊急狀況請直接聯繫動物醫院或就近就醫。,醫院｜寵物｜旅遊｜行程｜景點,collect_info,approved,80,,原答案錯誤使用119與急診，已改為動物醫院。,
faq-420,旅遊行程與在地推薦,可以幫忙訂票嗎？,能不能幫忙訂票？｜可不可以幫忙訂票？,票券代訂是否提供依民宿服務；通常可提供購票連結或建議，實際票務請旅客自行確認。,旅遊｜行程｜景點,collect_info,needs_review,80,,待屋主確認實際規則、設備或當期資訊,
faq-421,旅遊行程與在地推薦,附近有農場嗎？,,相關店家或景點的營業時間與狀況會變動，目前尚未建立固定清單。請告知日期、交通方式與需求，由管家提供當期建議。,旅遊｜行程｜景點,collect_info,needs_review,80,,待屋主確認實際規則、設備或當期資訊,
faq-422,旅遊行程與在地推薦,附近有手作體驗嗎？,,相關店家或景點的營業時間與狀況會變動，目前尚未建立固定清單。請告知日期、交通方式與需求，由管家提供當期建議。,旅遊｜行程｜景點,collect_info,needs_review,80,,待屋主確認實際規則、設備或當期資訊,
faq-423,旅遊行程與在地推薦,附近有拍照景點嗎？,,可以依停留天數、親子、寵物、拍照、美食或雨天需求提供順路行程；實際營業與路況請出發前確認。,拍照｜景點｜旅遊｜行程,collect_info,approved,80,,,
faq-424,旅遊行程與在地推薦,附近晚上有活動嗎？,,可提供附近熱門點、營業日、車程與注意事項；季節活動與店家營業時間變動大，建議出發前再確認。,活動｜旅遊｜行程｜景點,collect_info,needs_review,80,,待屋主確認實際規則、設備或當期資訊,
faq-425,旅遊行程與在地推薦,退房後順遊哪裡比較好？,退宿後順遊哪裡比較好？,可以依停留天數、親子、寵物、拍照、美食或雨天需求提供順路行程；實際營業與路況請出發前確認。,旅遊｜行程｜景點,direct,approved,80,,,
faq-426,發票收據資料與身分登記,入住為什麼要登記資料？,,民宿依法需登記住宿旅客資料並保存六個月；請出示身分證、護照或居留證等有效文件，資料會依個資規定處理。,發票｜收據｜身分登記,direct,approved,80,,,
faq-427,發票收據資料與身分登記,可以不給身分證嗎？,能不能不給身分證？｜可不可以不給身分證？,民宿依法需登記住宿旅客資料並保存六個月；請出示身分證、護照或居留證等有效文件，資料會依個資規定處理。,身分證｜發票｜收據｜身分登記,ask_human,approved,80,,此題需人工依個案處理，不由慢寶直接承諾,
faq-428,發票收據資料與身分登記,只給訂房代表證件可以嗎？,只給預約代表證件可以嗎,是否只需提供訂房代表證件，需依住宿登記規定與當期作業方式確認。入住前請向管家確認每位旅客需要提供的資料。,發票｜收據｜身分登記,ask_human,needs_review,80,,涉及住宿登記與個資，需確認法規與流程。,
faq-429,發票收據資料與身分登記,資料會保存多久？,,住宿登記資料應用於住宿管理、法規要求與必要聯絡；保存期滿後可依民宿個資管理流程處理。,發票｜收據｜身分登記,direct,needs_review,80,,待屋主確認實際規則、設備或當期資訊,
faq-430,發票收據資料與身分登記,身分資料會拿去做行銷嗎？,,住宿登記資料僅應用於住宿管理、法規要求與必要聯絡，不應未經同意用於其他行銷目的；實際個資告知事項以民宿正式文件為準。,發票｜收據｜身分登記,direct,needs_review,80,,涉及個資政策，需正式文件確認。,
faq-431,發票收據資料與身分登記,可以拍身分證嗎？,能不能拍身分證？｜可不可以拍身分證？,是否需要拍攝或留存身分證影像，需依合法住宿登記流程與個資告知事項辦理。請先向管家確認正式作業方式，不要透過非官方管道傳送證件。,身分證｜發票｜收據｜身分登記,ask_human,needs_review,80,,涉及證件影像與個資，高風險。,
faq-432,發票收據資料與身分登記,外國人要提供護照嗎？,,民宿依法需登記住宿旅客資料並保存六個月；請出示身分證、護照或居留證等有效文件，資料會依個資規定處理。,護照｜發票｜收據｜身分登記,ask_human,approved,80,,此題需人工依個案處理，不由慢寶直接承諾,
faq-433,發票收據資料與身分登記,訂房資料填錯怎麼辦？,訂房資料填錯該怎麼處理？｜訂房資料填錯要如何處理｜預約資料填錯怎麼辦？,請使用官方表單或官方LINE提供正確資料；姓名、電話、人數、車輛、寵物與發票資料有變更請入住前通知。,發票｜收據｜身分登記,direct,approved,80,,,
faq-434,發票收據資料與身分登記,需要填入住表單嗎？,要填入住表單嗎,請使用官方表單或官方LINE提供正確資料；姓名、電話、人數、車輛、寵物與發票資料有變更請入住前通知。,發票｜收據｜身分登記,direct,approved,80,,,
faq-435,發票收據資料與身分登記,可以開收據嗎？,能不能開收據？｜可不可以開收據？,如需收據、發票、公司抬頭或統編，請在付款前提供；可開立格式與項目依民宿稅籍與實際收費辦理。,收據｜發票｜身分登記,ask_human,approved,80,,此題需人工依個案處理，不由慢寶直接承諾,
faq-436,發票收據資料與身分登記,可以開統編嗎？,能不能開統編？｜可不可以開統編？,如需收據、發票、公司抬頭或統編，請在付款前提供；可開立格式與項目依民宿稅籍與實際收費辦理。,統編｜發票｜收據｜身分登記,ask_human,approved,80,,此題需人工依個案處理，不由慢寶直接承諾,
faq-437,發票收據資料與身分登記,發票可以事後補開嗎？,,如需收據、發票、公司抬頭或統編，請在付款前提供；可開立格式與項目依民宿稅籍與實際收費辦理。,發票｜收據｜身分登記,ask_human,approved,80,,此題需人工依個案處理，不由慢寶直接承諾,
faq-438,發票收據資料與身分登記,收據可以寫住宿費嗎？,,如需收據、發票、公司抬頭或統編，請在付款前提供；可開立格式與項目依民宿稅籍與實際收費辦理。,收據｜發票｜身分登記,ask_human,approved,80,,此題需人工依個案處理，不由慢寶直接承諾,
faq-439,發票收據資料與身分登記,可以分開開收據嗎？,能不能分開開收據？｜可不可以分開開收據？,如需收據、發票、公司抬頭或統編，請在付款前提供；可開立格式與項目依民宿稅籍與實際收費辦理。,收據｜發票｜身分登記,ask_human,approved,80,,此題需人工依個案處理，不由慢寶直接承諾,
faq-440,發票收據資料與身分登記,平台訂房由誰開發票？,平台預約由誰開發票,平台訂房的發票或收據開立方，會依平台收款方式與訂單規則不同。請先查看平台訂單說明，仍不確定時再由管家協助確認。,發票｜收據｜身分登記,ask_human,needs_review,80,,平台發票責任需依平台規則確認。,
faq-441,發票收據資料與身分登記,押金會開收據嗎？,,如需收據、發票、公司抬頭或統編，請在付款前提供；可開立格式與項目依民宿稅籍與實際收費辦理。,收據｜押金｜發票｜身分登記,ask_human,approved,80,,此題需人工依個案處理，不由慢寶直接承諾,
faq-442,發票收據資料與身分登記,加人費可以開收據嗎？,,如需收據、發票、公司抬頭或統編，請在付款前提供；可開立格式與項目依民宿稅籍與實際收費辦理。,收據｜發票｜身分登記,ask_human,approved,80,,此題需人工依個案處理，不由慢寶直接承諾,
faq-443,發票收據資料與身分登記,寵物清潔費可以開收據嗎？,毛孩清潔費可以開收據嗎,如需收據、發票、公司抬頭或統編，請在付款前提供；可開立格式與項目依民宿稅籍與實際收費辦理。,清潔費｜收據｜寵物｜發票｜身分登記,ask_human,approved,80,,此題需人工依個案處理，不由慢寶直接承諾,
faq-444,發票收據資料與身分登記,公司旅遊可以開公司抬頭嗎？,,如需收據、發票、公司抬頭或統編，請在付款前提供；可開立格式與項目依民宿稅籍與實際收費辦理。,公司抬頭｜發票｜收據｜身分登記,direct,approved,80,,,
faq-445,發票收據資料與身分登記,入住名單要提前給嗎？,,請使用官方表單或官方LINE提供正確資料；姓名、電話、人數、車輛、寵物與發票資料有變更請入住前通知。,發票｜收據｜身分登記,collect_info,approved,80,,,
faq-446,發票收據資料與身分登記,資料填表安全嗎？,,住宿登記資料應用於住宿管理、法規要求與必要聯絡；保存期滿後可依民宿個資管理流程處理。,發票｜收據｜身分登記,direct,approved,80,,,
faq-447,發票收據資料與身分登記,可以刪除我的個資嗎？,能不能刪除我的個資？｜可不可以刪除我的個資？,可以提出個資查詢、更正或刪除需求，但住宿登記資料若有法定保存義務，需依規定處理。請透過官方管道聯繫，由管家依正式個資流程確認。,個資｜發票｜收據｜身分登記,ask_human,needs_review,80,,涉及個資權利與法定保存義務。,
faq-448,發票收據資料與身分登記,可以使用假名訂房嗎？,能不能使用假名訂房？｜可不可以使用假名訂房？｜可以使用假名預約嗎,訂房可用暱稱聯絡，但入住登記需提供真實身分資料，確保合法與安全。,發票｜收據｜身分登記,direct,approved,80,,,
faq-449,發票收據資料與身分登記,電話寫朋友的可以嗎？,,請使用官方表單或官方LINE提供正確資料；姓名、電話、人數、車輛、寵物與發票資料有變更請入住前通知。,發票｜收據｜身分登記,direct,approved,80,,,
faq-450,發票收據資料與身分登記,資料變更要什麼時候通知？,,請使用官方表單或官方LINE提供正確資料；姓名、電話、人數、車輛、寵物與發票資料有變更請入住前通知。,發票｜收據｜身分登記,direct,approved,80,,,
faq-451,隱私保險遺失物與客訴,房間內有監視器嗎？,,客房與浴室等私人空間不會設置監視器；公共空間與出入口可能設有監視設備，用於安全與出入口管理。,監視器｜隱私｜遺失物｜客訴,direct,approved,80,,正式監視器規則。,
faq-452,隱私保險遺失物與客訴,公共區監視器會拍到我們嗎？,,公共空間與出入口的監視設備可能拍攝到通行畫面，目的為安全與出入口管理；客房與浴室等私人空間不會設置監視器。,監視器｜隱私｜遺失物｜客訴,direct,approved,80,,公共區監視器只用於安全管理。,
faq-453,隱私保險遺失物與客訴,民宿有保險嗎？,慢慢蒔光有保險嗎,民宿保險的實際保障範圍、保額與理賠條件需依正式保單與事故情況確認。若需要相關資料，請由管家提供正式說明。,保險｜隱私｜遺失物｜客訴,ask_human,needs_review,80,,涉及保險與理賠，需正式文件。,
faq-454,隱私保險遺失物與客訴,東西遺失怎麼辦？,東西遺失該怎麼處理？｜東西遺失要如何處理,請提供物品特徵、可能位置與入住日期；找到後可協助寄回或自取，貴重物品建議自行保管。,隱私｜遺失物｜客訴,collect_info,approved,80,,,
faq-455,隱私保險遺失物與客訴,退房後發現忘東西怎麼辦？,退房後發現忘東西該怎麼處理？｜退房後發現忘東西要如何處理｜退宿後發現忘東西怎麼辦？,請提供物品特徵、可能位置與入住日期；找到後可協助寄回或自取，貴重物品建議自行保管。,隱私｜遺失物｜客訴,collect_info,approved,80,,,
faq-456,隱私保險遺失物與客訴,遺失物會保管多久？,,遺失物保管期限與寄回方式需依民宿正式規定確認。請提供入住日期、物品特徵與可能位置，管家會協助查找並說明後續處理。,遺失物｜隱私｜客訴,collect_info,needs_review,80,,需制定遺失物保管期限。,
faq-457,隱私保險遺失物與客訴,貴重物品可以寄放嗎？,,貴重物品請自行保管，民宿目前不承諾提供保管或保險責任。若有特殊需求，請事前向管家確認是否能協助。,隱私｜遺失物｜客訴,ask_human,approved,80,,避免承諾保管責任。,
faq-458,隱私保險遺失物與客訴,房內物品壞了怎麼辦？,房內物品壞了該怎麼處理？｜房內物品壞了要如何處理,請主動拍照並通知民宿；民宿會判斷正常耗損或人為損壞，依證據與規範協調清潔、修復或賠償。,隱私｜遺失物｜客訴,direct,approved,80,,,
faq-459,隱私保險遺失物與客訴,不小心打破杯子要賠嗎？,,請主動拍照並通知民宿；民宿會判斷正常耗損或人為損壞，依證據與規範協調清潔、修復或賠償。,隱私｜遺失物｜客訴,direct,approved,80,,,
faq-460,隱私保險遺失物與客訴,床單被染色怎麼辦？,床單被染色該怎麼處理？｜床單被染色要如何處理,請主動拍照並通知民宿；民宿會判斷正常耗損或人為損壞，依證據與規範協調清潔、修復或賠償。,床單｜隱私｜遺失物｜客訴,direct,approved,80,,,
faq-461,隱私保險遺失物與客訴,家具刮傷怎麼辦？,家具刮傷該怎麼處理？｜家具刮傷要如何處理,請主動拍照並通知民宿；民宿會判斷正常耗損或人為損壞，依證據與規範協調清潔、修復或賠償。,隱私｜遺失物｜客訴,direct,approved,80,,,
faq-462,隱私保險遺失物與客訴,入住不滿意可以退費嗎？,,請第一時間向管家反映並提供照片或狀況說明，以便立即處理。是否退費或補償需依實際問題、處理結果與訂房政策個案確認。,退費｜隱私｜遺失物｜客訴,ask_human,approved,80,,退款或補償不可由慢寶直接承諾。,
faq-463,隱私保險遺失物與客訴,房間跟照片不一樣怎麼辦？,房間跟照片不一樣該怎麼處理？｜房間跟照片不一樣要如何處理,請第一時間反映並提供照片或狀況說明，讓民宿可即時改善；退費或補償需依問題性質與訂房政策判斷。,隱私｜遺失物｜客訴,direct,approved,80,,答案可使用，但需提醒依當期資訊確認,
faq-464,隱私保險遺失物與客訴,設備故障會補償嗎？,,請立即通知管家並提供設備故障狀況，以便先協助排除或安排替代方案。是否補償需依影響程度與實際處理結果個案確認。,補償｜隱私｜遺失物｜客訴,ask_human,approved,80,,補償需個案判斷。,
faq-465,隱私保險遺失物與客訴,隔壁太吵怎麼辦？,隔壁太吵該怎麼處理？｜隔壁太吵要如何處理,請立即聯繫民宿，由工作人員協助提醒與處理；不要直接與對方發生衝突。,隱私｜遺失物｜客訴,direct,approved,80,,,
faq-466,隱私保險遺失物與客訴,附近鄰居抗議怎麼辦？,附近鄰居抗議該怎麼處理？｜附近鄰居抗議要如何處理,請立即聯繫民宿，由工作人員協助提醒與處理；不要直接與對方發生衝突。,隱私｜遺失物｜客訴,collect_info,approved,80,,,
faq-467,隱私保險遺失物與客訴,可以給評價嗎？,能不能給評價？｜可不可以給評價？,非常歡迎留下真實評價，您的回饋能幫助我們改善服務；若入住中有任何問題，也請第一時間告訴管家，讓我們有機會即時協助。,隱私｜遺失物｜客訴,direct,approved,80,,,
faq-468,隱私保險遺失物與客訴,評論可以獲得優惠嗎？,,若有評論活動或回饋優惠，會依當期公告為準；民宿歡迎真實心得，但不會要求不實好評或以優惠交換不實評價。,優惠｜隱私｜遺失物｜客訴,collect_info,approved,80,,,
faq-469,隱私保險遺失物與客訴,可以客訴嗎？,能不能客訴？｜可不可以客訴？,可以，請提供入住日期、房型、問題描述與照片，我們會認真處理並回覆改善方式。,客訴｜隱私｜遺失物,ask_human,approved,80,,此題需人工依個案處理，不由慢寶直接承諾,
faq-470,隱私保險遺失物與客訴,遇到安全疑慮怎麼辦？,遇到安全疑慮該怎麼處理？｜遇到安全疑慮要如何處理,若遇人身安全、火災、醫療急症或可疑狀況，請優先撥打 110 或 119，再立即通知管家；非急迫問題可透過官方 LINE 聯繫。,安全疑慮｜隱私｜遺失物｜客訴,direct,approved,80,,緊急狀況優先110/119。,
faq-471,隱私保險遺失物與客訴,鄰近施工會事先通知嗎？,,若住宿期間附近有已知施工或可能影響入住的狀況，民宿會盡量提前通知；臨時施工或外部因素則會依現場狀況協助說明與處理。,施工｜隱私｜遺失物｜客訴,direct,approved,80,,,
faq-472,隱私保險遺失物與客訴,停水怎麼辦？,停水該怎麼處理？｜停水要如何處理,若遇停水，請先停止大量用水並立即通知管家；民宿會協助確認是區域停水、設備異常或臨時狀況，並依情況提供處理方式。,停水｜隱私｜遺失物｜客訴,direct,approved,80,,,
faq-473,隱私保險遺失物與客訴,網路斷線怎麼辦？,網路斷線該怎麼處理？｜網路斷線要如何處理,若網路斷線，請先確認 Wi-Fi 名稱與設備電源，仍無法連線時請通知管家；民宿會協助重啟設備或確認是否為外部網路異常。,網路斷線｜隱私｜遺失物｜客訴,direct,approved,80,,,
faq-474,隱私保險遺失物與客訴,房間被誤闖怎麼辦？,房間被誤闖該怎麼處理？｜房間被誤闖要如何處理,若發生房間被誤闖或疑似安全問題，請立即通知管家；若涉及人身安全，請先撥打 110 或 119，並保留現場狀況。,誤闖｜隱私｜遺失物｜客訴,direct,approved,80,,,
faq-475,隱私保險遺失物與客訴,退房後被通知損壞怎麼辦？,退房後被通知損壞該怎麼處理？｜退房後被通知損壞要如何處理｜退宿後被通知損壞怎麼辦？,若退房後收到損壞通知，可請管家提供照片、檢查紀錄與費用依據，再依實際情況溝通。慢寶無法直接判定責任或賠償金額。,隱私｜遺失物｜客訴,ask_human,approved,80,,損壞與賠償需人工處理。,
faq-476,特殊需求與情境應對,可以帶導盲犬或服務犬嗎？,能不能帶導盲犬或服務犬？｜可不可以帶導盲犬或服務犬？,服務性動物需求請事先告知，民宿會依相關規範與實際動線協助安排；請攜帶必要證明與用品。,特殊需求｜情境應對,direct,approved,80,,,
faq-477,特殊需求與情境應對,我對羽絨過敏怎麼辦？,我對羽絨過敏該怎麼處理？｜我對羽絨過敏要如何處理,請訂房時告知過敏項目，民宿會確認是否可調整寢具、減少香氛或建議自備用品。,特殊需求｜情境應對,direct,approved,80,,,
faq-478,特殊需求與情境應對,我對香味過敏可以嗎？,,請訂房時告知過敏項目，民宿會確認是否可調整寢具、減少香氛或建議自備用品。,特殊需求｜情境應對,direct,approved,80,,,
faq-479,特殊需求與情境應對,可以安排安靜房嗎？,能不能安排安靜房？｜可不可以安排安靜房？,可以提出房型、樓層或安靜需求，我們會依房況盡量安排，但無法保證一定指定成功。,安靜房｜特殊需求｜情境應對,collect_info,approved,80,,,
faq-480,特殊需求與情境應對,可以安排浪漫布置嗎？,能不能安排浪漫布置？｜可不可以安排浪漫布置？,可提前提供預算、時間與驚喜流程，民宿會確認可協助項目、費用與不傷場地的布置方式。,布置｜特殊需求｜情境應對,collect_info,approved,80,,,
faq-481,特殊需求與情境應對,可以準備求婚驚喜嗎？,能不能準備求婚驚喜？｜可不可以準備求婚驚喜？,可提前提供預算、時間與驚喜流程，民宿會確認可協助項目、費用與不傷場地的布置方式。,求婚｜特殊需求｜情境應對,direct,approved,80,,,
faq-482,特殊需求與情境應對,可以準備生日蛋糕嗎？,能不能準備生日蛋糕？｜可不可以準備生日蛋糕？,可提前提供預算、時間與驚喜流程，民宿會確認可協助項目、費用與不傷場地的布置方式。,蛋糕｜特殊需求｜情境應對,direct,approved,80,,,
faq-483,特殊需求與情境應對,可以提早寄生日禮物到民宿嗎？,能不能提早寄生日禮物到民宿？｜可不可以提早寄生日禮物到民宿？｜可以提早寄生日禮物到慢慢蒔光嗎,可提前提供預算、時間與驚喜流程，民宿會確認可協助項目、費用與不傷場地的布置方式。,特殊需求｜情境應對,direct,approved,80,,,
faq-484,特殊需求與情境應對,可以安排鮮花嗎？,能不能安排鮮花？｜可不可以安排鮮花？,可提前提供預算、時間與驚喜流程，民宿會確認可協助項目、費用與不傷場地的布置方式。,鮮花｜特殊需求｜情境應對,collect_info,approved,80,,,
faq-485,特殊需求與情境應對,可以幫忙保密驚喜嗎？,能不能幫忙保密驚喜？｜可不可以幫忙保密驚喜？,可提前提供預算、時間與驚喜流程，民宿會確認可協助項目、費用與不傷場地的布置方式。,特殊需求｜情境應對,collect_info,approved,80,,,
faq-486,特殊需求與情境應對,可以入住前先送冷凍蛋糕嗎？,能不能入住前先送冷凍蛋糕？｜可不可以入住前先送冷凍蛋糕？,冷藏冷凍物、快遞或大型道具代收需事前確認尺寸、到貨時間與保存空間，未確認不建議寄送。,冷凍蛋糕｜特殊需求｜情境應對,direct,approved,80,,,
faq-487,特殊需求與情境應對,可以帶長輩醫療器材嗎？,能不能帶長輩醫療器材？｜可不可以帶長輩醫療器材？,必要醫療器材或冷藏藥品可先告知；高功率設備與冷藏空間需確認，用藥請自行保管。,醫療器材｜長輩｜特殊需求｜情境應對,direct,approved,80,,,
faq-488,特殊需求與情境應對,需要冷藏藥品怎麼辦？,需要冷藏藥品該怎麼處理？｜需要冷藏藥品要如何處理｜要冷藏藥品怎麼辦？,冷藏冷凍物、快遞或大型道具代收需事前確認尺寸、到貨時間與保存空間，未確認不建議寄送。,冷藏藥品｜特殊需求｜情境應對,direct,approved,80,,,
faq-489,特殊需求與情境應對,可以入住時收快遞嗎？,能不能入住時收快遞？｜可不可以入住時收快遞？,冷藏冷凍物、快遞或大型道具代收需事前確認尺寸、到貨時間與保存空間，未確認不建議寄送。,特殊需求｜情境應對,direct,approved,80,,,
faq-490,特殊需求與情境應對,可以提早寄婚禮道具嗎？,能不能提早寄婚禮道具？｜可不可以提早寄婚禮道具？,冷藏冷凍物、快遞或大型道具代收需事前確認尺寸、到貨時間與保存空間，未確認不建議寄送。,特殊需求｜情境應對,direct,approved,80,,,
faq-491,特殊需求與情境應對,可以帶自己的枕頭被子嗎？,能不能帶自己的枕頭被子？｜可不可以帶自己的枕頭被子？,可以自備慣用寢具，請自行保管並退房時帶走；若要調整房內配置請先告知。,特殊需求｜情境應對,direct,approved,80,,,
faq-492,特殊需求與情境應對,可以要求不要打掃房間嗎？,能不能要求不要打掃房間？｜可不可以要求不要打掃房間？,連住期間若不需打掃可提前告知；但垃圾、廚餘與衛生問題仍需依規定處理。,特殊需求｜情境應對,collect_info,approved,80,,答案可使用，但需提醒依當期資訊確認,
faq-493,特殊需求與情境應對,可以請民宿推薦攝影師嗎？,能不能請民宿推薦攝影師？｜可不可以請民宿推薦攝影師？｜可以請慢慢蒔光推薦攝影師嗎,是否能推薦攝影師需依當期合作資源確認。請提供拍攝日期、內容、預算與風格需求，由管家確認是否有合適的推薦方向。,攝影師｜特殊需求｜情境應對,collect_info,needs_review,80,,原答案與攝影師推薦無關。,
faq-494,特殊需求與情境應對,可以請外部按摩師到民宿嗎？,能不能請外部按摩師到民宿？｜可不可以請外部按摩師到民宿？｜可以請外部按摩師到慢慢蒔光嗎,外部服務、企業小聚、開會或遠端工作需事前確認人數、設備、網路、訪客與場地規範。,按摩師｜特殊需求｜情境應對,direct,approved,80,,,
faq-495,特殊需求與情境應對,可以辦企業小聚嗎？,能不能辦企業小聚？｜可不可以辦企業小聚？,外部服務、企業小聚、開會或遠端工作需事前確認人數、設備、網路、訪客與場地規範。,企業小聚｜特殊需求｜情境應對,direct,approved,80,,,
faq-496,特殊需求與情境應對,可以開會或遠端工作嗎？,能不能開會或遠端工作？｜可不可以開會或遠端工作？,外部服務、企業小聚、開會或遠端工作需事前確認人數、設備、網路、訪客與場地規範。,遠端工作｜特殊需求｜情境應對,direct,approved,80,,,
faq-497,特殊需求與情境應對,可以要求高樓層或景觀房嗎？,能不能要求高樓層或景觀房？｜可不可以要求高樓層或景觀房？,可以提出房型、樓層或安靜需求，我們會依房況盡量安排，但無法保證一定指定成功。,特殊需求｜情境應對,collect_info,approved,80,,,
faq-498,特殊需求與情境應對,可以要求避開某個房間嗎？,能不能要求避開某個房間？｜可不可以要求避開某個房間？,可以提出房型、樓層或安靜需求，我們會依房況盡量安排，但無法保證一定指定成功。,特殊需求｜情境應對,collect_info,approved,80,,,
faq-499,特殊需求與情境應對,可以帶神明或祖先牌位入住嗎？,能不能帶神明或祖先牌位入住？｜可不可以帶神明或祖先牌位入住？,一般不建議也不開放攜帶神明或祖先牌位入住。若有特殊宗教物品需求，請務必事前詢問；館內禁止點香、燒金紙或進行可能影響安全與他人的儀式。,特殊需求｜情境應對,direct,approved,80,,,
faq-500,特殊需求與情境應對,遇到臨時緊急事件怎麼辦？,遇到臨時緊急事件該怎麼處理？｜遇到臨時緊急事件要如何處理,遇到人身安全、火災或醫療急症時，請先撥打 110 或 119，再通知管家；非急迫問題請透過官方 LINE 或入住通知中的聯絡方式處理。,緊急事件｜特殊需求｜情境應對,direct,approved,80,,緊急狀況優先110/119。,
