priority,faq_id,category,question,current_answer,risk_type,audit_reason,suggested_status,suggested_answer_mode,suggested_action,owner_note
P0,faq-004,訂房與空房,訂房需要先付訂金嗎？,通常會依管家確認後的付款說明收取訂金或預付款來保留日期；實際金額、付款期限與尾款方式，會在正式確認訊息中清楚告知。,price_refund_privacy_safety_or_policy,價格、退款、押金、付款、發票、個資、安全或客服承諾類題目不宜直接核准為 direct,needs_review,ask_human,人工確認正確答案；必要時改 status=needs_review 並改 answer_mode=collect_info 或 ask_human,
P0,faq-005,訂房與空房,訂房後多久內要匯款？,請依管家提供的付款期限完成匯款或付款；若超過期限仍未完成，日期可能無法繼續保留。若需要延後付款，請先與管家確認。,price_refund_privacy_safety_or_policy,價格、退款、押金、付款、發票、個資、安全或客服承諾類題目不宜直接核准為 direct,needs_review,ask_human,人工確認正確答案；必要時改 status=needs_review 並改 answer_mode=collect_info 或 ask_human,
P0,faq-018,訂房與空房,官網、平台和LINE價格一樣嗎？,不同通路可能因平台費用、活動或付款條件而有差異，以實際下訂頁面或民宿正式回覆報價為準。,price_refund_privacy_safety_or_policy,價格、退款、押金、付款、發票、個資、安全或客服承諾類題目不宜直接核准為 direct,needs_review,ask_human,人工確認正確答案；必要時改 status=needs_review 並改 answer_mode=collect_info 或 ask_human,
P0,faq-026,房價與付款,房價是多少？,房價會依日期、平假日、連假、入住人數與方案不同而調整；請提供日期與人數，我們會回覆最準確報價。,price_refund_privacy_safety_or_policy,價格、退款、押金、付款、發票、個資、安全或客服承諾類題目不宜直接核准為 direct,needs_review,ask_human,人工確認正確答案；必要時改 status=needs_review 並改 answer_mode=collect_info 或 ask_human,
P0,faq-027,房價與付款,包棟價格怎麼算？,房價會依日期、平假日、連假、入住人數與方案不同而調整；請提供日期與人數，我們會回覆最準確報價。,price_refund_privacy_safety_or_policy,價格、退款、押金、付款、發票、個資、安全或客服承諾類題目不宜直接核准為 direct,needs_review,ask_human,人工確認正確答案；必要時改 status=needs_review 並改 answer_mode=collect_info 或 ask_human,
P0,faq-028,房價與付款,價格包含哪些費用？,房價會依日期、平假日、連假、入住人數與方案不同而調整；請提供日期與人數，我們會回覆最準確報價。,price_refund_privacy_safety_or_policy,價格、退款、押金、付款、發票、個資、安全或客服承諾類題目不宜直接核准為 direct,needs_review,ask_human,人工確認正確答案；必要時改 status=needs_review 並改 answer_mode=collect_info 或 ask_human,
P0,faq-029,房價與付款,有另外收清潔費嗎？,一般正常清潔多已包含於報價；若有寵物、嚴重髒污、嘔吐、煙味或設備損壞，可能依規定另收費。,price_refund_privacy_safety_or_policy,價格、退款、押金、付款、發票、個資、安全或客服承諾類題目不宜直接核准為 direct,needs_review,ask_human,人工確認正確答案；必要時改 status=needs_review 並改 answer_mode=collect_info 或 ask_human,
P0,faq-030,房價與付款,小孩也算人數嗎？,兒童或嬰兒是否計費會依年齡、身高、是否佔床與民宿規定判斷；請提供孩子年齡方便確認。,price_refund_privacy_safety_or_policy,價格、退款、押金、付款、發票、個資、安全或客服承諾類題目不宜直接核准為 direct,needs_review,ask_human,人工確認正確答案；必要時改 status=needs_review 並改 answer_mode=collect_info 或 ask_human,
P0,faq-031,房價與付款,嬰兒需要收費嗎？,兒童或嬰兒是否計費會依年齡、身高、是否佔床與民宿規定判斷；請提供孩子年齡方便確認。,price_refund_privacy_safety_or_policy,價格、退款、押金、付款、發票、個資、安全或客服承諾類題目不宜直接核准為 direct,needs_review,ask_human,人工確認正確答案；必要時改 status=needs_review 並改 answer_mode=collect_info 或 ask_human,
P0,faq-032,房價與付款,加人怎麼收費？,超過基本人數或需加床時，會依每人每晚或每床規則加收費用，並提供相應寢具與備品。,price_refund_privacy_safety_or_policy,價格、退款、押金、付款、發票、個資、安全或客服承諾類題目不宜直接核准為 direct,needs_review,ask_human,人工確認正確答案；必要時改 status=needs_review 並改 answer_mode=collect_info 或 ask_human,
P0,faq-033,房價與付款,加床怎麼收費？,超過基本人數或需加床時，會依每人每晚或每床規則加收費用，並提供相應寢具與備品。,price_refund_privacy_safety_or_policy,價格、退款、押金、付款、發票、個資、安全或客服承諾類題目不宜直接核准為 direct,needs_review,ask_human,人工確認正確答案；必要時改 status=needs_review 並改 answer_mode=collect_info 或 ask_human,
P0,faq-034,房價與付款,尾款可以什麼時候付？,尾款支付時間與方式會在訂房確認訊息中載明，常見為入住前匯款或入住當日結清。,price_refund_privacy_safety_or_policy,價格、退款、押金、付款、發票、個資、安全或客服承諾類題目不宜直接核准為 direct,needs_review,ask_human,人工確認正確答案；必要時改 status=needs_review 並改 answer_mode=collect_info 或 ask_human,
P0,faq-035,房價與付款,可以刷卡嗎？,付款方式以民宿當期公告為準；若使用未列出的支付方式，請先詢問確認，避免現場無法付款。,price_refund_privacy_safety_or_policy,價格、退款、押金、付款、發票、個資、安全或客服承諾類題目不宜直接核准為 direct,needs_review,ask_human,人工確認正確答案；必要時改 status=needs_review 並改 answer_mode=collect_info 或 ask_human,
P0,faq-036,房價與付款,可以用轉帳嗎？,付款方式以民宿當期公告為準；若使用未列出的支付方式，請先詢問確認，避免現場無法付款。,price_refund_privacy_safety_or_policy,價格、退款、押金、付款、發票、個資、安全或客服承諾類題目不宜直接核准為 direct,needs_review,ask_human,人工確認正確答案；必要時改 status=needs_review 並改 answer_mode=collect_info 或 ask_human,
P0,faq-037,房價與付款,可以用現金嗎？,付款方式以民宿當期公告為準；若使用未列出的支付方式，請先詢問確認，避免現場無法付款。,price_refund_privacy_safety_or_policy,價格、退款、押金、付款、發票、個資、安全或客服承諾類題目不宜直接核准為 direct,needs_review,ask_human,人工確認正確答案；必要時改 status=needs_review 並改 answer_mode=collect_info 或 ask_human,
P0,faq-038,房價與付款,可以用行動支付嗎？,付款方式以民宿當期公告為準；若使用未列出的支付方式，請先詢問確認，避免現場無法付款。,price_refund_privacy_safety_or_policy,價格、退款、押金、付款、發票、個資、安全或客服承諾類題目不宜直接核准為 direct,needs_review,ask_human,人工確認正確答案；必要時改 status=needs_review 並改 answer_mode=collect_info 或 ask_human,
P0,faq-039,房價與付款,可以開發票嗎？,如需發票、收據、公司抬頭或統編，請在付款前提供資料；可開立格式依民宿稅籍與作業規定。,price_refund_privacy_safety_or_policy,價格、退款、押金、付款、發票、個資、安全或客服承諾類題目不宜直接核准為 direct,needs_review,ask_human,人工確認正確答案；必要時改 status=needs_review 並改 answer_mode=collect_info 或 ask_human,
P0,faq-040,房價與付款,可以報公司帳嗎？,如需發票、收據、公司抬頭或統編，請在付款前提供資料；可開立格式依民宿稅籍與作業規定。,price_refund_privacy_safety_or_policy,價格、退款、押金、付款、發票、個資、安全或客服承諾類題目不宜直接核准為 direct,needs_review,ask_human,人工確認正確答案；必要時改 status=needs_review 並改 answer_mode=collect_info 或 ask_human,
P0,faq-041,房價與付款,可以分開付款嗎？,多人付款建議由一位代表統一付款；若需分開付款，請先確認民宿是否可協助對帳。,price_refund_privacy_safety_or_policy,價格、退款、押金、付款、發票、個資、安全或客服承諾類題目不宜直接核准為 direct,needs_review,ask_human,人工確認正確答案；必要時改 status=needs_review 並改 answer_mode=collect_info 或 ask_human,
P0,faq-042,房價與付款,多人包棟可以各自轉帳嗎？,包棟通常依日期、基本人數、加人數與設施使用範圍計價；確認總人數後會提供完整報價。,price_refund_privacy_safety_or_policy,價格、退款、押金、付款、發票、個資、安全或客服承諾類題目不宜直接核准為 direct,needs_review,ask_human,人工確認正確答案；必要時改 status=needs_review 並改 answer_mode=collect_info 或 ask_human,
P0,faq-043,房價與付款,付款後如何確認？,付款後請回傳訂房姓名、入住日期、金額與帳號後五碼；若匯錯金額請立即聯繫協助補差或退款。,price_refund_privacy_safety_or_policy,價格、退款、押金、付款、發票、個資、安全或客服承諾類題目不宜直接核准為 direct,needs_review,ask_human,人工確認正確答案；必要時改 status=needs_review 並改 answer_mode=collect_info 或 ask_human,
P0,faq-044,房價與付款,匯錯金額怎麼辦？,付款後請回傳訂房姓名、入住日期、金額與帳號後五碼；若匯錯金額請立即聯繫協助補差或退款。,price_refund_privacy_safety_or_policy,價格、退款、押金、付款、發票、個資、安全或客服承諾類題目不宜直接核准為 direct,needs_review,ask_human,人工確認正確答案；必要時改 status=needs_review 並改 answer_mode=collect_info 或 ask_human,
P0,faq-045,房價與付款,訂金可以折抵房費嗎？,訂金會計入總房費，尾款只需支付扣除訂金後的餘額；實際尾款金額與付款方式會在管家確認訊息中列明。,price_refund_privacy_safety_or_policy,價格、退款、押金、付款、發票、個資、安全或客服承諾類題目不宜直接核准為 direct,needs_review,ask_human,人工確認正確答案；必要時改 status=needs_review 並改 answer_mode=collect_info 或 ask_human,
P0,faq-046,房價與付款,價格可以優惠嗎？,房價會依日期、平假日、連假、入住人數與方案不同而調整；請提供日期與人數，我們會回覆最準確報價。,price_refund_privacy_safety_or_policy,價格、退款、押金、付款、發票、個資、安全或客服承諾類題目不宜直接核准為 direct,needs_review,ask_human,人工確認正確答案；必要時改 status=needs_review 並改 answer_mode=collect_info 或 ask_human,
P0,faq-047,房價與付款,連住有優惠嗎？,若有官網優惠、早鳥、連住、生日或紀念日活動，會依當期公告適用；請先提供日期與需求。,price_refund_privacy_safety_or_policy,價格、退款、押金、付款、發票、個資、安全或客服承諾類題目不宜直接核准為 direct,needs_review,ask_human,人工確認正確答案；必要時改 status=needs_review 並改 answer_mode=collect_info 或 ask_human,
P0,faq-048,房價與付款,生日或紀念日有優惠嗎？,若有官網優惠、早鳥、連住、生日或紀念日活動，會依當期公告適用；請先提供日期與需求。,price_refund_privacy_safety_or_policy,價格、退款、押金、付款、發票、個資、安全或客服承諾類題目不宜直接核准為 direct,needs_review,ask_human,人工確認正確答案；必要時改 status=needs_review 並改 answer_mode=collect_info 或 ask_human,
P0,faq-049,房價與付款,寵物需要另外收費嗎？,寵物可能依種類、數量與大小收取清潔費或押金；請訂房時先告知，費用會事前說明。,price_refund_privacy_safety_or_policy,價格、退款、押金、付款、發票、個資、安全或客服承諾類題目不宜直接核准為 direct,needs_review,ask_human,人工確認正確答案；必要時改 status=needs_review 並改 answer_mode=collect_info 或 ask_human,
P0,faq-050,房價與付款,押金什麼時候退？,押金通常於退房檢查無損壞、無違規與無額外清潔需求後退還，退還方式以民宿公告為準。,price_refund_privacy_safety_or_policy,價格、退款、押金、付款、發票、個資、安全或客服承諾類題目不宜直接核准為 direct,needs_review,ask_human,人工確認正確答案；必要時改 status=needs_review 並改 answer_mode=collect_info 或 ask_human,
P0,faq-051,取消改期與不可抗力,取消訂房可以退訂金嗎？,取消與退款依訂房時同意的政策、通知時間與付款方式辦理；請越早聯繫越能保留彈性。,price_refund_privacy_safety_or_policy,價格、退款、押金、付款、發票、個資、安全或客服承諾類題目不宜直接核准為 direct,needs_review,ask_human,人工確認正確答案；必要時改 status=needs_review 並改 answer_mode=collect_info 或 ask_human,
P0,faq-052,取消改期與不可抗力,14天前取消可以全退嗎？,若採訂金制，旅客於預定住宿日前第14日以前通知取消，通常可請求退還已付訂金100%。,price_refund_privacy_safety_or_policy,價格、退款、押金、付款、發票、個資、安全或客服承諾類題目不宜直接核准為 direct,needs_review,ask_human,人工確認正確答案；必要時改 status=needs_review 並改 answer_mode=collect_info 或 ask_human,
P0,faq-053,取消改期與不可抗力,入住前10到13天取消怎麼算？,若採訂金制，預定住宿日前第10日至第13日通知取消，通常可請求退還訂金70%。,price_refund_privacy_safety_or_policy,價格、退款、押金、付款、發票、個資、安全或客服承諾類題目不宜直接核准為 direct,needs_review,ask_human,人工確認正確答案；必要時改 status=needs_review 並改 answer_mode=collect_info 或 ask_human,
P0,faq-054,取消改期與不可抗力,入住前7到9天取消怎麼算？,若採訂金制，預定住宿日前第7日至第9日通知取消，通常可請求退還訂金50%。,price_refund_privacy_safety_or_policy,價格、退款、押金、付款、發票、個資、安全或客服承諾類題目不宜直接核准為 direct,needs_review,ask_human,人工確認正確答案；必要時改 status=needs_review 並改 answer_mode=collect_info 或 ask_human,
P0,faq-055,取消改期與不可抗力,入住前4到6天取消怎麼算？,若採訂金制，預定住宿日前第4日至第6日通知取消，通常可請求退還訂金40%。,price_refund_privacy_safety_or_policy,價格、退款、押金、付款、發票、個資、安全或客服承諾類題目不宜直接核准為 direct,needs_review,ask_human,人工確認正確答案；必要時改 status=needs_review 並改 answer_mode=collect_info 或 ask_human,
P0,faq-056,取消改期與不可抗力,入住前2到3天取消怎麼算？,若採訂金制，預定住宿日前第2日至第3日通知取消，通常可請求退還訂金30%。,price_refund_privacy_safety_or_policy,價格、退款、押金、付款、發票、個資、安全或客服承諾類題目不宜直接核准為 direct,needs_review,ask_human,人工確認正確答案；必要時改 status=needs_review 並改 answer_mode=collect_info 或 ask_human,
P0,faq-057,取消改期與不可抗力,入住前一天取消怎麼算？,若採訂金制，預定住宿日前第1日通知取消，通常可請求退還訂金20%。,price_refund_privacy_safety_or_policy,價格、退款、押金、付款、發票、個資、安全或客服承諾類題目不宜直接核准為 direct,needs_review,ask_human,人工確認正確答案；必要時改 status=needs_review 並改 answer_mode=collect_info 或 ask_human,
P0,faq-058,取消改期與不可抗力,入住當天取消會退費嗎？,入住當天取消、未通知或未入住，通常可能不退還訂金或預付款；請盡早聯繫確認可否改期。,price_refund_privacy_safety_or_policy,價格、退款、押金、付款、發票、個資、安全或客服承諾類題目不宜直接核准為 direct,needs_review,ask_human,人工確認正確答案；必要時改 status=needs_review 並改 answer_mode=collect_info 或 ask_human,
P0,faq-059,取消改期與不可抗力,臨時不能去可以改期嗎？,可先提出改期需求；若民宿同意且仍有空房，會依規則協助改期，差價與可改次數以公告為準。,price_refund_privacy_safety_or_policy,價格、退款、押金、付款、發票、個資、安全或客服承諾類題目不宜直接核准為 direct,needs_review,ask_human,人工確認正確答案；必要時改 status=needs_review 並改 answer_mode=collect_info 或 ask_human,
P0,faq-060,取消改期與不可抗力,改期需要手續費嗎？,可先提出改期需求；若民宿同意且仍有空房，會依規則協助改期，差價與可改次數以公告為準。,price_refund_privacy_safety_or_policy,價格、退款、押金、付款、發票、個資、安全或客服承諾類題目不宜直接核准為 direct,needs_review,ask_human,人工確認正確答案；必要時改 status=needs_review 並改 answer_mode=collect_info 或 ask_human,
P0,faq-061,取消改期與不可抗力,改期後還可以再取消嗎？,可先提出改期需求；若民宿同意且仍有空房，會依規則協助改期，差價與可改次數以公告為準。,price_refund_privacy_safety_or_policy,價格、退款、押金、付款、發票、個資、安全或客服承諾類題目不宜直接核准為 direct,needs_review,ask_human,人工確認正確答案；必要時改 status=needs_review 並改 answer_mode=collect_info 或 ask_human,
P0,faq-062,取消改期與不可抗力,颱風可以取消嗎？,若因颱風、地震、停班停課或交通中斷影響入住，請立即聯繫；會依政府公告、交通狀況與訂房政策協助退費或延期。,price_refund_privacy_safety_or_policy,價格、退款、押金、付款、發票、個資、安全或客服承諾類題目不宜直接核准為 direct,needs_review,ask_human,人工確認正確答案；必要時改 status=needs_review 並改 answer_mode=collect_info 或 ask_human,
P0,faq-063,取消改期與不可抗力,如果宜蘭停班停課可以退嗎？,若因颱風、地震、停班停課或交通中斷影響入住，請立即聯繫；會依政府公告、交通狀況與訂房政策協助退費或延期。,price_refund_privacy_safety_or_policy,價格、退款、押金、付款、發票、個資、安全或客服承諾類題目不宜直接核准為 direct,needs_review,ask_human,人工確認正確答案；必要時改 status=needs_review 並改 answer_mode=collect_info 或 ask_human,
P0,faq-064,取消改期與不可抗力,下雨可以取消或延期嗎？,一般降雨多屬個人行程考量，不一定符合不可抗力；若達危險天候或交通中斷，請提供狀況讓民宿判斷。,price_refund_privacy_safety_or_policy,價格、退款、押金、付款、發票、個資、安全或客服承諾類題目不宜直接核准為 direct,needs_review,ask_human,人工確認正確答案；必要時改 status=needs_review 並改 answer_mode=collect_info 或 ask_human,
P0,faq-065,取消改期與不可抗力,有人生病可以取消嗎？,請主動告知並避免帶病入住；民宿會依當期規範、證明文件與訂房政策協助取消或延期。,price_refund_privacy_safety_or_policy,價格、退款、押金、付款、發票、個資、安全或客服承諾類題目不宜直接核准為 direct,needs_review,ask_human,人工確認正確答案；必要時改 status=needs_review 並改 answer_mode=collect_info 或 ask_human,
P0,faq-066,取消改期與不可抗力,確診或傳染病可以延期嗎？,請主動告知並避免帶病入住；民宿會依當期規範、證明文件與訂房政策協助取消或延期。,price_refund_privacy_safety_or_policy,價格、退款、押金、付款、發票、個資、安全或客服承諾類題目不宜直接核准為 direct,needs_review,ask_human,人工確認正確答案；必要時改 status=needs_review 並改 answer_mode=collect_info 或 ask_human,
P0,faq-067,取消改期與不可抗力,人數減少可以退差價嗎？,請於入住前盡早告知；是否可退差額需依原方案、人數規則與通知時間辦理。,price_refund_privacy_safety_or_policy,價格、退款、押金、付款、發票、個資、安全或客服承諾類題目不宜直接核准為 direct,needs_review,ask_human,人工確認正確答案；必要時改 status=needs_review 並改 answer_mode=collect_info 或 ask_human,
P0,faq-068,取消改期與不可抗力,人數增加可以補費嗎？,增加人數需先確認未超過最大容納且備品足夠，再依加人費補差額；請勿未告知自行增加入住者。,price_refund_privacy_safety_or_policy,價格、退款、押金、付款、發票、個資、安全或客服承諾類題目不宜直接核准為 direct,needs_review,ask_human,人工確認正確答案；必要時改 status=needs_review 並改 answer_mode=collect_info 或 ask_human,
P0,faq-069,取消改期與不可抗力,可以更換房型嗎？,可依當日房況協助更換；若房價不同，需補差額或依民宿規則處理差價。,price_refund_privacy_safety_or_policy,價格、退款、押金、付款、發票、個資、安全或客服承諾類題目不宜直接核准為 direct,needs_review,ask_human,人工確認正確答案；必要時改 status=needs_review 並改 answer_mode=collect_info 或 ask_human,
P0,faq-070,取消改期與不可抗力,可以少住一天嗎？,住宿天數變更需盡早提出；若已進入取消期限或為特殊方案，未住宿晚數不一定能退費。,price_refund_privacy_safety_or_policy,價格、退款、押金、付款、發票、個資、安全或客服承諾類題目不宜直接核准為 direct,needs_review,ask_human,人工確認正確答案；必要時改 status=needs_review 並改 answer_mode=collect_info 或 ask_human,
P0,faq-071,取消改期與不可抗力,可以延長住宿嗎？,若後續日期仍有空房，可以協助延住；延住房價以當日公告或民宿正式回覆為準。,price_refund_privacy_safety_or_policy,價格、退款、押金、付款、發票、個資、安全或客服承諾類題目不宜直接核准為 direct,needs_review,ask_human,人工確認正確答案；必要時改 status=needs_review 並改 answer_mode=collect_info 或 ask_human,
P0,faq-072,取消改期與不可抗力,平台訂房要怎麼取消？,平台訂房請優先在平台訂單中操作取消或變更；平台政策與民宿直接訂房政策可能不同。,price_refund_privacy_safety_or_policy,價格、退款、押金、付款、發票、個資、安全或客服承諾類題目不宜直接核准為 direct,needs_review,ask_human,人工確認正確答案；必要時改 status=needs_review 並改 answer_mode=collect_info 或 ask_human,
P0,faq-073,取消改期與不可抗力,官網訂房要怎麼取消？,請透過官方LINE、電話或訂房系統提出，並提供訂房姓名、日期、訂單編號、付款金額與退款帳戶資料。,price_refund_privacy_safety_or_policy,價格、退款、押金、付款、發票、個資、安全或客服承諾類題目不宜直接核准為 direct,needs_review,ask_human,人工確認正確答案；必要時改 status=needs_review 並改 answer_mode=collect_info 或 ask_human,
P0,faq-074,取消改期與不可抗力,退費多久會入帳？,退款時間會依付款方式、銀行作業與民宿處理流程而不同；確認資料完整後會告知預計辦理時間。,price_refund_privacy_safety_or_policy,價格、退款、押金、付款、發票、個資、安全或客服承諾類題目不宜直接核准為 direct,needs_review,ask_human,人工確認正確答案；必要時改 status=needs_review 並改 answer_mode=collect_info 或 ask_human,
P0,faq-075,取消改期與不可抗力,取消訂房需要提供什麼資料？,請透過官方LINE、電話或訂房系統提出，並提供訂房姓名、日期、訂單編號、付款金額與退款帳戶資料。,price_refund_privacy_safety_or_policy,價格、退款、押金、付款、發票、個資、安全或客服承諾類題目不宜直接核准為 direct,needs_review,ask_human,人工確認正確答案；必要時改 status=needs_review 並改 answer_mode=collect_info 或 ask_human,
P0,faq-080,入住退房與抵達,最晚可以幾點入住？,入住時間以民宿公告為準，常見為下午3點或4點後；提早抵達請先確認房間是否已整理完成。,known_high_risk,入住時間可能與 guesthouse-rules.md 的 16:00-17:00 不一致,needs_review,ask_human,人工確認正確答案；必要時改 status=needs_review 並改 answer_mode=collect_info 或 ask_human,
P0,faq-083,入住退房與抵達,入住需要出示身分證嗎？,民宿依法需登記住宿旅客資料；請出示身分證、護照或居留證等有效證件，資料會依個資規定妥善處理。,price_refund_privacy_safety_or_policy,價格、退款、押金、付款、發票、個資、安全或客服承諾類題目不宜直接核准為 direct,needs_review,ask_human,人工確認正確答案；必要時改 status=needs_review 並改 answer_mode=collect_info 或 ask_human,
P0,faq-105,交通停車與周邊,停車要收費嗎？,請先提供車輛數與車型；停車位置、可停台數、是否收費與電動車充電限制，以民宿公告為準。,price_refund_privacy_safety_or_policy,價格、退款、押金、付款、發票、個資、安全或客服承諾類題目不宜直接核准為 direct,needs_review,ask_human,人工確認正確答案；必要時改 status=needs_review 並改 answer_mode=collect_info 或 ask_human,
P0,faq-110,交通停車與周邊,搭火車怎麼到？,請先提供車輛數與車型；停車位置、可停台數、是否收費與電動車充電限制，以民宿公告為準。,known_high_risk,問題問火車交通，但目前答案偏向停車資訊,needs_review,ask_human,人工確認正確答案；必要時改 status=needs_review 並改 answer_mode=collect_info 或 ask_human,
P0,faq-112,交通停車與周邊,附近有公車嗎？,請先提供車輛數與車型；停車位置、可停台數、是否收費與電動車充電限制，以民宿公告為準。,known_high_risk,問題問公車，但目前答案偏向停車資訊,needs_review,ask_human,人工確認正確答案；必要時改 status=needs_review 並改 answer_mode=collect_info 或 ask_human,
P0,faq-114,交通停車與周邊,可以幫忙叫計程車嗎？,請先提供車輛數與車型；停車位置、可停台數、是否收費與電動車充電限制，以民宿公告為準。,known_high_risk,問題問叫車服務，但目前答案偏向停車資訊,needs_review,ask_human,人工確認正確答案；必要時改 status=needs_review 並改 answer_mode=collect_info 或 ask_human,
P0,faq-125,交通停車與周邊,退房後去景點順路嗎？,請依官方路線慢速行駛；若遇豪雨、颱風或道路封閉，請先聯繫民宿確認是否適合前往。,known_high_risk,退房後景點路線題不可用泛用答案直接承諾,needs_review,ask_human,人工確認正確答案；必要時改 status=needs_review 並改 answer_mode=collect_info 或 ask_human,
P0,faq-148,人數房型與包棟,包棟可以分房收費嗎？,可依家庭組成、長輩需求、床型與衛浴配置協助建議；實際房數與床型以官網或民宿回覆為準。,price_refund_privacy_safety_or_policy,價格、退款、押金、付款、發票、個資、安全或客服承諾類題目不宜直接核准為 direct,needs_review,ask_human,人工確認正確答案；必要時改 status=needs_review 並改 answer_mode=collect_info 或 ask_human,
P0,faq-205,早餐餐飲與廚房,早餐一份多少錢？,早餐代訂費用以當期公告為準；目前規劃每份約 250 元，實際內容、價格與是否可供應會由管家確認後回覆。,known_high_risk,早餐價格與 guesthouse-rules.md 的價格未提供需要人工確認,needs_review,ask_human,人工確認正確答案；必要時改 status=needs_review 並改 answer_mode=collect_info 或 ask_human,
P0,faq-229,寵物友善,寵物需要收費嗎？,寵物相關費用、清潔費或押金會依寵物種類、數量、大小與當期規範確認；慢寶不會直接承諾固定金額，管家會在訂房前說明清楚。,price_refund_privacy_safety_or_policy,價格、退款、押金、付款、發票、個資、安全或客服承諾類題目不宜直接核准為 direct,needs_review,ask_human,人工確認正確答案；必要時改 status=needs_review 並改 answer_mode=collect_info 或 ask_human,
P0,faq-243,寵物友善,寵物掉毛會被收費嗎？,一般正常掉毛會納入寵物入住清潔考量；若掉毛、異味或髒污嚴重，可能依寵物清潔規範收取額外清潔費，實際以管家確認為準。,price_refund_privacy_safety_or_policy,價格、退款、押金、付款、發票、個資、安全或客服承諾類題目不宜直接核准為 direct,needs_review,ask_human,人工確認正確答案；必要時改 status=needs_review 並改 answer_mode=collect_info 或 ask_human,
P0,faq-301,噪音禁菸安全與規範,晚上幾點後要安靜？,請依民宿公告遵守安靜時段，常見為晚上10點後降低音量；包棟也需顧及鄰居與公共安寧。,price_refund_privacy_safety_or_policy,價格、退款、押金、付款、發票、個資、安全或客服承諾類題目不宜直接核准為 direct,needs_review,ask_human,人工確認正確答案；必要時改 status=needs_review 並改 answer_mode=collect_info 或 ask_human,
P0,faq-302,噪音禁菸安全與規範,包棟也需要安靜嗎？,請依民宿公告遵守安靜時段，常見為晚上10點後降低音量；包棟也需顧及鄰居與公共安寧。,price_refund_privacy_safety_or_policy,價格、退款、押金、付款、發票、個資、安全或客服承諾類題目不宜直接核准為 direct,needs_review,ask_human,人工確認正確答案；必要時改 status=needs_review 並改 answer_mode=collect_info 或 ask_human,
P0,faq-303,噪音禁菸安全與規範,可以唱歌唱到幾點？,請依民宿公告遵守安靜時段，常見為晚上10點後降低音量；包棟也需顧及鄰居與公共安寧。,price_refund_privacy_safety_or_policy,價格、退款、押金、付款、發票、個資、安全或客服承諾類題目不宜直接核准為 direct,needs_review,ask_human,人工確認正確答案；必要時改 status=needs_review 並改 answer_mode=collect_info 或 ask_human,
P0,faq-304,噪音禁菸安全與規範,可以在室內吸菸嗎？,室內、房間與公告禁菸區不得吸菸或使用電子菸；若留下煙味或菸蒂，可能收除味清潔費並依法處理。,price_refund_privacy_safety_or_policy,價格、退款、押金、付款、發票、個資、安全或客服承諾類題目不宜直接核准為 direct,needs_review,ask_human,人工確認正確答案；必要時改 status=needs_review 並改 answer_mode=collect_info 或 ask_human,
P0,faq-305,噪音禁菸安全與規範,陽台可以抽菸嗎？,此問題需依民宿實際設備、房況與公告規定確認；建議訂房前先詢問，民宿會提供最準確答覆。,price_refund_privacy_safety_or_policy,價格、退款、押金、付款、發票、個資、安全或客服承諾類題目不宜直接核准為 direct,needs_review,ask_human,人工確認正確答案；必要時改 status=needs_review 並改 answer_mode=collect_info 或 ask_human,
P0,faq-306,噪音禁菸安全與規範,電子菸可以嗎？,室內、房間與公告禁菸區不得吸菸或使用電子菸；若留下煙味或菸蒂，可能收除味清潔費並依法處理。,price_refund_privacy_safety_or_policy,價格、退款、押金、付款、發票、個資、安全或客服承諾類題目不宜直接核准為 direct,needs_review,ask_human,人工確認正確答案；必要時改 status=needs_review 並改 answer_mode=collect_info 或 ask_human,
P0,faq-307,噪音禁菸安全與規範,有吸菸區嗎？,室內、房間與公告禁菸區不得吸菸或使用電子菸；若留下煙味或菸蒂，可能收除味清潔費並依法處理。,price_refund_privacy_safety_or_policy,價格、退款、押金、付款、發票、個資、安全或客服承諾類題目不宜直接核准為 direct,needs_review,ask_human,人工確認正確答案；必要時改 status=needs_review 並改 answer_mode=collect_info 或 ask_human,
P0,faq-308,噪音禁菸安全與規範,房間有煙味會收費嗎？,室內、房間與公告禁菸區不得吸菸或使用電子菸；若留下煙味或菸蒂，可能收除味清潔費並依法處理。,price_refund_privacy_safety_or_policy,價格、退款、押金、付款、發票、個資、安全或客服承諾類題目不宜直接核准為 direct,needs_review,ask_human,人工確認正確答案；必要時改 status=needs_review 並改 answer_mode=collect_info 或 ask_human,
P0,faq-309,噪音禁菸安全與規範,可以點香或燒金紙嗎？,為消防安全，通常禁止室內明火、點香、燒金紙、煙火與仙女棒；如有需求請先詢問。,price_refund_privacy_safety_or_policy,價格、退款、押金、付款、發票、個資、安全或客服承諾類題目不宜直接核准為 direct,needs_review,ask_human,人工確認正確答案；必要時改 status=needs_review 並改 answer_mode=collect_info 或 ask_human,
P0,faq-310,噪音禁菸安全與規範,可以放煙火嗎？,為消防安全，通常禁止室內明火、點香、燒金紙、煙火與仙女棒；如有需求請先詢問。,price_refund_privacy_safety_or_policy,價格、退款、押金、付款、發票、個資、安全或客服承諾類題目不宜直接核准為 direct,needs_review,ask_human,人工確認正確答案；必要時改 status=needs_review 並改 answer_mode=collect_info 或 ask_human,
P0,faq-311,噪音禁菸安全與規範,可以烤肉用炭火嗎？,炭火、瓦斯爐與卡式爐只能在民宿允許的指定區域使用，房內與非指定處禁止使用。,price_refund_privacy_safety_or_policy,價格、退款、押金、付款、發票、個資、安全或客服承諾類題目不宜直接核准為 direct,needs_review,ask_human,人工確認正確答案；必要時改 status=needs_review 並改 answer_mode=collect_info 或 ask_human,
P0,faq-312,噪音禁菸安全與規範,可以使用瓦斯爐或卡式爐嗎？,炭火、瓦斯爐與卡式爐只能在民宿允許的指定區域使用，房內與非指定處禁止使用。,price_refund_privacy_safety_or_policy,價格、退款、押金、付款、發票、個資、安全或客服承諾類題目不宜直接核准為 direct,needs_review,ask_human,人工確認正確答案；必要時改 status=needs_review 並改 answer_mode=collect_info 或 ask_human,
P0,faq-313,噪音禁菸安全與規範,可以帶高功率電器嗎？,請勿使用高功率電器；若跳電或停電，請關閉高耗電設備並聯繫民宿，不要自行操作配電箱。,price_refund_privacy_safety_or_policy,價格、退款、押金、付款、發票、個資、安全或客服承諾類題目不宜直接核准為 direct,needs_review,ask_human,人工確認正確答案；必要時改 status=needs_review 並改 answer_mode=collect_info 或 ask_human,
P0,faq-314,噪音禁菸安全與規範,跳電怎麼辦？,請勿使用高功率電器；若跳電或停電，請關閉高耗電設備並聯繫民宿，不要自行操作配電箱。,price_refund_privacy_safety_or_policy,價格、退款、押金、付款、發票、個資、安全或客服承諾類題目不宜直接核准為 direct,needs_review,ask_human,人工確認正確答案；必要時改 status=needs_review 並改 answer_mode=collect_info 或 ask_human,
P0,faq-315,噪音禁菸安全與規範,停電怎麼辦？,請勿使用高功率電器；若跳電或停電，請關閉高耗電設備並聯繫民宿，不要自行操作配電箱。,price_refund_privacy_safety_or_policy,價格、退款、押金、付款、發票、個資、安全或客服承諾類題目不宜直接核准為 direct,needs_review,ask_human,人工確認正確答案；必要時改 status=needs_review 並改 answer_mode=collect_info 或 ask_human,
P0,faq-316,噪音禁菸安全與規範,火災警報響了怎麼辦？,入住後請先確認逃生路線與滅火器位置；若火警響起，請立即疏散並通知民宿與119。,price_refund_privacy_safety_or_policy,價格、退款、押金、付款、發票、個資、安全或客服承諾類題目不宜直接核准為 direct,needs_review,ask_human,人工確認正確答案；必要時改 status=needs_review 並改 answer_mode=collect_info 或 ask_human,
P0,faq-317,噪音禁菸安全與規範,房內有逃生圖嗎？,入住後請先確認逃生路線與滅火器位置；若火警響起，請立即疏散並通知民宿與119。,price_refund_privacy_safety_or_policy,價格、退款、押金、付款、發票、個資、安全或客服承諾類題目不宜直接核准為 direct,needs_review,ask_human,人工確認正確答案；必要時改 status=needs_review 並改 answer_mode=collect_info 或 ask_human,
P0,faq-318,噪音禁菸安全與規範,滅火器在哪裡？,入住後請先確認逃生路線與滅火器位置；若火警響起，請立即疏散並通知民宿與119。,price_refund_privacy_safety_or_policy,價格、退款、押金、付款、發票、個資、安全或客服承諾類題目不宜直接核准為 direct,needs_review,ask_human,人工確認正確答案；必要時改 status=needs_review 並改 answer_mode=collect_info 或 ask_human,
P0,faq-319,噪音禁菸安全與規範,可以鎖門外出嗎？,外出請確認門窗上鎖、關閉電器與水龍頭；貴重物品請自行保管。,price_refund_privacy_safety_or_policy,價格、退款、押金、付款、發票、個資、安全或客服承諾類題目不宜直接核准為 direct,needs_review,ask_human,人工確認正確答案；必要時改 status=needs_review 並改 answer_mode=collect_info 或 ask_human,
P0,faq-320,噪音禁菸安全與規範,可以帶陌生人進來嗎？,不得帶未登記訪客或危險物品入住；若涉及公共安全，民宿可依規範拒絕或通報處理。,price_refund_privacy_safety_or_policy,價格、退款、押金、付款、發票、個資、安全或客服承諾類題目不宜直接核准為 direct,needs_review,ask_human,人工確認正確答案；必要時改 status=needs_review 並改 answer_mode=collect_info 或 ask_human,
P0,faq-321,噪音禁菸安全與規範,喝酒後可以開車出去嗎？,請理性飲酒並勿酒後駕車；可安排代駕、計程車或留宿休息，安全第一。,price_refund_privacy_safety_or_policy,價格、退款、押金、付款、發票、個資、安全或客服承諾類題目不宜直接核准為 direct,needs_review,ask_human,人工確認正確答案；必要時改 status=needs_review 並改 answer_mode=collect_info 或 ask_human,
P0,faq-322,噪音禁菸安全與規範,可以攜帶危險物品嗎？,不得帶未登記訪客或危險物品入住；若涉及公共安全，民宿可依規範拒絕或通報處理。,price_refund_privacy_safety_or_policy,價格、退款、押金、付款、發票、個資、安全或客服承諾類題目不宜直接核准為 direct,needs_review,ask_human,人工確認正確答案；必要時改 status=needs_review 並改 answer_mode=collect_info 或 ask_human,
P0,faq-323,噪音禁菸安全與規範,深夜喧嘩會怎麼處理？,請依民宿公告遵守安靜時段，常見為晚上10點後降低音量；包棟也需顧及鄰居與公共安寧。,price_refund_privacy_safety_or_policy,價格、退款、押金、付款、發票、個資、安全或客服承諾類題目不宜直接核准為 direct,needs_review,ask_human,人工確認正確答案；必要時改 status=needs_review 並改 answer_mode=collect_info 或 ask_human,
P0,faq-324,噪音禁菸安全與規範,違反住宿規定會退費嗎？,住宿規定會公布於官網、訂房確認、房內公告或入住須知；嚴重違規被要求退房時，費用通常不退。,price_refund_privacy_safety_or_policy,價格、退款、押金、付款、發票、個資、安全或客服承諾類題目不宜直接核准為 direct,needs_review,ask_human,人工確認正確答案；必要時改 status=needs_review 並改 answer_mode=collect_info 或 ask_human,
P0,faq-325,噪音禁菸安全與規範,住宿規定在哪裡看？,住宿規定會公布於官網、訂房確認、房內公告或入住須知；嚴重違規被要求退房時，費用通常不退。,price_refund_privacy_safety_or_policy,價格、退款、押金、付款、發票、個資、安全或客服承諾類題目不宜直接核准為 direct,needs_review,ask_human,人工確認正確答案；必要時改 status=needs_review 並改 answer_mode=collect_info 或 ask_human,
P0,faq-411,旅遊行程與在地推薦,兩天一夜怎麼排？,此問題需依民宿實際設備、房況與公告規定確認；建議訂房前先詢問，民宿會提供最準確答覆。,known_high_risk,行程規劃需要日期、人數、交通與喜好，不適合 direct,needs_review,ask_human,人工確認正確答案；必要時改 status=needs_review 並改 answer_mode=collect_info 或 ask_human,
P0,faq-412,旅遊行程與在地推薦,三天兩夜怎麼排？,此問題需依民宿實際設備、房況與公告規定確認；建議訂房前先詢問，民宿會提供最準確答覆。,known_high_risk,行程規劃需要日期、人數、交通與喜好，不適合 direct,needs_review,ask_human,人工確認正確答案；必要時改 status=needs_review 並改 answer_mode=collect_info 或 ask_human,
P0,faq-426,發票收據資料與身分登記,入住為什麼要登記資料？,民宿依法需登記住宿旅客資料並保存六個月；請出示身分證、護照或居留證等有效文件，資料會依個資規定處理。,price_refund_privacy_safety_or_policy,價格、退款、押金、付款、發票、個資、安全或客服承諾類題目不宜直接核准為 direct,needs_review,ask_human,人工確認正確答案；必要時改 status=needs_review 並改 answer_mode=collect_info 或 ask_human,
P0,faq-427,發票收據資料與身分登記,可以不給身分證嗎？,民宿依法需登記住宿旅客資料並保存六個月；請出示身分證、護照或居留證等有效文件，資料會依個資規定處理。,price_refund_privacy_safety_or_policy,價格、退款、押金、付款、發票、個資、安全或客服承諾類題目不宜直接核准為 direct,needs_review,ask_human,人工確認正確答案；必要時改 status=needs_review 並改 answer_mode=collect_info 或 ask_human,
P0,faq-428,發票收據資料與身分登記,只給訂房代表證件可以嗎？,此問題需依民宿實際設備、房況與公告規定確認；建議訂房前先詢問，民宿會提供最準確答覆。,price_refund_privacy_safety_or_policy,價格、退款、押金、付款、發票、個資、安全或客服承諾類題目不宜直接核准為 direct,needs_review,ask_human,人工確認正確答案；必要時改 status=needs_review 並改 answer_mode=collect_info 或 ask_human,
P0,faq-429,發票收據資料與身分登記,資料會保存多久？,住宿登記資料應用於住宿管理、法規要求與必要聯絡；保存期滿後可依民宿個資管理流程處理。,price_refund_privacy_safety_or_policy,價格、退款、押金、付款、發票、個資、安全或客服承諾類題目不宜直接核准為 direct,needs_review,ask_human,人工確認正確答案；必要時改 status=needs_review 並改 answer_mode=collect_info 或 ask_human,
P0,faq-430,發票收據資料與身分登記,身分資料會拿去做行銷嗎？,民宿依法需登記住宿旅客資料並保存六個月；請出示身分證、護照或居留證等有效文件，資料會依個資規定處理。,price_refund_privacy_safety_or_policy,價格、退款、押金、付款、發票、個資、安全或客服承諾類題目不宜直接核准為 direct,needs_review,ask_human,人工確認正確答案；必要時改 status=needs_review 並改 answer_mode=collect_info 或 ask_human,
P0,faq-431,發票收據資料與身分登記,可以拍身分證嗎？,民宿依法需登記住宿旅客資料並保存六個月；請出示身分證、護照或居留證等有效文件，資料會依個資規定處理。,price_refund_privacy_safety_or_policy,價格、退款、押金、付款、發票、個資、安全或客服承諾類題目不宜直接核准為 direct,needs_review,ask_human,人工確認正確答案；必要時改 status=needs_review 並改 answer_mode=collect_info 或 ask_human,
P0,faq-432,發票收據資料與身分登記,外國人要提供護照嗎？,民宿依法需登記住宿旅客資料並保存六個月；請出示身分證、護照或居留證等有效文件，資料會依個資規定處理。,price_refund_privacy_safety_or_policy,價格、退款、押金、付款、發票、個資、安全或客服承諾類題目不宜直接核准為 direct,needs_review,ask_human,人工確認正確答案；必要時改 status=needs_review 並改 answer_mode=collect_info 或 ask_human,
P0,faq-433,發票收據資料與身分登記,訂房資料填錯怎麼辦？,請使用官方表單或官方LINE提供正確資料；姓名、電話、人數、車輛、寵物與發票資料有變更請入住前通知。,price_refund_privacy_safety_or_policy,價格、退款、押金、付款、發票、個資、安全或客服承諾類題目不宜直接核准為 direct,needs_review,ask_human,人工確認正確答案；必要時改 status=needs_review 並改 answer_mode=collect_info 或 ask_human,
P0,faq-434,發票收據資料與身分登記,需要填入住表單嗎？,請使用官方表單或官方LINE提供正確資料；姓名、電話、人數、車輛、寵物與發票資料有變更請入住前通知。,price_refund_privacy_safety_or_policy,價格、退款、押金、付款、發票、個資、安全或客服承諾類題目不宜直接核准為 direct,needs_review,ask_human,人工確認正確答案；必要時改 status=needs_review 並改 answer_mode=collect_info 或 ask_human,
P0,faq-435,發票收據資料與身分登記,可以開收據嗎？,如需收據、發票、公司抬頭或統編，請在付款前提供；可開立格式與項目依民宿稅籍與實際收費辦理。,price_refund_privacy_safety_or_policy,價格、退款、押金、付款、發票、個資、安全或客服承諾類題目不宜直接核准為 direct,needs_review,ask_human,人工確認正確答案；必要時改 status=needs_review 並改 answer_mode=collect_info 或 ask_human,
P0,faq-436,發票收據資料與身分登記,可以開統編嗎？,如需收據、發票、公司抬頭或統編，請在付款前提供；可開立格式與項目依民宿稅籍與實際收費辦理。,price_refund_privacy_safety_or_policy,價格、退款、押金、付款、發票、個資、安全或客服承諾類題目不宜直接核准為 direct,needs_review,ask_human,人工確認正確答案；必要時改 status=needs_review 並改 answer_mode=collect_info 或 ask_human,
P0,faq-437,發票收據資料與身分登記,發票可以事後補開嗎？,如需收據、發票、公司抬頭或統編，請在付款前提供；可開立格式與項目依民宿稅籍與實際收費辦理。,price_refund_privacy_safety_or_policy,價格、退款、押金、付款、發票、個資、安全或客服承諾類題目不宜直接核准為 direct,needs_review,ask_human,人工確認正確答案；必要時改 status=needs_review 並改 answer_mode=collect_info 或 ask_human,
P0,faq-438,發票收據資料與身分登記,收據可以寫住宿費嗎？,如需收據、發票、公司抬頭或統編，請在付款前提供；可開立格式與項目依民宿稅籍與實際收費辦理。,price_refund_privacy_safety_or_policy,價格、退款、押金、付款、發票、個資、安全或客服承諾類題目不宜直接核准為 direct,needs_review,ask_human,人工確認正確答案；必要時改 status=needs_review 並改 answer_mode=collect_info 或 ask_human,
P0,faq-439,發票收據資料與身分登記,可以分開開收據嗎？,如需收據、發票、公司抬頭或統編，請在付款前提供；可開立格式與項目依民宿稅籍與實際收費辦理。,price_refund_privacy_safety_or_policy,價格、退款、押金、付款、發票、個資、安全或客服承諾類題目不宜直接核准為 direct,needs_review,ask_human,人工確認正確答案；必要時改 status=needs_review 並改 answer_mode=collect_info 或 ask_human,
P0,faq-440,發票收據資料與身分登記,平台訂房由誰開發票？,如需收據、發票、公司抬頭或統編，請在付款前提供；可開立格式與項目依民宿稅籍與實際收費辦理。,price_refund_privacy_safety_or_policy,價格、退款、押金、付款、發票、個資、安全或客服承諾類題目不宜直接核准為 direct,needs_review,ask_human,人工確認正確答案；必要時改 status=needs_review 並改 answer_mode=collect_info 或 ask_human,
P0,faq-441,發票收據資料與身分登記,押金會開收據嗎？,如需收據、發票、公司抬頭或統編，請在付款前提供；可開立格式與項目依民宿稅籍與實際收費辦理。,price_refund_privacy_safety_or_policy,價格、退款、押金、付款、發票、個資、安全或客服承諾類題目不宜直接核准為 direct,needs_review,ask_human,人工確認正確答案；必要時改 status=needs_review 並改 answer_mode=collect_info 或 ask_human,
P0,faq-442,發票收據資料與身分登記,加人費可以開收據嗎？,如需收據、發票、公司抬頭或統編，請在付款前提供；可開立格式與項目依民宿稅籍與實際收費辦理。,price_refund_privacy_safety_or_policy,價格、退款、押金、付款、發票、個資、安全或客服承諾類題目不宜直接核准為 direct,needs_review,ask_human,人工確認正確答案；必要時改 status=needs_review 並改 answer_mode=collect_info 或 ask_human,
P0,faq-443,發票收據資料與身分登記,寵物清潔費可以開收據嗎？,如需收據、發票、公司抬頭或統編，請在付款前提供；可開立格式與項目依民宿稅籍與實際收費辦理。,price_refund_privacy_safety_or_policy,價格、退款、押金、付款、發票、個資、安全或客服承諾類題目不宜直接核准為 direct,needs_review,ask_human,人工確認正確答案；必要時改 status=needs_review 並改 answer_mode=collect_info 或 ask_human,
P0,faq-444,發票收據資料與身分登記,公司旅遊可以開公司抬頭嗎？,如需收據、發票、公司抬頭或統編，請在付款前提供；可開立格式與項目依民宿稅籍與實際收費辦理。,price_refund_privacy_safety_or_policy,價格、退款、押金、付款、發票、個資、安全或客服承諾類題目不宜直接核准為 direct,needs_review,ask_human,人工確認正確答案；必要時改 status=needs_review 並改 answer_mode=collect_info 或 ask_human,
P0,faq-445,發票收據資料與身分登記,入住名單要提前給嗎？,請使用官方表單或官方LINE提供正確資料；姓名、電話、人數、車輛、寵物與發票資料有變更請入住前通知。,price_refund_privacy_safety_or_policy,價格、退款、押金、付款、發票、個資、安全或客服承諾類題目不宜直接核准為 direct,needs_review,ask_human,人工確認正確答案；必要時改 status=needs_review 並改 answer_mode=collect_info 或 ask_human,
P0,faq-446,發票收據資料與身分登記,資料填表安全嗎？,住宿登記資料應用於住宿管理、法規要求與必要聯絡；保存期滿後可依民宿個資管理流程處理。,price_refund_privacy_safety_or_policy,價格、退款、押金、付款、發票、個資、安全或客服承諾類題目不宜直接核准為 direct,needs_review,ask_human,人工確認正確答案；必要時改 status=needs_review 並改 answer_mode=collect_info 或 ask_human,
P0,faq-447,發票收據資料與身分登記,可以刪除我的個資嗎？,住宿登記資料應用於住宿管理、法規要求與必要聯絡；保存期滿後可依民宿個資管理流程處理。,price_refund_privacy_safety_or_policy,價格、退款、押金、付款、發票、個資、安全或客服承諾類題目不宜直接核准為 direct,needs_review,ask_human,人工確認正確答案；必要時改 status=needs_review 並改 answer_mode=collect_info 或 ask_human,
P0,faq-448,發票收據資料與身分登記,可以使用假名訂房嗎？,訂房可用暱稱聯絡，但入住登記需提供真實身分資料，確保合法與安全。,price_refund_privacy_safety_or_policy,價格、退款、押金、付款、發票、個資、安全或客服承諾類題目不宜直接核准為 direct,needs_review,ask_human,人工確認正確答案；必要時改 status=needs_review 並改 answer_mode=collect_info 或 ask_human,
P0,faq-449,發票收據資料與身分登記,電話寫朋友的可以嗎？,請使用官方表單或官方LINE提供正確資料；姓名、電話、人數、車輛、寵物與發票資料有變更請入住前通知。,price_refund_privacy_safety_or_policy,價格、退款、押金、付款、發票、個資、安全或客服承諾類題目不宜直接核准為 direct,needs_review,ask_human,人工確認正確答案；必要時改 status=needs_review 並改 answer_mode=collect_info 或 ask_human,
P0,faq-450,發票收據資料與身分登記,資料變更要什麼時候通知？,請使用官方表單或官方LINE提供正確資料；姓名、電話、人數、車輛、寵物與發票資料有變更請入住前通知。,price_refund_privacy_safety_or_policy,價格、退款、押金、付款、發票、個資、安全或客服承諾類題目不宜直接核准為 direct,needs_review,ask_human,人工確認正確答案；必要時改 status=needs_review 並改 answer_mode=collect_info 或 ask_human,
P0,faq-451,隱私保險遺失物與客訴,房間內有監視器嗎？,客房與浴室等私人空間不會設置監視器；公共或戶外監視器若有設置，目的為安全與出入口管理。,price_refund_privacy_safety_or_policy,價格、退款、押金、付款、發票、個資、安全或客服承諾類題目不宜直接核准為 direct,needs_review,ask_human,人工確認正確答案；必要時改 status=needs_review 並改 answer_mode=collect_info 或 ask_human,
P0,faq-452,隱私保險遺失物與客訴,公共區監視器會拍到我們嗎？,客房與浴室等私人空間不會設置監視器；公共或戶外監視器若有設置，目的為安全與出入口管理。,price_refund_privacy_safety_or_policy,價格、退款、押金、付款、發票、個資、安全或客服承諾類題目不宜直接核准為 direct,needs_review,ask_human,人工確認正確答案；必要時改 status=needs_review 並改 answer_mode=collect_info 或 ask_human,
P0,faq-453,隱私保險遺失物與客訴,民宿有保險嗎？,合法民宿依規定應投保責任保險；實際保障與理賠依保單與事故情況辦理。,price_refund_privacy_safety_or_policy,價格、退款、押金、付款、發票、個資、安全或客服承諾類題目不宜直接核准為 direct,needs_review,ask_human,人工確認正確答案；必要時改 status=needs_review 並改 answer_mode=collect_info 或 ask_human,
P0,faq-454,隱私保險遺失物與客訴,東西遺失怎麼辦？,請提供物品特徵、可能位置與入住日期；找到後可協助寄回或自取，貴重物品建議自行保管。,price_refund_privacy_safety_or_policy,價格、退款、押金、付款、發票、個資、安全或客服承諾類題目不宜直接核准為 direct,needs_review,ask_human,人工確認正確答案；必要時改 status=needs_review 並改 answer_mode=collect_info 或 ask_human,
P0,faq-455,隱私保險遺失物與客訴,退房後發現忘東西怎麼辦？,請提供物品特徵、可能位置與入住日期；找到後可協助寄回或自取，貴重物品建議自行保管。,price_refund_privacy_safety_or_policy,價格、退款、押金、付款、發票、個資、安全或客服承諾類題目不宜直接核准為 direct,needs_review,ask_human,人工確認正確答案；必要時改 status=needs_review 並改 answer_mode=collect_info 或 ask_human,
P0,faq-456,隱私保險遺失物與客訴,遺失物會保管多久？,請提供物品特徵、可能位置與入住日期；找到後可協助寄回或自取，貴重物品建議自行保管。,price_refund_privacy_safety_or_policy,價格、退款、押金、付款、發票、個資、安全或客服承諾類題目不宜直接核准為 direct,needs_review,ask_human,人工確認正確答案；必要時改 status=needs_review 並改 answer_mode=collect_info 或 ask_human,
P0,faq-457,隱私保險遺失物與客訴,貴重物品可以寄放嗎？,請提供物品特徵、可能位置與入住日期；找到後可協助寄回或自取，貴重物品建議自行保管。,price_refund_privacy_safety_or_policy,價格、退款、押金、付款、發票、個資、安全或客服承諾類題目不宜直接核准為 direct,needs_review,ask_human,人工確認正確答案；必要時改 status=needs_review 並改 answer_mode=collect_info 或 ask_human,
P0,faq-458,隱私保險遺失物與客訴,房內物品壞了怎麼辦？,請主動拍照並通知民宿；民宿會判斷正常耗損或人為損壞，依證據與規範協調清潔、修復或賠償。,price_refund_privacy_safety_or_policy,價格、退款、押金、付款、發票、個資、安全或客服承諾類題目不宜直接核准為 direct,needs_review,ask_human,人工確認正確答案；必要時改 status=needs_review 並改 answer_mode=collect_info 或 ask_human,
P0,faq-459,隱私保險遺失物與客訴,不小心打破杯子要賠嗎？,請主動拍照並通知民宿；民宿會判斷正常耗損或人為損壞，依證據與規範協調清潔、修復或賠償。,price_refund_privacy_safety_or_policy,價格、退款、押金、付款、發票、個資、安全或客服承諾類題目不宜直接核准為 direct,needs_review,ask_human,人工確認正確答案；必要時改 status=needs_review 並改 answer_mode=collect_info 或 ask_human,
P0,faq-460,隱私保險遺失物與客訴,床單被染色怎麼辦？,請主動拍照並通知民宿；民宿會判斷正常耗損或人為損壞，依證據與規範協調清潔、修復或賠償。,price_refund_privacy_safety_or_policy,價格、退款、押金、付款、發票、個資、安全或客服承諾類題目不宜直接核准為 direct,needs_review,ask_human,人工確認正確答案；必要時改 status=needs_review 並改 answer_mode=collect_info 或 ask_human,
P0,faq-461,隱私保險遺失物與客訴,家具刮傷怎麼辦？,請主動拍照並通知民宿；民宿會判斷正常耗損或人為損壞，依證據與規範協調清潔、修復或賠償。,price_refund_privacy_safety_or_policy,價格、退款、押金、付款、發票、個資、安全或客服承諾類題目不宜直接核准為 direct,needs_review,ask_human,人工確認正確答案；必要時改 status=needs_review 並改 answer_mode=collect_info 或 ask_human,
P0,faq-462,隱私保險遺失物與客訴,入住不滿意可以退費嗎？,請第一時間反映並提供照片或狀況說明，讓民宿可即時改善；退費或補償需依問題性質與訂房政策判斷。,price_refund_privacy_safety_or_policy,價格、退款、押金、付款、發票、個資、安全或客服承諾類題目不宜直接核准為 direct,needs_review,ask_human,人工確認正確答案；必要時改 status=needs_review 並改 answer_mode=collect_info 或 ask_human,
P0,faq-463,隱私保險遺失物與客訴,房間跟照片不一樣怎麼辦？,請第一時間反映並提供照片或狀況說明，讓民宿可即時改善；退費或補償需依問題性質與訂房政策判斷。,price_refund_privacy_safety_or_policy,價格、退款、押金、付款、發票、個資、安全或客服承諾類題目不宜直接核准為 direct,needs_review,ask_human,人工確認正確答案；必要時改 status=needs_review 並改 answer_mode=collect_info 或 ask_human,
P0,faq-464,隱私保險遺失物與客訴,設備故障會補償嗎？,請第一時間反映並提供照片或狀況說明，讓民宿可即時改善；退費或補償需依問題性質與訂房政策判斷。,price_refund_privacy_safety_or_policy,價格、退款、押金、付款、發票、個資、安全或客服承諾類題目不宜直接核准為 direct,needs_review,ask_human,人工確認正確答案；必要時改 status=needs_review 並改 answer_mode=collect_info 或 ask_human,
P0,faq-465,隱私保險遺失物與客訴,隔壁太吵怎麼辦？,請立即聯繫民宿，由工作人員協助提醒與處理；不要直接與對方發生衝突。,price_refund_privacy_safety_or_policy,價格、退款、押金、付款、發票、個資、安全或客服承諾類題目不宜直接核准為 direct,needs_review,ask_human,人工確認正確答案；必要時改 status=needs_review 並改 answer_mode=collect_info 或 ask_human,
P0,faq-466,隱私保險遺失物與客訴,附近鄰居抗議怎麼辦？,請立即聯繫民宿，由工作人員協助提醒與處理；不要直接與對方發生衝突。,price_refund_privacy_safety_or_policy,價格、退款、押金、付款、發票、個資、安全或客服承諾類題目不宜直接核准為 direct,needs_review,ask_human,人工確認正確答案；必要時改 status=needs_review 並改 answer_mode=collect_info 或 ask_human,
P0,faq-467,隱私保險遺失物與客訴,可以給評價嗎？,非常歡迎留下真實評價，您的回饋能幫助我們改善服務；若入住中有任何問題，也請第一時間告訴管家，讓我們有機會即時協助。,price_refund_privacy_safety_or_policy,價格、退款、押金、付款、發票、個資、安全或客服承諾類題目不宜直接核准為 direct,needs_review,ask_human,人工確認正確答案；必要時改 status=needs_review 並改 answer_mode=collect_info 或 ask_human,
P0,faq-468,隱私保險遺失物與客訴,評論可以獲得優惠嗎？,若有評論活動或回饋優惠，會依當期公告為準；民宿歡迎真實心得，但不會要求不實好評或以優惠交換不實評價。,price_refund_privacy_safety_or_policy,價格、退款、押金、付款、發票、個資、安全或客服承諾類題目不宜直接核准為 direct,needs_review,ask_human,人工確認正確答案；必要時改 status=needs_review 並改 answer_mode=collect_info 或 ask_human,
P0,faq-469,隱私保險遺失物與客訴,可以客訴嗎？,可以，請提供入住日期、房型、問題描述與照片，我們會認真處理並回覆改善方式。,price_refund_privacy_safety_or_policy,價格、退款、押金、付款、發票、個資、安全或客服承諾類題目不宜直接核准為 direct,needs_review,ask_human,人工確認正確答案；必要時改 status=needs_review 並改 answer_mode=collect_info 或 ask_human,
P0,faq-470,隱私保險遺失物與客訴,遇到安全疑慮怎麼辦？,若遇到人身安全、火災、醫療急症或可疑狀況，請優先撥打 110 或 119，再立即通知管家；非急迫問題可用官方 LINE 聯繫。,price_refund_privacy_safety_or_policy,價格、退款、押金、付款、發票、個資、安全或客服承諾類題目不宜直接核准為 direct,needs_review,ask_human,人工確認正確答案；必要時改 status=needs_review 並改 answer_mode=collect_info 或 ask_human,
P0,faq-471,隱私保險遺失物與客訴,鄰近施工會事先通知嗎？,若住宿期間附近有已知施工或可能影響入住的狀況，民宿會盡量提前通知；臨時施工或外部因素則會依現場狀況協助說明與處理。,price_refund_privacy_safety_or_policy,價格、退款、押金、付款、發票、個資、安全或客服承諾類題目不宜直接核准為 direct,needs_review,ask_human,人工確認正確答案；必要時改 status=needs_review 並改 answer_mode=collect_info 或 ask_human,
P0,faq-472,隱私保險遺失物與客訴,停水怎麼辦？,若遇停水，請先停止大量用水並立即通知管家；民宿會協助確認是區域停水、設備異常或臨時狀況，並依情況提供處理方式。,price_refund_privacy_safety_or_policy,價格、退款、押金、付款、發票、個資、安全或客服承諾類題目不宜直接核准為 direct,needs_review,ask_human,人工確認正確答案；必要時改 status=needs_review 並改 answer_mode=collect_info 或 ask_human,
P0,faq-473,隱私保險遺失物與客訴,網路斷線怎麼辦？,若網路斷線，請先確認 Wi-Fi 名稱與設備電源，仍無法連線時請通知管家；民宿會協助重啟設備或確認是否為外部網路異常。,price_refund_privacy_safety_or_policy,價格、退款、押金、付款、發票、個資、安全或客服承諾類題目不宜直接核准為 direct,needs_review,ask_human,人工確認正確答案；必要時改 status=needs_review 並改 answer_mode=collect_info 或 ask_human,
P0,faq-474,隱私保險遺失物與客訴,房間被誤闖怎麼辦？,若發生房間被誤闖或疑似安全問題，請立即通知管家；若涉及人身安全，請先撥打 110 或 119，並保留現場狀況。,price_refund_privacy_safety_or_policy,價格、退款、押金、付款、發票、個資、安全或客服承諾類題目不宜直接核准為 direct,needs_review,ask_human,人工確認正確答案；必要時改 status=needs_review 並改 answer_mode=collect_info 或 ask_human,
P0,faq-475,隱私保險遺失物與客訴,退房後被通知損壞怎麼辦？,請主動拍照並通知民宿；民宿會判斷正常耗損或人為損壞，依證據與規範協調清潔、修復或賠償。,price_refund_privacy_safety_or_policy,價格、退款、押金、付款、發票、個資、安全或客服承諾類題目不宜直接核准為 direct,needs_review,ask_human,人工確認正確答案；必要時改 status=needs_review 並改 answer_mode=collect_info 或 ask_human,
P0,faq-493,特殊需求與情境應對,可以請民宿推薦攝影師嗎？,外部服務、企業小聚、開會或遠端工作需事前確認人數、設備、網路、訪客與場地規範。,known_high_risk,問題問攝影師推薦，但目前答案主題不一致,needs_review,ask_human,人工確認正確答案；必要時改 status=needs_review 並改 answer_mode=collect_info 或 ask_human,
P0,faq-500,特殊需求與情境應對,遇到臨時緊急事件怎麼辦？,人身安全、火災或醫療急症請先撥110或119，再通知民宿；非急迫問題請用官方LINE或電話聯繫。,price_refund_privacy_safety_or_policy,價格、退款、押金、付款、發票、個資、安全或客服承諾類題目不宜直接核准為 direct,needs_review,ask_human,人工確認正確答案；必要時改 status=needs_review 並改 answer_mode=collect_info 或 ask_human,
P1,faq-002,訂房與空房,我要怎麼訂房？,可先透過官網線上預約、官方 LINE 或電話提出需求；送出後會由管家確認日期、人數、包棟或房型、寵物與付款資訊。完成管家確認與付款程序後，才算正式保留。,vague_answer,答案含確認或依公告語氣，建議檢查是否應改 collect_info 或 ask_human,needs_review,collect_info,補足具體條件、限制或改為 collect_info；若只是同義問法，整理成 aliases,
P1,faq-007,訂房與空房,可以現場看房再訂嗎？,目前不開放臨時現場看房，以保護住客隱私與維持清潔作業。若有合作、拍攝或特殊需求，請先透過官方 LINE 預約並由管家確認可行時段。,vague_answer,答案含確認或依公告語氣，建議檢查是否應改 collect_info 或 ask_human,needs_review,collect_info,補足具體條件、限制或改為 collect_info；若只是同義問法，整理成 aliases,
P1,faq-009,訂房與空房,可以指定樓層嗎？,可以提出樓層偏好，若有長輩、幼兒或行動需求也請一併告知；實際安排仍需依房況與安全動線由管家確認。,vague_answer,答案含確認或依公告語氣，建議檢查是否應改 collect_info 或 ask_human,needs_review,collect_info,補足具體條件、限制或改為 collect_info；若只是同義問法，整理成 aliases,
P1,faq-011,訂房與空房,可以包棟嗎？,可以，慢慢蒔光主要以包棟 villa 為主，適合親友、家庭與團體一起入住。請提供入住日期、退房日期、總人數、寵物與特殊需求，管家會協助確認房況與報價。,vague_answer,答案含確認或依公告語氣，建議檢查是否應改 collect_info 或 ask_human,needs_review,collect_info,補足具體條件、限制或改為 collect_info；若只是同義問法，整理成 aliases,
P1,faq-019,訂房與空房,訂房成功會收到什麼資料？,訂房確認後會提供入住日期、退房日期、住宿方式、入住人數、金額、付款狀態、入住須知與聯絡方式；若未收到，請用訂房姓名與日期向官方 LINE 查詢。,vague_answer,答案含確認或依公告語氣，建議檢查是否應改 collect_info 或 ask_human,needs_review,collect_info,補足具體條件、限制或改為 collect_info；若只是同義問法，整理成 aliases,
P1,faq-020,訂房與空房,我沒收到確認信怎麼辦？,請先確認垃圾信件匣或信箱是否填錯；若仍未收到，請透過官方 LINE 提供訂房姓名、入住日期與聯絡電話，管家會協助查詢。,vague_answer,答案含確認或依公告語氣，建議檢查是否應改 collect_info 或 ask_human,needs_review,collect_info,補足具體條件、限制或改為 collect_info；若只是同義問法，整理成 aliases,
P1,faq-025,訂房與空房,訂房需要提供哪些資料？,請提供入住日期、退房日期、人數、房型或包棟需求與特殊需求，我們會協助確認最適合的訂房方式。,vague_answer,答案含確認或依公告語氣，建議檢查是否應改 collect_info 或 ask_human,needs_review,collect_info,補足具體條件、限制或改為 collect_info；若只是同義問法，整理成 aliases,
P1,faq-076,入住退房與抵達,幾點可以入住？,入住時間以正式入住通知為準。若需要提早抵達或先放行李，請入住前與管家確認，避免房間尚在清潔整理中。,operational_detail,設備、房型、交通、寵物、入住規範或現場條件需要人工確認是否足夠具體,needs_review,collect_info,補足具體條件、限制或改為 collect_info；若只是同義問法，整理成 aliases,
P1,faq-077,入住退房與抵達,幾點要退房？,退房時間以正式入住通知為準。請依指定時間完成退房，以利清潔人員整理與準備下一組客人入住。,operational_detail,設備、房型、交通、寵物、入住規範或現場條件需要人工確認是否足夠具體,needs_review,collect_info,補足具體條件、限制或改為 collect_info；若只是同義問法，整理成 aliases,
P1,faq-078,入住退房與抵達,可以提早入住嗎？,提早入住或提前使用公共空間需視前一晚房況與清潔進度而定，建議入住前1至2天再次確認。,operational_detail,設備、房型、交通、寵物、入住規範或現場條件需要人工確認是否足夠具體,needs_review,collect_info,補足具體條件、限制或改為 collect_info；若只是同義問法，整理成 aliases,
P1,faq-079,入住退房與抵達,可以延後退房嗎？,延後退房需視後續訂房與清潔安排評估；若可延退，可能依公告加收延退費。,operational_detail,設備、房型、交通、寵物、入住規範或現場條件需要人工確認是否足夠具體,needs_review,collect_info,補足具體條件、限制或改為 collect_info；若只是同義問法，整理成 aliases,
P1,faq-081,入住退房與抵達,晚上很晚到會影響入住嗎？,若會晚到，請提前告知預計抵達時間；我們會依接待方式安排鑰匙、自助入住或管家協助，並請保持安靜。,operational_detail,設備、房型、交通、寵物、入住規範或現場條件需要人工確認是否足夠具體,needs_review,collect_info,補足具體條件、限制或改為 collect_info；若只是同義問法，整理成 aliases,
P1,faq-082,入住退房與抵達,入住當天需要帶什麼？,請攜帶身分證明文件、訂房確認資料、付款尾款或付款證明，以及個人藥品與個人用品。,operational_detail,設備、房型、交通、寵物、入住規範或現場條件需要人工確認是否足夠具體,needs_review,collect_info,補足具體條件、限制或改為 collect_info；若只是同義問法，整理成 aliases,
P1,faq-084,入住退房與抵達,每個人都要登記資料嗎？,民宿依法需登記住宿旅客資料；請出示身分證、護照或居留證等有效證件，資料會依個資規定妥善處理。,operational_detail,設備、房型、交通、寵物、入住規範或現場條件需要人工確認是否足夠具體,needs_review,collect_info,補足具體條件、限制或改為 collect_info；若只是同義問法，整理成 aliases,
P1,faq-085,入住退房與抵達,外國旅客可以入住嗎？,民宿依法需登記住宿旅客資料；請出示身分證、護照或居留證等有效證件，資料會依個資規定妥善處理。,operational_detail,設備、房型、交通、寵物、入住規範或現場條件需要人工確認是否足夠具體,needs_review,collect_info,補足具體條件、限制或改為 collect_info；若只是同義問法，整理成 aliases,
P1,faq-086,入住退房與抵達,可以自助入住嗎？,若提供自助入住，會在入住前提供門禁、鑰匙盒或密碼說明；請勿轉傳給非入住者，退房後密碼會更新。,operational_detail,設備、房型、交通、寵物、入住規範或現場條件需要人工確認是否足夠具體,needs_review,collect_info,補足具體條件、限制或改為 collect_info；若只是同義問法，整理成 aliases,
P1,faq-087,入住退房與抵達,鑰匙怎麼拿？,若提供自助入住，會在入住前提供門禁、鑰匙盒或密碼說明；請勿轉傳給非入住者，退房後密碼會更新。,operational_detail,設備、房型、交通、寵物、入住規範或現場條件需要人工確認是否足夠具體,needs_review,collect_info,補足具體條件、限制或改為 collect_info；若只是同義問法，整理成 aliases,
P1,faq-088,入住退房與抵達,門鎖密碼什麼時候給？,若提供自助入住，會在入住前提供門禁、鑰匙盒或密碼說明；請勿轉傳給非入住者，退房後密碼會更新。,operational_detail,設備、房型、交通、寵物、入住規範或現場條件需要人工確認是否足夠具體,needs_review,collect_info,補足具體條件、限制或改為 collect_info；若只是同義問法，整理成 aliases,
P1,faq-089,入住退房與抵達,找不到民宿入口怎麼辦？,請依入住通知前往指定入口或報到位置；若找不到，請傳目前位置或直接撥打聯絡電話。,operational_detail,設備、房型、交通、寵物、入住規範或現場條件需要人工確認是否足夠具體,needs_review,collect_info,補足具體條件、限制或改為 collect_info；若只是同義問法，整理成 aliases,
P1,faq-090,入住退房與抵達,抵達後要先去哪裡報到？,請依入住通知前往指定入口或報到位置；若找不到，請傳目前位置或直接撥打聯絡電話。,operational_detail,設備、房型、交通、寵物、入住規範或現場條件需要人工確認是否足夠具體,needs_review,collect_info,補足具體條件、限制或改為 collect_info；若只是同義問法，整理成 aliases,
P1,faq-091,入住退房與抵達,可以先放行李嗎？,可視當日人力與空間提供行李寄放；貴重物品請自行保管，並先告知抵達或取回時間。,operational_detail,設備、房型、交通、寵物、入住規範或現場條件需要人工確認是否足夠具體,needs_review,collect_info,補足具體條件、限制或改為 collect_info；若只是同義問法，整理成 aliases,
P1,faq-092,入住退房與抵達,退房後可以寄放行李嗎？,可視當日人力與空間提供行李寄放；貴重物品請自行保管，並先告知抵達或取回時間。,operational_detail,設備、房型、交通、寵物、入住規範或現場條件需要人工確認是否足夠具體,needs_review,collect_info,補足具體條件、限制或改為 collect_info；若只是同義問法，整理成 aliases,
P1,faq-093,入住退房與抵達,退房流程是什麼？,退房前請確認個人物品、關閉電器與門窗、垃圾依指定方式處理，並依指示歸還鑰匙或完成自助退房。,operational_detail,設備、房型、交通、寵物、入住規範或現場條件需要人工確認是否足夠具體,needs_review,collect_info,補足具體條件、限制或改為 collect_info；若只是同義問法，整理成 aliases,
P1,faq-094,入住退房與抵達,退房需要檢查房間嗎？,退房前請確認個人物品、關閉電器與門窗、垃圾依指定方式處理，並依指示歸還鑰匙或完成自助退房。,operational_detail,設備、房型、交通、寵物、入住規範或現場條件需要人工確認是否足夠具體,needs_review,collect_info,補足具體條件、限制或改為 collect_info；若只是同義問法，整理成 aliases,
P1,faq-095,入住退房與抵達,忘記退房時間怎麼辦？,退房前請確認個人物品、關閉電器與門窗、垃圾依指定方式處理，並依指示歸還鑰匙或完成自助退房。,operational_detail,設備、房型、交通、寵物、入住規範或現場條件需要人工確認是否足夠具體,needs_review,collect_info,補足具體條件、限制或改為 collect_info；若只是同義問法，整理成 aliases,
P1,faq-096,入住退房與抵達,退房可以不用見到管家嗎？,退房前請確認個人物品、關閉電器與門窗、垃圾依指定方式處理，並依指示歸還鑰匙或完成自助退房。,operational_detail,設備、房型、交通、寵物、入住規範或現場條件需要人工確認是否足夠具體,needs_review,collect_info,補足具體條件、限制或改為 collect_info；若只是同義問法，整理成 aliases,
P1,faq-097,入住退房與抵達,提早到可以使用公共空間嗎？,提早入住或提前使用公共空間需視前一晚房況與清潔進度而定，建議入住前1至2天再次確認。,operational_detail,設備、房型、交通、寵物、入住規範或現場條件需要人工確認是否足夠具體,needs_review,collect_info,補足具體條件、限制或改為 collect_info；若只是同義問法，整理成 aliases,
P1,faq-098,入住退房與抵達,退房後還可以使用設施嗎？,退房後通常不再開放使用房間與公共設施，以利清潔與準備下一組客人；特殊需求請先詢問。,operational_detail,設備、房型、交通、寵物、入住規範或現場條件需要人工確認是否足夠具體,needs_review,collect_info,補足具體條件、限制或改為 collect_info；若只是同義問法，整理成 aliases,
P1,faq-099,入住退房與抵達,入住前會提供哪些資訊？,入住前通常會提供地址、導航、停車、入住時間、門禁、Wi-Fi、設備使用、退房流程與緊急聯絡方式。,operational_detail,設備、房型、交通、寵物、入住規範或現場條件需要人工確認是否足夠具體,needs_review,collect_info,補足具體條件、限制或改為 collect_info；若只是同義問法，整理成 aliases,
P1,faq-100,入住退房與抵達,入住當天聯絡不到怎麼辦？,請先確認使用官方電話或LINE；緊急狀況依入住通知中的備用電話或緊急聯絡方式處理。,operational_detail,設備、房型、交通、寵物、入住規範或現場條件需要人工確認是否足夠具體,needs_review,collect_info,補足具體條件、限制或改為 collect_info；若只是同義問法，整理成 aliases,
P1,faq-101,交通停車與周邊,民宿地址在哪裡？,訂房確認後會提供地址、Google地圖連結與建議路線；建議直接點官方定位，避免導航到相近地點。,operational_detail,設備、房型、交通、寵物、入住規範或現場條件需要人工確認是否足夠具體,needs_review,collect_info,補足具體條件、限制或改為 collect_info；若只是同義問法，整理成 aliases,
P1,faq-102,交通停車與周邊,導航要輸入什麼？,訂房確認後會提供地址、Google地圖連結與建議路線；建議直接點官方定位，避免導航到相近地點。,operational_detail,設備、房型、交通、寵物、入住規範或現場條件需要人工確認是否足夠具體,needs_review,collect_info,補足具體條件、限制或改為 collect_info；若只是同義問法，整理成 aliases,
P1,faq-103,交通停車與周邊,開車怎麼到？,訂房確認後會提供地址、Google地圖連結與建議路線；建議直接點官方定位，避免導航到相近地點。,operational_detail,設備、房型、交通、寵物、入住規範或現場條件需要人工確認是否足夠具體,needs_review,collect_info,補足具體條件、限制或改為 collect_info；若只是同義問法，整理成 aliases,
P1,faq-104,交通停車與周邊,有停車位嗎？,請先提供車輛數與車型；停車位置、可停台數、是否收費與電動車充電限制，以民宿公告為準。,operational_detail,設備、房型、交通、寵物、入住規範或現場條件需要人工確認是否足夠具體,needs_review,collect_info,補足具體條件、限制或改為 collect_info；若只是同義問法，整理成 aliases,
P1,faq-106,交通停車與周邊,可以停幾台車？,請先提供車輛數與車型；停車位置、可停台數、是否收費與電動車充電限制，以民宿公告為準。,operational_detail,設備、房型、交通、寵物、入住規範或現場條件需要人工確認是否足夠具體,needs_review,collect_info,補足具體條件、限制或改為 collect_info；若只是同義問法，整理成 aliases,
P1,faq-107,交通停車與周邊,休旅車或九人座可以停嗎？,請先提供車輛數與車型；停車位置、可停台數、是否收費與電動車充電限制，以民宿公告為準。,operational_detail,設備、房型、交通、寵物、入住規範或現場條件需要人工確認是否足夠具體,needs_review,collect_info,補足具體條件、限制或改為 collect_info；若只是同義問法，整理成 aliases,
P1,faq-108,交通停車與周邊,電動車可以充電嗎？,請先提供車輛數與車型；停車位置、可停台數、是否收費與電動車充電限制，以民宿公告為準。,operational_detail,設備、房型、交通、寵物、入住規範或現場條件需要人工確認是否足夠具體,needs_review,collect_info,補足具體條件、限制或改為 collect_info；若只是同義問法，整理成 aliases,
P1,faq-109,交通停車與周邊,可以騎機車去嗎？,請先提供車輛數與車型；停車位置、可停台數、是否收費與電動車充電限制，以民宿公告為準。,operational_detail,設備、房型、交通、寵物、入住規範或現場條件需要人工確認是否足夠具體,needs_review,collect_info,補足具體條件、限制或改為 collect_info；若只是同義問法，整理成 aliases,
P1,faq-111,交通停車與周邊,搭高鐵怎麼到？,可依您的抵達站點與時間提供轉乘、叫車或租車建議；接駁是否提供及費用需事前確認。,operational_detail,設備、房型、交通、寵物、入住規範或現場條件需要人工確認是否足夠具體,needs_review,collect_info,補足具體條件、限制或改為 collect_info；若只是同義問法，整理成 aliases,
P1,faq-113,交通停車與周邊,有接駁服務嗎？,可依您的抵達站點與時間提供轉乘、叫車或租車建議；接駁是否提供及費用需事前確認。,operational_detail,設備、房型、交通、寵物、入住規範或現場條件需要人工確認是否足夠具體,needs_review,collect_info,補足具體條件、限制或改為 collect_info；若只是同義問法，整理成 aliases,
P1,faq-115,交通停車與周邊,附近租車方便嗎？,請先提供車輛數與車型；停車位置、可停台數、是否收費與電動車充電限制，以民宿公告為準。,operational_detail,設備、房型、交通、寵物、入住規範或現場條件需要人工確認是否足夠具體,needs_review,collect_info,補足具體條件、限制或改為 collect_info；若只是同義問法，整理成 aliases,
P1,faq-116,交通停車與周邊,路好開嗎？,請依官方路線慢速行駛；若遇豪雨、颱風或道路封閉，請先聯繫民宿確認是否適合前往。,operational_detail,設備、房型、交通、寵物、入住規範或現場條件需要人工確認是否足夠具體,needs_review,collect_info,補足具體條件、限制或改為 collect_info；若只是同義問法，整理成 aliases,
P1,faq-117,交通停車與周邊,下雨天路況會不會危險？,請依官方路線慢速行駛；若遇豪雨、颱風或道路封閉，請先聯繫民宿確認是否適合前往。,operational_detail,設備、房型、交通、寵物、入住規範或現場條件需要人工確認是否足夠具體,needs_review,collect_info,補足具體條件、限制或改為 collect_info；若只是同義問法，整理成 aliases,
P1,faq-118,交通停車與周邊,附近有超商嗎？,可提供最近超商、餐廳、賣場、外送範圍或加油站資訊；郊區夜間店家較少，建議入住前先採買。,operational_detail,設備、房型、交通、寵物、入住規範或現場條件需要人工確認是否足夠具體,needs_review,collect_info,補足具體條件、限制或改為 collect_info；若只是同義問法，整理成 aliases,
P1,faq-119,交通停車與周邊,附近有餐廳嗎？,可提供最近超商、餐廳、賣場、外送範圍或加油站資訊；郊區夜間店家較少，建議入住前先採買。,operational_detail,設備、房型、交通、寵物、入住規範或現場條件需要人工確認是否足夠具體,needs_review,collect_info,補足具體條件、限制或改為 collect_info；若只是同義問法，整理成 aliases,
P1,faq-120,交通停車與周邊,附近有市場或賣場嗎？,可提供最近超商、餐廳、賣場、外送範圍或加油站資訊；郊區夜間店家較少，建議入住前先採買。,operational_detail,設備、房型、交通、寵物、入住規範或現場條件需要人工確認是否足夠具體,needs_review,collect_info,補足具體條件、限制或改為 collect_info；若只是同義問法，整理成 aliases,
P1,faq-121,交通停車與周邊,附近晚上買東西方便嗎？,可提供最近超商、餐廳、賣場、外送範圍或加油站資訊；郊區夜間店家較少，建議入住前先採買。,operational_detail,設備、房型、交通、寵物、入住規範或現場條件需要人工確認是否足夠具體,needs_review,collect_info,補足具體條件、限制或改為 collect_info；若只是同義問法，整理成 aliases,
P1,faq-122,交通停車與周邊,民宿附近會不會很偏僻？,可依您的交通方式、抵達時間與回程方向，提供最順路的交通與周邊建議。,operational_detail,設備、房型、交通、寵物、入住規範或現場條件需要人工確認是否足夠具體,needs_review,collect_info,補足具體條件、限制或改為 collect_info；若只是同義問法，整理成 aliases,
P1,faq-123,交通停車與周邊,叫外送方便嗎？,可提供最近超商、餐廳、賣場、外送範圍或加油站資訊；郊區夜間店家較少，建議入住前先採買。,operational_detail,設備、房型、交通、寵物、入住規範或現場條件需要人工確認是否足夠具體,needs_review,collect_info,補足具體條件、限制或改為 collect_info；若只是同義問法，整理成 aliases,
P1,faq-124,交通停車與周邊,附近有加油站嗎？,可提供最近超商、餐廳、賣場、外送範圍或加油站資訊；郊區夜間店家較少，建議入住前先採買。,operational_detail,設備、房型、交通、寵物、入住規範或現場條件需要人工確認是否足夠具體,needs_review,collect_info,補足具體條件、限制或改為 collect_info；若只是同義問法，整理成 aliases,
P1,faq-126,人數房型與包棟,最多可以住幾人？,入住人數需依民宿核定、房型配置與安全規定；超過最大容納人數通常不接受，請如實告知大人小孩人數。,operational_detail,設備、房型、交通、寵物、入住規範或現場條件需要人工確認是否足夠具體,needs_review,collect_info,補足具體條件、限制或改為 collect_info；若只是同義問法，整理成 aliases,
P1,faq-127,人數房型與包棟,基本人數是幾人？,入住人數需依民宿核定、房型配置與安全規定；超過最大容納人數通常不接受，請如實告知大人小孩人數。,operational_detail,設備、房型、交通、寵物、入住規範或現場條件需要人工確認是否足夠具體,needs_review,collect_info,補足具體條件、限制或改為 collect_info；若只是同義問法，整理成 aliases,
P1,faq-128,人數房型與包棟,可以超過最大人數入住嗎？,入住人數需依民宿核定、房型配置與安全規定；超過最大容納人數通常不接受，請如實告知大人小孩人數。,operational_detail,設備、房型、交通、寵物、入住規範或現場條件需要人工確認是否足夠具體,needs_review,collect_info,補足具體條件、限制或改為 collect_info；若只是同義問法，整理成 aliases,
P1,faq-129,人數房型與包棟,小孩不佔床可以不算嗎？,小孩是否計入人數需依年齡、身高與是否佔床判斷；請提供年齡方便確認費用與備品。,operational_detail,設備、房型、交通、寵物、入住規範或現場條件需要人工確認是否足夠具體,needs_review,collect_info,補足具體條件、限制或改為 collect_info；若只是同義問法，整理成 aliases,
P1,faq-130,人數房型與包棟,房間怎麼分配？,可依家庭組成、長輩需求、床型與衛浴配置協助建議；實際房數與床型以官網或民宿回覆為準。,operational_detail,設備、房型、交通、寵物、入住規範或現場條件需要人工確認是否足夠具體,needs_review,collect_info,補足具體條件、限制或改為 collect_info；若只是同義問法，整理成 aliases,
P1,faq-131,人數房型與包棟,有幾間房？,慢慢蒔光目前為 5 間主題房配置，主要以包棟 villa 方式提供。若當期有開放單間客房，會依後台設定與人工確認為準。,operational_detail,設備、房型、交通、寵物、入住規範或現場條件需要人工確認是否足夠具體,needs_review,collect_info,補足具體條件、限制或改為 collect_info；若只是同義問法，整理成 aliases,
P1,faq-132,人數房型與包棟,每間房有獨立衛浴嗎？,可依家庭組成、長輩需求、床型與衛浴配置協助建議；實際房數與床型以官網或民宿回覆為準。,operational_detail,設備、房型、交通、寵物、入住規範或現場條件需要人工確認是否足夠具體,needs_review,collect_info,補足具體條件、限制或改為 collect_info；若只是同義問法，整理成 aliases,
P1,faq-133,人數房型與包棟,有一樓房間嗎？,可依家庭組成、長輩需求、床型與衛浴配置協助建議；實際房數與床型以官網或民宿回覆為準。,operational_detail,設備、房型、交通、寵物、入住規範或現場條件需要人工確認是否足夠具體,needs_review,collect_info,補足具體條件、限制或改為 collect_info；若只是同義問法，整理成 aliases,
P1,faq-134,人數房型與包棟,有雙人房嗎？,可依家庭組成、長輩需求、床型與衛浴配置協助建議；實際房數與床型以官網或民宿回覆為準。,operational_detail,設備、房型、交通、寵物、入住規範或現場條件需要人工確認是否足夠具體,needs_review,collect_info,補足具體條件、限制或改為 collect_info；若只是同義問法，整理成 aliases,
P1,faq-135,人數房型與包棟,有四人房嗎？,可依家庭組成、長輩需求、床型與衛浴配置協助建議；實際房數與床型以官網或民宿回覆為準。,operational_detail,設備、房型、交通、寵物、入住規範或現場條件需要人工確認是否足夠具體,needs_review,collect_info,補足具體條件、限制或改為 collect_info；若只是同義問法，整理成 aliases,
P1,faq-136,人數房型與包棟,床型可以選嗎？,可依家庭組成、長輩需求、床型與衛浴配置協助建議；實際房數與床型以官網或民宿回覆為準。,operational_detail,設備、房型、交通、寵物、入住規範或現場條件需要人工確認是否足夠具體,needs_review,collect_info,補足具體條件、限制或改為 collect_info；若只是同義問法，整理成 aliases,
P1,faq-137,人數房型與包棟,可以加被子嗎？,可依家庭組成、長輩需求、床型與衛浴配置協助建議；實際房數與床型以官網或民宿回覆為準。,operational_detail,設備、房型、交通、寵物、入住規範或現場條件需要人工確認是否足夠具體,needs_review,collect_info,補足具體條件、限制或改為 collect_info；若只是同義問法，整理成 aliases,
P1,faq-138,人數房型與包棟,可以加枕頭嗎？,可依家庭組成、長輩需求、床型與衛浴配置協助建議；實際房數與床型以官網或民宿回覆為準。,operational_detail,設備、房型、交通、寵物、入住規範或現場條件需要人工確認是否足夠具體,needs_review,collect_info,補足具體條件、限制或改為 collect_info；若只是同義問法，整理成 aliases,
P1,faq-139,人數房型與包棟,房間可以換床位嗎？,可依家庭組成、長輩需求、床型與衛浴配置協助建議；實際房數與床型以官網或民宿回覆為準。,operational_detail,設備、房型、交通、寵物、入住規範或現場條件需要人工確認是否足夠具體,needs_review,collect_info,補足具體條件、限制或改為 collect_info；若只是同義問法，整理成 aliases,
P1,faq-140,人數房型與包棟,可以臨時增加人入住嗎？,請先提供入住人數、房型偏好與活動需求，我們會建議最合適的房型或包棟配置。,operational_detail,設備、房型、交通、寵物、入住規範或現場條件需要人工確認是否足夠具體,needs_review,collect_info,補足具體條件、限制或改為 collect_info；若只是同義問法，整理成 aliases,
P1,faq-141,人數房型與包棟,沒有過夜的訪客可以來嗎？,未登記訪客不得擅自進入或使用設施；若有日間訪客，請先告知人數、時間與是否需收費。,operational_detail,設備、房型、交通、寵物、入住規範或現場條件需要人工確認是否足夠具體,needs_review,collect_info,補足具體條件、限制或改為 collect_info；若只是同義問法，整理成 aliases,
P1,faq-142,人數房型與包棟,朋友可以白天來玩嗎？,未登記訪客不得擅自進入或使用設施；若有日間訪客，請先告知人數、時間與是否需收費。,operational_detail,設備、房型、交通、寵物、入住規範或現場條件需要人工確認是否足夠具體,needs_review,collect_info,補足具體條件、限制或改為 collect_info；若只是同義問法，整理成 aliases,
P1,faq-143,人數房型與包棟,可以辦活動或聚會嗎？,請先提供活動內容、人數、時段、布置與外部廠商需求；民宿會評估安全、音量、停車與清潔規範後回覆。,operational_detail,設備、房型、交通、寵物、入住規範或現場條件需要人工確認是否足夠具體,needs_review,collect_info,補足具體條件、限制或改為 collect_info；若只是同義問法，整理成 aliases,
P1,faq-144,人數房型與包棟,求婚或生日派對可以嗎？,請先提供活動內容、人數、時段、布置與外部廠商需求；民宿會評估安全、音量、停車與清潔規範後回覆。,operational_detail,設備、房型、交通、寵物、入住規範或現場條件需要人工確認是否足夠具體,needs_review,collect_info,補足具體條件、限制或改為 collect_info；若只是同義問法，整理成 aliases,
P1,faq-145,人數房型與包棟,可以商業拍攝嗎？,請先提供活動內容、人數、時段、布置與外部廠商需求；民宿會評估安全、音量、停車與清潔規範後回覆。,operational_detail,設備、房型、交通、寵物、入住規範或現場條件需要人工確認是否足夠具體,needs_review,collect_info,補足具體條件、限制或改為 collect_info；若只是同義問法，整理成 aliases,
P1,faq-146,人數房型與包棟,可以拍婚紗嗎？,請先提供活動內容、人數、時段、布置與外部廠商需求；民宿會評估安全、音量、停車與清潔規範後回覆。,operational_detail,設備、房型、交通、寵物、入住規範或現場條件需要人工確認是否足夠具體,needs_review,collect_info,補足具體條件、限制或改為 collect_info；若只是同義問法，整理成 aliases,
P1,faq-147,人數房型與包棟,包棟可不可以只住少人數？,包棟通常以整棟方案計價，可詢問少人數或分區方案；實際開放範圍與價格以民宿回覆為準。,operational_detail,設備、房型、交通、寵物、入住規範或現場條件需要人工確認是否足夠具體,needs_review,collect_info,補足具體條件、限制或改為 collect_info；若只是同義問法，整理成 aliases,
P1,faq-149,人數房型與包棟,可以只租公共空間不住宿嗎？,請先提供入住人數、房型偏好與活動需求，我們會建議最合適的房型或包棟配置。,operational_detail,設備、房型、交通、寵物、入住規範或現場條件需要人工確認是否足夠具體,needs_review,collect_info,補足具體條件、限制或改為 collect_info；若只是同義問法，整理成 aliases,
P1,faq-150,人數房型與包棟,管家會住在裡面嗎？,管家有獨立出入口與工作安排，不會任意進入客人使用空間；包棟期間會盡量保留隱私，必要協助會以官方 LINE 或現場約定方式聯繫。,operational_detail,設備、房型、交通、寵物、入住規範或現場條件需要人工確認是否足夠具體,needs_review,collect_info,補足具體條件、限制或改為 collect_info；若只是同義問法，整理成 aliases,
P1,faq-151,房間設備與備品,房間有冷氣嗎？,設備依房型頁與現場配置為準；入住後若不會操作，可查看房內說明或聯繫民宿協助。,operational_detail,設備、房型、交通、寵物、入住規範或現場條件需要人工確認是否足夠具體,needs_review,collect_info,補足具體條件、限制或改為 collect_info；若只是同義問法，整理成 aliases,
P1,faq-152,房間設備與備品,冷氣怎麼開？,設備依房型頁與現場配置為準；入住後若不會操作，可查看房內說明或聯繫民宿協助。,operational_detail,設備、房型、交通、寵物、入住規範或現場條件需要人工確認是否足夠具體,needs_review,collect_info,補足具體條件、限制或改為 collect_info；若只是同義問法，整理成 aliases,
P1,faq-153,房間設備與備品,房間有暖氣嗎？,設備依房型頁與現場配置為準；入住後若不會操作，可查看房內說明或聯繫民宿協助。,operational_detail,設備、房型、交通、寵物、入住規範或現場條件需要人工確認是否足夠具體,needs_review,collect_info,補足具體條件、限制或改為 collect_info；若只是同義問法，整理成 aliases,
P1,faq-154,房間設備與備品,有Wi-Fi嗎？,Wi-Fi帳號密碼會在入住資訊或房內公告提供；若連線異常請通知民宿協助檢查。,operational_detail,設備、房型、交通、寵物、入住規範或現場條件需要人工確認是否足夠具體,needs_review,collect_info,補足具體條件、限制或改為 collect_info；若只是同義問法，整理成 aliases,
P1,faq-155,房間設備與備品,Wi-Fi密碼是多少？,Wi-Fi帳號密碼會在入住資訊或房內公告提供；若連線異常請通知民宿協助檢查。,operational_detail,設備、房型、交通、寵物、入住規範或現場條件需要人工確認是否足夠具體,needs_review,collect_info,補足具體條件、限制或改為 collect_info；若只是同義問法，整理成 aliases,
P1,faq-156,房間設備與備品,房間有電視嗎？,電視與串流服務依房型設備為準；若需使用個人帳號，退房前請記得登出。,operational_detail,設備、房型、交通、寵物、入住規範或現場條件需要人工確認是否足夠具體,needs_review,collect_info,補足具體條件、限制或改為 collect_info；若只是同義問法，整理成 aliases,
P1,faq-157,房間設備與備品,電視怎麼操作？,電視與串流服務依房型設備為準；若需使用個人帳號，退房前請記得登出。,operational_detail,設備、房型、交通、寵物、入住規範或現場條件需要人工確認是否足夠具體,needs_review,collect_info,補足具體條件、限制或改為 collect_info；若只是同義問法，整理成 aliases,
P1,faq-158,房間設備與備品,有Netflix嗎？,電視與串流服務依房型設備為準；若需使用個人帳號，退房前請記得登出。,operational_detail,設備、房型、交通、寵物、入住規範或現場條件需要人工確認是否足夠具體,needs_review,collect_info,補足具體條件、限制或改為 collect_info；若只是同義問法，整理成 aliases,
P1,faq-159,房間設備與備品,房間有冰箱嗎？,相關設備位置與是否開放使用依民宿公告；使用後請關閉電源、清潔並放回原位。,operational_detail,設備、房型、交通、寵物、入住規範或現場條件需要人工確認是否足夠具體,needs_review,collect_info,補足具體條件、限制或改為 collect_info；若只是同義問法，整理成 aliases,
P1,faq-160,房間設備與備品,有熱水壺嗎？,相關設備位置與是否開放使用依民宿公告；使用後請關閉電源、清潔並放回原位。,operational_detail,設備、房型、交通、寵物、入住規範或現場條件需要人工確認是否足夠具體,needs_review,collect_info,補足具體條件、限制或改為 collect_info；若只是同義問法，整理成 aliases,
P1,faq-161,房間設備與備品,有吹風機嗎？,相關設備位置與是否開放使用依民宿公告；使用後請關閉電源、清潔並放回原位。,operational_detail,設備、房型、交通、寵物、入住規範或現場條件需要人工確認是否足夠具體,needs_review,collect_info,補足具體條件、限制或改為 collect_info；若只是同義問法，整理成 aliases,
P1,faq-162,房間設備與備品,有毛巾浴巾嗎？,備品提供依民宿規定；因環保政策，部分一次性用品可能不主動提供，建議自備個人盥洗用品。,operational_detail,設備、房型、交通、寵物、入住規範或現場條件需要人工確認是否足夠具體,needs_review,collect_info,補足具體條件、限制或改為 collect_info；若只是同義問法，整理成 aliases,
P1,faq-163,房間設備與備品,有牙刷牙膏嗎？,備品提供依民宿規定；因環保政策，部分一次性用品可能不主動提供，建議自備個人盥洗用品。,operational_detail,設備、房型、交通、寵物、入住規範或現場條件需要人工確認是否足夠具體,needs_review,collect_info,補足具體條件、限制或改為 collect_info；若只是同義問法，整理成 aliases,
P1,faq-164,房間設備與備品,有洗髮精沐浴乳嗎？,備品提供依民宿規定；因環保政策，部分一次性用品可能不主動提供，建議自備個人盥洗用品。,operational_detail,設備、房型、交通、寵物、入住規範或現場條件需要人工確認是否足夠具體,needs_review,collect_info,補足具體條件、限制或改為 collect_info；若只是同義問法，整理成 aliases,
P1,faq-165,房間設備與備品,有洗衣機嗎？,相關設備位置與是否開放使用依民宿公告；使用後請關閉電源、清潔並放回原位。,operational_detail,設備、房型、交通、寵物、入住規範或現場條件需要人工確認是否足夠具體,needs_review,collect_info,補足具體條件、限制或改為 collect_info；若只是同義問法，整理成 aliases,
P1,faq-166,房間設備與備品,有曬衣空間嗎？,相關設備位置與是否開放使用依民宿公告；使用後請關閉電源、清潔並放回原位。,operational_detail,設備、房型、交通、寵物、入住規範或現場條件需要人工確認是否足夠具體,needs_review,collect_info,補足具體條件、限制或改為 collect_info；若只是同義問法，整理成 aliases,
P1,faq-167,房間設備與備品,房間有插座嗎？,請勿自行使用高功率電器或不合格延長線；如需多孔插座或特殊用電請先詢問。,operational_detail,設備、房型、交通、寵物、入住規範或現場條件需要人工確認是否足夠具體,needs_review,collect_info,補足具體條件、限制或改為 collect_info；若只是同義問法，整理成 aliases,
P1,faq-168,房間設備與備品,可以使用延長線嗎？,請勿自行使用高功率電器或不合格延長線；如需多孔插座或特殊用電請先詢問。,operational_detail,設備、房型、交通、寵物、入住規範或現場條件需要人工確認是否足夠具體,needs_review,collect_info,補足具體條件、限制或改為 collect_info；若只是同義問法，整理成 aliases,
P1,faq-169,房間設備與備品,可以帶自己的電器嗎？,請勿自行使用高功率電器或不合格延長線；如需多孔插座或特殊用電請先詢問。,operational_detail,設備、房型、交通、寵物、入住規範或現場條件需要人工確認是否足夠具體,needs_review,collect_info,補足具體條件、限制或改為 collect_info；若只是同義問法，整理成 aliases,
P1,faq-170,房間設備與備品,房間隔音好嗎？,民宿多為住宅型建築，隔音不一定等同飯店；晚間請降低音量，共同維持安寧。,operational_detail,設備、房型、交通、寵物、入住規範或現場條件需要人工確認是否足夠具體,needs_review,collect_info,補足具體條件、限制或改為 collect_info；若只是同義問法，整理成 aliases,
P1,faq-171,房間設備與備品,房間有窗簾遮光嗎？,遮光與床墊軟硬屬房型與個人感受差異；若有睡眠需求，建議訂房前先詢問適合房型。,operational_detail,設備、房型、交通、寵物、入住規範或現場條件需要人工確認是否足夠具體,needs_review,collect_info,補足具體條件、限制或改為 collect_info；若只是同義問法，整理成 aliases,
P1,faq-172,房間設備與備品,床墊軟硬度如何？,遮光與床墊軟硬屬房型與個人感受差異；若有睡眠需求，建議訂房前先詢問適合房型。,operational_detail,設備、房型、交通、寵物、入住規範或現場條件需要人工確認是否足夠具體,needs_review,collect_info,補足具體條件、限制或改為 collect_info；若只是同義問法，整理成 aliases,
P1,faq-173,房間設備與備品,房間有蚊子或昆蟲嗎？,鄉間或自然環境難免有小昆蟲，民宿會盡力清潔與防治；建議關好紗窗門窗並自備防蚊用品。,operational_detail,設備、房型、交通、寵物、入住規範或現場條件需要人工確認是否足夠具體,needs_review,collect_info,補足具體條件、限制或改為 collect_info；若只是同義問法，整理成 aliases,
P1,faq-174,房間設備與備品,房內可以吃東西嗎？,房內可簡單飲食但請保持清潔；為安全與氣味考量，房內通常禁止煮食，請使用指定廚房。,operational_detail,設備、房型、交通、寵物、入住規範或現場條件需要人工確認是否足夠具體,needs_review,collect_info,補足具體條件、限制或改為 collect_info；若只是同義問法，整理成 aliases,
P1,faq-175,房間設備與備品,房內可以煮食嗎？,房內可簡單飲食但請保持清潔；為安全與氣味考量，房內通常禁止煮食，請使用指定廚房。,operational_detail,設備、房型、交通、寵物、入住規範或現場條件需要人工確認是否足夠具體,needs_review,collect_info,補足具體條件、限制或改為 collect_info；若只是同義問法，整理成 aliases,
P1,faq-176,公共空間與設施,公共空間有哪些？,公共空間依民宿配置開放，使用時請遵守時間、音量、清潔與安全規範，晚間請降低音量。,operational_detail,設備、房型、交通、寵物、入住規範或現場條件需要人工確認是否足夠具體,needs_review,collect_info,補足具體條件、限制或改為 collect_info；若只是同義問法，整理成 aliases,
P1,faq-177,公共空間與設施,客廳可以使用到幾點？,公共空間依民宿配置開放，使用時請遵守時間、音量、清潔與安全規範，晚間請降低音量。,operational_detail,設備、房型、交通、寵物、入住規範或現場條件需要人工確認是否足夠具體,needs_review,collect_info,補足具體條件、限制或改為 collect_info；若只是同義問法，整理成 aliases,
P1,faq-178,公共空間與設施,廚房可以使用嗎？,廚房與餐飲設備是否開放、可用範圍與清潔方式依民宿公告；使用後請清洗歸位。,operational_detail,設備、房型、交通、寵物、入住規範或現場條件需要人工確認是否足夠具體,needs_review,collect_info,補足具體條件、限制或改為 collect_info；若只是同義問法，整理成 aliases,
P1,faq-179,公共空間與設施,餐廳區可以聚餐嗎？,公共空間依民宿配置開放，使用時請遵守時間、音量、清潔與安全規範，晚間請降低音量。,operational_detail,設備、房型、交通、寵物、入住規範或現場條件需要人工確認是否足夠具體,needs_review,collect_info,補足具體條件、限制或改為 collect_info；若只是同義問法，整理成 aliases,
P1,faq-180,公共空間與設施,公共冰箱可以放東西嗎？,廚房與餐飲設備是否開放、可用範圍與清潔方式依民宿公告；使用後請清洗歸位。,operational_detail,設備、房型、交通、寵物、入住規範或現場條件需要人工確認是否足夠具體,needs_review,collect_info,補足具體條件、限制或改為 collect_info；若只是同義問法，整理成 aliases,
P1,faq-181,公共空間與設施,有飲水機嗎？,廚房與餐飲設備是否開放、可用範圍與清潔方式依民宿公告；使用後請清洗歸位。,operational_detail,設備、房型、交通、寵物、入住規範或現場條件需要人工確認是否足夠具體,needs_review,collect_info,補足具體條件、限制或改為 collect_info；若只是同義問法，整理成 aliases,
P1,faq-182,公共空間與設施,有咖啡或茶嗎？,廚房與餐飲設備是否開放、可用範圍與清潔方式依民宿公告；使用後請清洗歸位。,operational_detail,設備、房型、交通、寵物、入住規範或現場條件需要人工確認是否足夠具體,needs_review,collect_info,補足具體條件、限制或改為 collect_info；若只是同義問法，整理成 aliases,
P1,faq-183,公共空間與設施,可以使用公共杯盤嗎？,廚房與餐飲設備是否開放、可用範圍與清潔方式依民宿公告；使用後請清洗歸位。,operational_detail,設備、房型、交通、寵物、入住規範或現場條件需要人工確認是否足夠具體,needs_review,collect_info,補足具體條件、限制或改為 collect_info；若只是同義問法，整理成 aliases,
P1,faq-184,公共空間與設施,可以借桌遊嗎？,若提供桌遊或玩具，請家長陪同孩子使用，確認配件完整並放回原位。,operational_detail,設備、房型、交通、寵物、入住規範或現場條件需要人工確認是否足夠具體,needs_review,collect_info,補足具體條件、限制或改為 collect_info；若只是同義問法，整理成 aliases,
P1,faq-185,公共空間與設施,有兒童玩具嗎？,若提供桌遊或玩具，請家長陪同孩子使用，確認配件完整並放回原位。,operational_detail,設備、房型、交通、寵物、入住規範或現場條件需要人工確認是否足夠具體,needs_review,collect_info,補足具體條件、限制或改為 collect_info；若只是同義問法，整理成 aliases,
P1,faq-186,公共空間與設施,有電梯嗎？,是否有電梯需依建物配置；若有長輩或行動不便者同行，請訂房前確認樓層與動線。,operational_detail,設備、房型、交通、寵物、入住規範或現場條件需要人工確認是否足夠具體,needs_review,collect_info,補足具體條件、限制或改為 collect_info；若只是同義問法，整理成 aliases,
P1,faq-187,公共空間與設施,公共空間可以拍照嗎？,公共空間依民宿配置開放，使用時請遵守時間、音量、清潔與安全規範，晚間請降低音量。,operational_detail,設備、房型、交通、寵物、入住規範或現場條件需要人工確認是否足夠具體,needs_review,collect_info,補足具體條件、限制或改為 collect_info；若只是同義問法，整理成 aliases,
P1,faq-188,公共空間與設施,可以移動家具嗎？,個人拍照可正常進行，但布置、明火、香氛或移動家具需事前同意，不得傷牆、殘膠或造成清潔負擔。,operational_detail,設備、房型、交通、寵物、入住規範或現場條件需要人工確認是否足夠具體,needs_review,collect_info,補足具體條件、限制或改為 collect_info；若只是同義問法，整理成 aliases,
P1,faq-189,公共空間與設施,可以布置公共空間嗎？,公共空間依民宿配置開放，使用時請遵守時間、音量、清潔與安全規範，晚間請降低音量。,operational_detail,設備、房型、交通、寵物、入住規範或現場條件需要人工確認是否足夠具體,needs_review,collect_info,補足具體條件、限制或改為 collect_info；若只是同義問法，整理成 aliases,
P1,faq-190,公共空間與設施,可以點蠟燭嗎？,個人拍照可正常進行，但布置、明火、香氛或移動家具需事前同意，不得傷牆、殘膠或造成清潔負擔。,operational_detail,設備、房型、交通、寵物、入住規範或現場條件需要人工確認是否足夠具體,needs_review,collect_info,補足具體條件、限制或改為 collect_info；若只是同義問法，整理成 aliases,
P1,faq-191,公共空間與設施,可以使用香氛或擴香嗎？,個人拍照可正常進行，但布置、明火、香氛或移動家具需事前同意，不得傷牆、殘膠或造成清潔負擔。,operational_detail,設備、房型、交通、寵物、入住規範或現場條件需要人工確認是否足夠具體,needs_review,collect_info,補足具體條件、限制或改為 collect_info；若只是同義問法，整理成 aliases,
P1,faq-192,公共空間與設施,公共區域有冷氣嗎？,公共區域冷氣與燈光請依使用時間與節能規範操作；離開或睡前請關閉非必要電源。,operational_detail,設備、房型、交通、寵物、入住規範或現場條件需要人工確認是否足夠具體,needs_review,collect_info,補足具體條件、限制或改為 collect_info；若只是同義問法，整理成 aliases,
P1,faq-193,公共空間與設施,公共區域燈光可以整晚開嗎？,公共區域冷氣與燈光請依使用時間與節能規範操作；離開或睡前請關閉非必要電源。,operational_detail,設備、房型、交通、寵物、入住規範或現場條件需要人工確認是否足夠具體,needs_review,collect_info,補足具體條件、限制或改為 collect_info；若只是同義問法，整理成 aliases,
P1,faq-194,公共空間與設施,垃圾要丟哪裡？,請依民宿標示分類一般垃圾、回收、玻璃與廚餘，並放置於指定位置。,operational_detail,設備、房型、交通、寵物、入住規範或現場條件需要人工確認是否足夠具體,needs_review,collect_info,補足具體條件、限制或改為 collect_info；若只是同義問法，整理成 aliases,
P1,faq-195,公共空間與設施,資源回收怎麼分類？,請依民宿標示分類一般垃圾、回收、玻璃與廚餘，並放置於指定位置。,operational_detail,設備、房型、交通、寵物、入住規範或現場條件需要人工確認是否足夠具體,needs_review,collect_info,補足具體條件、限制或改為 collect_info；若只是同義問法，整理成 aliases,
P1,faq-196,公共空間與設施,公共空間髒了怎麼辦？,公共空間依民宿配置開放，使用時請遵守時間、音量、清潔與安全規範，晚間請降低音量。,operational_detail,設備、房型、交通、寵物、入住規範或現場條件需要人工確認是否足夠具體,needs_review,collect_info,補足具體條件、限制或改為 collect_info；若只是同義問法，整理成 aliases,
P1,faq-197,公共空間與設施,設施壞掉怎麼辦？,若公共空間髒污、打翻或設備故障，請立即拍照並通知民宿，以便即時處理。,operational_detail,設備、房型、交通、寵物、入住規範或現場條件需要人工確認是否足夠具體,needs_review,collect_info,補足具體條件、限制或改為 collect_info；若只是同義問法，整理成 aliases,
P1,faq-198,公共空間與設施,公共區可以穿室外鞋嗎？,請依現場標示換鞋與使用公共物品；物品使用後請放回原處，避免其他住客找不到。,operational_detail,設備、房型、交通、寵物、入住規範或現場條件需要人工確認是否足夠具體,needs_review,collect_info,補足具體條件、限制或改為 collect_info；若只是同義問法，整理成 aliases,
P1,faq-199,公共空間與設施,可以把公共物品拿進房間嗎？,請依現場標示換鞋與使用公共物品；物品使用後請放回原處，避免其他住客找不到。,operational_detail,設備、房型、交通、寵物、入住規範或現場條件需要人工確認是否足夠具體,needs_review,collect_info,補足具體條件、限制或改為 collect_info；若只是同義問法，整理成 aliases,
P1,faq-200,公共空間與設施,公共空間有監視器嗎？,公共空間依民宿配置開放，使用時請遵守時間、音量、清潔與安全規範，晚間請降低音量。,operational_detail,設備、房型、交通、寵物、入住規範或現場條件需要人工確認是否足夠具體,needs_review,collect_info,補足具體條件、限制或改為 collect_info；若只是同義問法，整理成 aliases,
P1,faq-201,早餐餐飲與廚房,有附早餐嗎？,早餐目前以代訂為主，是否提供與內容依當期方案為準；若需要早餐，請提前告知份數、用餐時間與特殊飲食需求。,operational_detail,設備、房型、交通、寵物、入住規範或現場條件需要人工確認是否足夠具體,needs_review,collect_info,補足具體條件、限制或改為 collect_info；若只是同義問法，整理成 aliases,
P1,faq-202,早餐餐飲與廚房,早餐幾點供應？,早餐供應或送達時間會依代訂店家與當日安排確認；請提前告知希望用餐時間，管家會協助評估是否可配合。,operational_detail,設備、房型、交通、寵物、入住規範或現場條件需要人工確認是否足夠具體,needs_review,collect_info,補足具體條件、限制或改為 collect_info；若只是同義問法，整理成 aliases,
P1,faq-203,早餐餐飲與廚房,早餐可以素食嗎？,可以先提出素食或特殊飲食需求；能否代訂素食早餐需依合作店家菜單與當日供應狀況確認。,operational_detail,設備、房型、交通、寵物、入住規範或現場條件需要人工確認是否足夠具體,needs_review,collect_info,補足具體條件、限制或改為 collect_info；若只是同義問法，整理成 aliases,
P1,faq-204,早餐餐飲與廚房,可以代訂早餐嗎？,可以代訂早餐。請提前告知份數、用餐時間與特殊飲食需求；實際品項、費用與截止時間會依當期公告或管家回覆為準。,operational_detail,設備、房型、交通、寵物、入住規範或現場條件需要人工確認是否足夠具體,needs_review,collect_info,補足具體條件、限制或改為 collect_info；若只是同義問法，整理成 aliases,
P1,faq-206,早餐餐飲與廚房,可以自己煮早餐嗎？,早餐是否包含、供應時間、素食或代訂費用依訂房方案與當期菜單為準；特殊飲食請提前告知。,operational_detail,設備、房型、交通、寵物、入住規範或現場條件需要人工確認是否足夠具體,needs_review,collect_info,補足具體條件、限制或改為 collect_info；若只是同義問法，整理成 aliases,
P1,faq-207,早餐餐飲與廚房,廚房有哪些設備？,若開放廚房，請依使用時間、器具範圍與清潔規範操作；房內通常禁止煮食。,operational_detail,設備、房型、交通、寵物、入住規範或現場條件需要人工確認是否足夠具體,needs_review,collect_info,補足具體條件、限制或改為 collect_info；若只是同義問法，整理成 aliases,
P1,faq-208,早餐餐飲與廚房,有鍋具可以用嗎？,若開放廚房，請依使用時間、器具範圍與清潔規範操作；房內通常禁止煮食。,operational_detail,設備、房型、交通、寵物、入住規範或現場條件需要人工確認是否足夠具體,needs_review,collect_info,補足具體條件、限制或改為 collect_info；若只是同義問法，整理成 aliases,
P1,faq-209,早餐餐飲與廚房,可以煮火鍋嗎？,若開放廚房，請依使用時間、器具範圍與清潔規範操作；房內通常禁止煮食。,operational_detail,設備、房型、交通、寵物、入住規範或現場條件需要人工確認是否足夠具體,needs_review,collect_info,補足具體條件、限制或改為 collect_info；若只是同義問法，整理成 aliases,
P1,faq-210,早餐餐飲與廚房,可以代訂烤肉食材嗎？,可以詢問是否提供烤肉食材代訂或合作店家；請提前確認人數、預算、內容、送達時間與是否需另付代訂費，現場不建議臨時追加。,operational_detail,設備、房型、交通、寵物、入住規範或現場條件需要人工確認是否足夠具體,needs_review,collect_info,補足具體條件、限制或改為 collect_info；若只是同義問法，整理成 aliases,
P1,faq-211,早餐餐飲與廚房,烤肉設備有提供嗎？,烤肉需事前確認場地、設備、費用、天候限制與炭灰垃圾處理方式；未確認前請勿自行生火。,operational_detail,設備、房型、交通、寵物、入住規範或現場條件需要人工確認是否足夠具體,needs_review,collect_info,補足具體條件、限制或改為 collect_info；若只是同義問法，整理成 aliases,
P1,faq-212,早餐餐飲與廚房,可以叫外燴嗎？,可提供附近餐廳、外送範圍或外燴注意事項；熱門餐廳與外燴建議提前訂位或預約。,operational_detail,設備、房型、交通、寵物、入住規範或現場條件需要人工確認是否足夠具體,needs_review,collect_info,補足具體條件、限制或改為 collect_info；若只是同義問法，整理成 aliases,
P1,faq-213,早餐餐飲與廚房,可以叫外送嗎？,可提供附近餐廳、外送範圍或外燴注意事項；熱門餐廳與外燴建議提前訂位或預約。,operational_detail,設備、房型、交通、寵物、入住規範或現場條件需要人工確認是否足夠具體,needs_review,collect_info,補足具體條件、限制或改為 collect_info；若只是同義問法，整理成 aliases,
P1,faq-214,早餐餐飲與廚房,附近有推薦餐廳嗎？,可提供附近餐廳、外送範圍或外燴注意事項；熱門餐廳與外燴建議提前訂位或預約。,operational_detail,設備、房型、交通、寵物、入住規範或現場條件需要人工確認是否足夠具體,needs_review,collect_info,補足具體條件、限制或改為 collect_info；若只是同義問法，整理成 aliases,
P1,faq-215,早餐餐飲與廚房,可以幫忙訂餐廳嗎？,可提供附近餐廳、外送範圍或外燴注意事項；熱門餐廳與外燴建議提前訂位或預約。,operational_detail,設備、房型、交通、寵物、入住規範或現場條件需要人工確認是否足夠具體,needs_review,collect_info,補足具體條件、限制或改為 collect_info；若只是同義問法，整理成 aliases,
P1,faq-216,早餐餐飲與廚房,可以在房間吃泡麵嗎？,可簡單飲食與理性飲酒，但請避免味道殘留、喧嘩、酒後駕車與垃圾未處理。,operational_detail,設備、房型、交通、寵物、入住規範或現場條件需要人工確認是否足夠具體,needs_review,collect_info,補足具體條件、限制或改為 collect_info；若只是同義問法，整理成 aliases,
P1,faq-217,早餐餐飲與廚房,可以帶酒嗎？,可簡單飲食與理性飲酒，但請避免味道殘留、喧嘩、酒後駕車與垃圾未處理。,operational_detail,設備、房型、交通、寵物、入住規範或現場條件需要人工確認是否足夠具體,needs_review,collect_info,補足具體條件、限制或改為 collect_info；若只是同義問法，整理成 aliases,
P1,faq-218,早餐餐飲與廚房,可以開派對喝酒唱歌嗎？,可簡單飲食與理性飲酒，但請避免味道殘留、喧嘩、酒後駕車與垃圾未處理。,operational_detail,設備、房型、交通、寵物、入住規範或現場條件需要人工確認是否足夠具體,needs_review,collect_info,補足具體條件、限制或改為 collect_info；若只是同義問法，整理成 aliases,
P1,faq-219,早餐餐飲與廚房,有提供冰塊嗎？,冰塊、水壺或保溫瓶是否提供依民宿備品；大量需求建議自行購買或提前詢問。,operational_detail,設備、房型、交通、寵物、入住規範或現場條件需要人工確認是否足夠具體,needs_review,collect_info,補足具體條件、限制或改為 collect_info；若只是同義問法，整理成 aliases,
P1,faq-220,早餐餐飲與廚房,可以借保溫瓶或水壺嗎？,冰塊、水壺或保溫瓶是否提供依民宿備品；大量需求建議自行購買或提前詢問。,operational_detail,設備、房型、交通、寵物、入住規範或現場條件需要人工確認是否足夠具體,needs_review,collect_info,補足具體條件、限制或改為 collect_info；若只是同義問法，整理成 aliases,
P1,faq-221,早餐餐飲與廚房,餐具不小心打破怎麼辦？,請先注意安全並通知民宿，不要徒手撿碎片；若有損壞，會依實際情況處理。,operational_detail,設備、房型、交通、寵物、入住規範或現場條件需要人工確認是否足夠具體,needs_review,collect_info,補足具體條件、限制或改為 collect_info；若只是同義問法，整理成 aliases,
P1,faq-222,早餐餐飲與廚房,食物可以留在冰箱嗎？,退房時請帶走所有個人食物；未取走的食物基於衛生會由清潔人員處理。,operational_detail,設備、房型、交通、寵物、入住規範或現場條件需要人工確認是否足夠具體,needs_review,collect_info,補足具體條件、限制或改為 collect_info；若只是同義問法，整理成 aliases,
P1,faq-223,早餐餐飲與廚房,可以煮氣味重的食物嗎？,請避免料理氣味重或油煙大的食物；廚餘、湯水與油脂需依指定方式處理，使用後請基本清潔復原。,operational_detail,設備、房型、交通、寵物、入住規範或現場條件需要人工確認是否足夠具體,needs_review,collect_info,補足具體條件、限制或改為 collect_info；若只是同義問法，整理成 aliases,
P1,faq-224,早餐餐飲與廚房,廚餘怎麼處理？,請避免料理氣味重或油煙大的食物；廚餘、湯水與油脂需依指定方式處理，使用後請基本清潔復原。,operational_detail,設備、房型、交通、寵物、入住規範或現場條件需要人工確認是否足夠具體,needs_review,collect_info,補足具體條件、限制或改為 collect_info；若只是同義問法，整理成 aliases,
P1,faq-225,早餐餐飲與廚房,退房前廚房要清到什麼程度？,若開放廚房，請依使用時間、器具範圍與清潔規範操作；房內通常禁止煮食。,operational_detail,設備、房型、交通、寵物、入住規範或現場條件需要人工確認是否足夠具體,needs_review,collect_info,補足具體條件、限制或改為 collect_info；若只是同義問法，整理成 aliases,
P1,faq-226,寵物友善,可以帶寵物嗎？,可以，慢慢蒔光是寵物友善 villa。訂房時請先告知寵物種類、數量、體型與習性，管家會協助確認入住規範、清潔注意事項與可能費用。,operational_detail,設備、房型、交通、寵物、入住規範或現場條件需要人工確認是否足夠具體,needs_review,collect_info,補足具體條件、限制或改為 collect_info；若只是同義問法，整理成 aliases,
P1,faq-227,寵物友善,可以帶狗嗎？,可以，慢慢蒔光是寵物友善 villa，可以帶狗狗一起入住。實際寵物數量、大小、清潔規範與特殊需求，仍需由管家確認。,operational_detail,設備、房型、交通、寵物、入住規範或現場條件需要人工確認是否足夠具體,needs_review,collect_info,補足具體條件、限制或改為 collect_info；若只是同義問法，整理成 aliases,
P1,faq-228,寵物友善,可以帶貓嗎？,可以先提出需求。慢慢蒔光是寵物友善 villa，貓咪入住的數量、清潔注意事項與空間安排，建議由管家依實際情況確認。,operational_detail,設備、房型、交通、寵物、入住規範或現場條件需要人工確認是否足夠具體,needs_review,collect_info,補足具體條件、限制或改為 collect_info；若只是同義問法，整理成 aliases,
P1,faq-230,寵物友善,寵物可以上床嗎？,為了維護寢具與清潔品質，通常不建議寵物上床或上沙發；如有拍照或特殊需求，請先與管家確認是否可配合及是否需加購保潔用品。,operational_detail,設備、房型、交通、寵物、入住規範或現場條件需要人工確認是否足夠具體,needs_review,collect_info,補足具體條件、限制或改為 collect_info；若只是同義問法，整理成 aliases,
P1,faq-231,寵物友善,寵物可以進房間嗎？,寵物是否可進入房間與可活動範圍，會依當期寵物入住規範確認。訂房時請先告知寵物種類、數量與體型，方便管家安排。,operational_detail,設備、房型、交通、寵物、入住規範或現場條件需要人工確認是否足夠具體,needs_review,collect_info,補足具體條件、限制或改為 collect_info；若只是同義問法，整理成 aliases,
P1,faq-232,寵物友善,寵物可以單獨留在房內嗎？,不建議讓寵物單獨留在房內，以免焦慮、吠叫、破壞家具或造成安全問題；若行程需要暫離，請先與管家討論安排。,operational_detail,設備、房型、交通、寵物、入住規範或現場條件需要人工確認是否足夠具體,needs_review,collect_info,補足具體條件、限制或改為 collect_info；若只是同義問法，整理成 aliases,
P1,faq-233,寵物友善,狗狗會叫可以入住嗎？,若狗狗容易吠叫，請攜帶安撫用品並盡量避免影響鄰居與其他住客；持續吠叫或造成困擾時，管家可能會依住宿規範協助處理。,operational_detail,設備、房型、交通、寵物、入住規範或現場條件需要人工確認是否足夠具體,needs_review,collect_info,補足具體條件、限制或改為 collect_info；若只是同義問法，整理成 aliases,
P1,faq-234,寵物友善,大型犬可以入住嗎？,大型犬可以先提出需求，由管家依狗狗體型、品種、數量、入住人數與當日房況確認是否合適。請提前提供相關資訊，方便安排。,operational_detail,設備、房型、交通、寵物、入住規範或現場條件需要人工確認是否足夠具體,needs_review,collect_info,補足具體條件、限制或改為 collect_info；若只是同義問法，整理成 aliases,
P1,faq-235,寵物友善,可以帶幾隻寵物？,可攜帶寵物數量需由管家依寵物種類、體型、房況與清潔安排確認；請先提供種類、數量、體重與習性，不建議未告知直接攜帶。,operational_detail,設備、房型、交通、寵物、入住規範或現場條件需要人工確認是否足夠具體,needs_review,collect_info,補足具體條件、限制或改為 collect_info；若只是同義問法，整理成 aliases,
P1,faq-236,寵物友善,寵物需要籠子嗎？,建議自備外出籠、睡墊、尿布墊、撿便袋、慣用食器與安撫用品；若民宿有提供部分備品，也會以當期公告與現場數量為準。,operational_detail,設備、房型、交通、寵物、入住規範或現場條件需要人工確認是否足夠具體,needs_review,collect_info,補足具體條件、限制或改為 collect_info；若只是同義問法，整理成 aliases,
P1,faq-237,寵物友善,有寵物用品嗎？,寵物用品以當期備品與現場數量為準；為了讓毛孩更適應環境，仍建議自備睡墊、尿布墊、撿便袋、食器與慣用用品。,operational_detail,設備、房型、交通、寵物、入住規範或現場條件需要人工確認是否足夠具體,needs_review,collect_info,補足具體條件、限制或改為 collect_info；若只是同義問法，整理成 aliases,
P1,faq-238,寵物友善,要自備尿布墊嗎？,建議自備尿布墊、撿便袋與清潔用品，特別是幼犬、貓咪或較容易緊張的寵物。現場是否有備品仍依當期準備數量為準。,operational_detail,設備、房型、交通、寵物、入住規範或現場條件需要人工確認是否足夠具體,needs_review,collect_info,補足具體條件、限制或改為 collect_info；若只是同義問法，整理成 aliases,
P1,faq-239,寵物友善,寵物可以在庭院跑嗎？,寵物可依規範在指定戶外區域活動，請務必牽繩、全程看顧並立即清理排泄物；是否能自由奔跑需依現場安全與圍界狀況確認。,operational_detail,設備、房型、交通、寵物、入住規範或現場條件需要人工確認是否足夠具體,needs_review,collect_info,補足具體條件、限制或改為 collect_info；若只是同義問法，整理成 aliases,
P1,faq-240,寵物友善,寵物可以進公共空間嗎？,寵物是否可進公共空間，會依當期寵物友善規範確認；若可進入，請牽繩或看顧，並避免影響家具、布品與其他住客。,operational_detail,設備、房型、交通、寵物、入住規範或現場條件需要人工確認是否足夠具體,needs_review,collect_info,補足具體條件、限制或改為 collect_info；若只是同義問法，整理成 aliases,
P1,faq-241,寵物友善,寵物弄髒床單怎麼辦？,請第一時間清理並通知管家；若造成床單、床墊、布品或空間深度清潔、除味或汰換，可能依實際情況收取費用。,operational_detail,設備、房型、交通、寵物、入住規範或現場條件需要人工確認是否足夠具體,needs_review,collect_info,補足具體條件、限制或改為 collect_info；若只是同義問法，整理成 aliases,
P1,faq-242,寵物友善,寵物咬壞家具怎麼辦？,請立即通知管家並保留現場狀況；若寵物造成家具、牆面、布品或設備損壞，會依實際修復、清潔或汰換費用處理。,operational_detail,設備、房型、交通、寵物、入住規範或現場條件需要人工確認是否足夠具體,needs_review,collect_info,補足具體條件、限制或改為 collect_info；若只是同義問法，整理成 aliases,
P1,faq-244,寵物友善,寵物可以洗澡嗎？,是否可在民宿替寵物洗澡需先確認；請勿使用客用毛巾擦寵物，建議自備寵物毛巾、清潔用品與吹乾工具。,operational_detail,設備、房型、交通、寵物、入住規範或現場條件需要人工確認是否足夠具體,needs_review,collect_info,補足具體條件、限制或改為 collect_info；若只是同義問法，整理成 aliases,
P1,faq-245,寵物友善,附近有寵物友善餐廳嗎？,可協助提供附近寵物友善餐廳、景點或動物醫院方向建議；店家規範與營業時間可能變動，出發前仍建議自行再確認。,operational_detail,設備、房型、交通、寵物、入住規範或現場條件需要人工確認是否足夠具體,needs_review,collect_info,補足具體條件、限制或改為 collect_info；若只是同義問法，整理成 aliases,
P1,faq-246,寵物友善,附近有動物醫院嗎？,若需要附近動物醫院資訊，請告知目前狀況與所在位置，管家可協助提供附近可查詢方向；緊急狀況請優先聯繫動物醫院或就近就醫。,operational_detail,設備、房型、交通、寵物、入住規範或現場條件需要人工確認是否足夠具體,needs_review,collect_info,補足具體條件、限制或改為 collect_info；若只是同義問法，整理成 aliases,
P1,faq-247,寵物友善,寵物需要打疫苗證明嗎？,若當期寵物入住規範要求疫苗證明、寵物入住同意書或切結書，請依規定提供；訂房前可先詢問需準備哪些資料。,operational_detail,設備、房型、交通、寵物、入住規範或現場條件需要人工確認是否足夠具體,needs_review,collect_info,補足具體條件、限制或改為 collect_info；若只是同義問法，整理成 aliases,
P1,faq-248,寵物友善,可以帶寵物坐床或沙發拍照嗎？,寵物坐床或沙發拍照需先詢問，並以不造成髒污、抓痕、殘留毛髮或異味為原則；若需要，可能需使用自備墊布或保潔用品。,operational_detail,設備、房型、交通、寵物、入住規範或現場條件需要人工確認是否足夠具體,needs_review,collect_info,補足具體條件、限制或改為 collect_info；若只是同義問法，整理成 aliases,
P1,faq-249,寵物友善,寵物便便要怎麼處理？,寵物排泄物請立即清理並丟至指定位置，避免留在戶外、房內或公共區域；若造成髒污或異味，可能依清潔規範處理。,operational_detail,設備、房型、交通、寵物、入住規範或現場條件需要人工確認是否足夠具體,needs_review,collect_info,補足具體條件、限制或改為 collect_info；若只是同義問法，整理成 aliases,
P1,faq-250,寵物友善,寵物入住要簽切結嗎？,是否需簽寵物入住同意書或切結，會依當期寵物規範確認。若需要，請詳閱清潔、損壞、噪音與安全責任後再入住。,operational_detail,設備、房型、交通、寵物、入住規範或現場條件需要人工確認是否足夠具體,needs_review,collect_info,補足具體條件、限制或改為 collect_info；若只是同義問法，整理成 aliases,
P1,faq-294,清潔消毒與衛生,可以要求換房嗎？,若有設備故障或清潔問題，請立即反映；是否能換房需視當日房況與問題狀況安排。,vague_answer,答案含確認或依公告語氣，建議檢查是否應改 collect_info 或 ask_human,needs_review,collect_info,補足具體條件、限制或改為 collect_info；若只是同義問法，整理成 aliases,
P1,faq-331,KTV麻將娛樂與活動,有麻將桌嗎？,有，慢慢蒔光設有獨立麻將空間，可依現場規範使用。使用後請整理牌具、保持音量並依管家說明關閉設備。,vague_answer,答案含確認或依公告語氣，建議檢查是否應改 collect_info 或 ask_human,needs_review,collect_info,補足具體條件、限制或改為 collect_info；若只是同義問法，整理成 aliases,
P1,faq-337,KTV麻將娛樂與活動,可以看電影嗎？,房內或公共區電視與影音設備依現場配置為準，可觀看一般電視或使用可開放的影音功能；若需使用個人帳號，退房前請記得登出。,vague_answer,答案含確認或依公告語氣，建議檢查是否應改 collect_info 或 ask_human,needs_review,collect_info,補足具體條件、限制或改為 collect_info；若只是同義問法，整理成 aliases,
P1,faq-392,行李寄放與入住服務,可以借針線包嗎？,針線包、雨傘、充電器、嬰兒用品等是否可借依現場備品；數量有限，使用後請歸還。,vague_answer,答案含確認或依公告語氣，建議檢查是否應改 collect_info 或 ask_human,needs_review,collect_info,補足具體條件、限制或改為 collect_info；若只是同義問法，整理成 aliases,
P1,faq-393,行李寄放與入住服務,可以借雨傘嗎？,針線包、雨傘、充電器、嬰兒用品等是否可借依現場備品；數量有限，使用後請歸還。,vague_answer,答案含確認或依公告語氣，建議檢查是否應改 collect_info 或 ask_human,needs_review,collect_info,補足具體條件、限制或改為 collect_info；若只是同義問法，整理成 aliases,
P1,faq-394,行李寄放與入住服務,可以借充電器嗎？,針線包、雨傘、充電器、嬰兒用品等是否可借依現場備品；數量有限，使用後請歸還。,vague_answer,答案含確認或依公告語氣，建議檢查是否應改 collect_info 或 ask_human,needs_review,collect_info,補足具體條件、限制或改為 collect_info；若只是同義問法，整理成 aliases,
P1,faq-395,行李寄放與入住服務,可以借嬰兒用品嗎？,針線包、雨傘、充電器、嬰兒用品等是否可借依現場備品；數量有限，使用後請歸還。,vague_answer,答案含確認或依公告語氣，建議檢查是否應改 collect_info 或 ask_human,needs_review,collect_info,補足具體條件、限制或改為 collect_info；若只是同義問法，整理成 aliases,
P2,faq-251,親子長輩與無障礙,適合帶小孩入住嗎？,請先告知孩子年齡與需求；嬰兒床、澡盆、餐椅、玩具或床圍等備品需提前確認，數量有限。,duplicate_answer_group,與 9 題共用相同答案，建議檢查是否可合併為 aliases,needs_review,direct,整理 aliases、合併重複題或補充較溫和的說法,
P2,faq-252,親子長輩與無障礙,有嬰兒床嗎？,請先告知孩子年齡與需求；嬰兒床、澡盆、餐椅、玩具或床圍等備品需提前確認，數量有限。,duplicate_answer_group,與 9 題共用相同答案，建議檢查是否可合併為 aliases,needs_review,direct,整理 aliases、合併重複題或補充較溫和的說法,
P2,faq-253,親子長輩與無障礙,有澡盆嗎？,請先告知孩子年齡與需求；嬰兒床、澡盆、餐椅、玩具或床圍等備品需提前確認，數量有限。,duplicate_answer_group,與 9 題共用相同答案，建議檢查是否可合併為 aliases,needs_review,direct,整理 aliases、合併重複題或補充較溫和的說法,
P2,faq-254,親子長輩與無障礙,有消毒鍋嗎？,請先告知孩子年齡與需求；嬰兒床、澡盆、餐椅、玩具或床圍等備品需提前確認，數量有限。,duplicate_answer_group,與 9 題共用相同答案，建議檢查是否可合併為 aliases,needs_review,direct,整理 aliases、合併重複題或補充較溫和的說法,
P2,faq-255,親子長輩與無障礙,小孩可以使用樓梯嗎？,請先告知孩子年齡與需求；嬰兒床、澡盆、餐椅、玩具或床圍等備品需提前確認，數量有限。,duplicate_answer_group,與 9 題共用相同答案，建議檢查是否可合併為 aliases,needs_review,direct,整理 aliases、合併重複題或補充較溫和的說法,
P2,faq-256,親子長輩與無障礙,有兒童遊戲區嗎？,請先告知孩子年齡與需求；嬰兒床、澡盆、餐椅、玩具或床圍等備品需提前確認，數量有限。,duplicate_answer_group,與 9 題共用相同答案，建議檢查是否可合併為 aliases,needs_review,direct,整理 aliases、合併重複題或補充較溫和的說法,
P2,faq-257,親子長輩與無障礙,可以帶嬰兒推車嗎？,請先告知孩子年齡與需求；嬰兒床、澡盆、餐椅、玩具或床圍等備品需提前確認，數量有限。,duplicate_answer_group,與 9 題共用相同答案，建議檢查是否可合併為 aliases,needs_review,direct,整理 aliases、合併重複題或補充較溫和的說法,
P2,faq-258,親子長輩與無障礙,長輩適合入住嗎？,請先告知長輩行動狀況、輪椅或助行器需求，我們會誠實評估樓層、門寬、衛浴與動線是否合適。,duplicate_answer_group,與 6 題共用相同答案，建議檢查是否可合併為 aliases,needs_review,direct,整理 aliases、合併重複題或補充較溫和的說法,
P2,faq-259,親子長輩與無障礙,有無障礙設施嗎？,請先告知長輩行動狀況、輪椅或助行器需求，我們會誠實評估樓層、門寬、衛浴與動線是否合適。,duplicate_answer_group,與 6 題共用相同答案，建議檢查是否可合併為 aliases,needs_review,direct,整理 aliases、合併重複題或補充較溫和的說法,
P2,faq-260,親子長輩與無障礙,輪椅可以進出嗎？,請先告知長輩行動狀況、輪椅或助行器需求，我們會誠實評估樓層、門寬、衛浴與動線是否合適。,duplicate_answer_group,與 6 題共用相同答案，建議檢查是否可合併為 aliases,needs_review,direct,整理 aliases、合併重複題或補充較溫和的說法,
P2,faq-261,親子長輩與無障礙,有一樓衛浴嗎？,請先告知長輩行動狀況、輪椅或助行器需求，我們會誠實評估樓層、門寬、衛浴與動線是否合適。,duplicate_answer_group,與 6 題共用相同答案，建議檢查是否可合併為 aliases,needs_review,direct,整理 aliases、合併重複題或補充較溫和的說法,
P2,faq-264,親子長輩與無障礙,有親子餐具嗎？,此問題需依民宿實際設備、房況與公告規定確認；建議訂房前先詢問，民宿會提供最準確答覆。,duplicate_answer_group,與 7 題共用相同答案，建議檢查是否可合併為 aliases,needs_review,direct,整理 aliases、合併重複題或補充較溫和的說法,
P2,faq-267,親子長輩與無障礙,可以帶寵物又帶小孩嗎？,請先告知孩子年齡與需求；嬰兒床、澡盆、餐椅、玩具或床圍等備品需提前確認，數量有限。,duplicate_answer_group,與 9 題共用相同答案，建議檢查是否可合併為 aliases,needs_review,direct,整理 aliases、合併重複題或補充較溫和的說法,
P2,faq-273,親子長輩與無障礙,可以加裝床圍嗎？,請先告知孩子年齡與需求；嬰兒床、澡盆、餐椅、玩具或床圍等備品需提前確認，數量有限。,duplicate_answer_group,與 9 題共用相同答案，建議檢查是否可合併為 aliases,needs_review,direct,整理 aliases、合併重複題或補充較溫和的說法,
P2,faq-274,親子長輩與無障礙,長輩怕吵，哪間房較安靜？,請先告知長輩行動狀況、輪椅或助行器需求，我們會誠實評估樓層、門寬、衛浴與動線是否合適。,duplicate_answer_group,與 6 題共用相同答案，建議檢查是否可合併為 aliases,needs_review,direct,整理 aliases、合併重複題或補充較溫和的說法,
P2,faq-275,親子長輩與無障礙,老人家晚上起夜方便嗎？,請先告知長輩行動狀況、輪椅或助行器需求，我們會誠實評估樓層、門寬、衛浴與動線是否合適。,duplicate_answer_group,與 6 題共用相同答案，建議檢查是否可合併為 aliases,needs_review,direct,整理 aliases、合併重複題或補充較溫和的說法,
P2,faq-348,KTV麻將娛樂與活動,有提供音樂播放設備嗎？,此問題需依民宿實際設備、房況與公告規定確認；建議訂房前先詢問，民宿會提供最準確答覆。,duplicate_answer_group,與 7 題共用相同答案，建議檢查是否可合併為 aliases,needs_review,direct,整理 aliases、合併重複題或補充較溫和的說法,
P2,faq-354,戶外空間烤肉戲水,可以在戶外吃東西嗎？,此問題需依民宿實際設備、房況與公告規定確認；建議訂房前先詢問，民宿會提供最準確答覆。,duplicate_answer_group,與 7 題共用相同答案，建議檢查是否可合併為 aliases,needs_review,direct,整理 aliases、合併重複題或補充較溫和的說法,
P2,faq-359,戶外空間烤肉戲水,可以玩水嗎？,戲水池或泳池開放依季節、天候與維護狀況；孩童必須由大人全程陪同並注意防滑。,duplicate_answer_group,與 5 題共用相同答案，建議檢查是否可合併為 aliases,needs_review,direct,整理 aliases、合併重複題或補充較溫和的說法,
P2,faq-360,戶外空間烤肉戲水,泳池有開放嗎？,戲水池或泳池開放依季節、天候與維護狀況；孩童必須由大人全程陪同並注意防滑。,duplicate_answer_group,與 5 題共用相同答案，建議檢查是否可合併為 aliases,needs_review,direct,整理 aliases、合併重複題或補充較溫和的說法,
P2,faq-361,戶外空間烤肉戲水,戲水池水深多少？,戲水池或泳池開放依季節、天候與維護狀況；孩童必須由大人全程陪同並注意防滑。,duplicate_answer_group,與 5 題共用相同答案，建議檢查是否可合併為 aliases,needs_review,direct,整理 aliases、合併重複題或補充較溫和的說法,
P2,faq-362,戶外空間烤肉戲水,可以帶游泳圈嗎？,戲水池或泳池開放依季節、天候與維護狀況；孩童必須由大人全程陪同並注意防滑。,duplicate_answer_group,與 5 題共用相同答案，建議檢查是否可合併為 aliases,needs_review,direct,整理 aliases、合併重複題或補充較溫和的說法,
P2,faq-363,戶外空間烤肉戲水,泳池可以使用到幾點？,戲水池或泳池開放依季節、天候與維護狀況；孩童必須由大人全程陪同並注意防滑。,duplicate_answer_group,與 5 題共用相同答案，建議檢查是否可合併為 aliases,needs_review,direct,整理 aliases、合併重複題或補充較溫和的說法,
P2,faq-376,行李寄放與入住服務,可以寄放行李嗎？,行李寄放或宅配代收需事前確認時間、地點與責任範圍；貴重物品請自行保管。,duplicate_answer_group,與 5 題共用相同答案，建議檢查是否可合併為 aliases,needs_review,direct,整理 aliases、合併重複題或補充較溫和的說法,
P2,faq-377,行李寄放與入住服務,行李可以先送到民宿嗎？,行李寄放或宅配代收需事前確認時間、地點與責任範圍；貴重物品請自行保管。,duplicate_answer_group,與 5 題共用相同答案，建議檢查是否可合併為 aliases,needs_review,direct,整理 aliases、合併重複題或補充較溫和的說法,
P2,faq-378,行李寄放與入住服務,退房後可以放行李到下午嗎？,行李寄放或宅配代收需事前確認時間、地點與責任範圍；貴重物品請自行保管。,duplicate_answer_group,與 5 題共用相同答案，建議檢查是否可合併為 aliases,needs_review,direct,整理 aliases、合併重複題或補充較溫和的說法,
P2,faq-379,行李寄放與入住服務,可以提早把行李放進房間嗎？,行李寄放或宅配代收需事前確認時間、地點與責任範圍；貴重物品請自行保管。,duplicate_answer_group,與 5 題共用相同答案，建議檢查是否可合併為 aliases,needs_review,direct,整理 aliases、合併重複題或補充較溫和的說法,
P2,faq-400,行李寄放與入住服務,如果臨時需要協助搬行李呢？,行李寄放或宅配代收需事前確認時間、地點與責任範圍；貴重物品請自行保管。,duplicate_answer_group,與 5 題共用相同答案，建議檢查是否可合併為 aliases,needs_review,direct,整理 aliases、合併重複題或補充較溫和的說法,
P2,faq-401,旅遊行程與在地推薦,附近有什麼景點？,可以依停留天數、親子、寵物、拍照、美食或雨天需求提供順路行程；實際營業與路況請出發前確認。,soft_recommendation_or_scenario,景點、餐廳、推薦或情境型回答建議人工整理 aliases 與適用條件,needs_review,direct,整理 aliases、合併重複題或補充較溫和的說法,
P2,faq-402,旅遊行程與在地推薦,宜蘭有什麼推薦行程？,可以依停留天數、親子、寵物、拍照、美食或雨天需求提供順路行程；實際營業與路況請出發前確認。,soft_recommendation_or_scenario,景點、餐廳、推薦或情境型回答建議人工整理 aliases 與適用條件,needs_review,direct,整理 aliases、合併重複題或補充較溫和的說法,
P2,faq-403,旅遊行程與在地推薦,下雨天可以去哪裡？,可以依停留天數、親子、寵物、拍照、美食或雨天需求提供順路行程；實際營業與路況請出發前確認。,soft_recommendation_or_scenario,景點、餐廳、推薦或情境型回答建議人工整理 aliases 與適用條件,needs_review,direct,整理 aliases、合併重複題或補充較溫和的說法,
P2,faq-404,旅遊行程與在地推薦,帶小孩附近可以去哪？,可以依停留天數、親子、寵物、拍照、美食或雨天需求提供順路行程；實際營業與路況請出發前確認。,soft_recommendation_or_scenario,景點、餐廳、推薦或情境型回答建議人工整理 aliases 與適用條件,needs_review,direct,整理 aliases、合併重複題或補充較溫和的說法,
P2,faq-405,旅遊行程與在地推薦,帶寵物附近可以去哪？,可以依停留天數、親子、寵物、拍照、美食或雨天需求提供順路行程；實際營業與路況請出發前確認。,soft_recommendation_or_scenario,景點、餐廳、推薦或情境型回答建議人工整理 aliases 與適用條件,needs_review,direct,整理 aliases、合併重複題或補充較溫和的說法,
P2,faq-406,旅遊行程與在地推薦,附近有夜市嗎？,可提供附近熱門點、營業日、車程與注意事項；季節活動與店家營業時間變動大，建議出發前再確認。,soft_recommendation_or_scenario,景點、餐廳、推薦或情境型回答建議人工整理 aliases 與適用條件,needs_review,direct,整理 aliases、合併重複題或補充較溫和的說法,
P2,faq-407,旅遊行程與在地推薦,附近有溫泉嗎？,可提供附近熱門點、營業日、車程與注意事項；季節活動與店家營業時間變動大，建議出發前再確認。,soft_recommendation_or_scenario,景點、餐廳、推薦或情境型回答建議人工整理 aliases 與適用條件,needs_review,direct,整理 aliases、合併重複題或補充較溫和的說法,
P2,faq-408,旅遊行程與在地推薦,附近可以看海嗎？,可提供附近熱門點、營業日、車程與注意事項；季節活動與店家營業時間變動大，建議出發前再確認。,soft_recommendation_or_scenario,景點、餐廳、推薦或情境型回答建議人工整理 aliases 與適用條件,needs_review,direct,整理 aliases、合併重複題或補充較溫和的說法,
P2,faq-409,旅遊行程與在地推薦,附近有步道嗎？,可提供附近熱門點、營業日、車程與注意事項；季節活動與店家營業時間變動大，建議出發前再確認。,soft_recommendation_or_scenario,景點、餐廳、推薦或情境型回答建議人工整理 aliases 與適用條件,needs_review,direct,整理 aliases、合併重複題或補充較溫和的說法,
P2,faq-410,旅遊行程與在地推薦,可以幫我們排行程嗎？,可以依停留天數、親子、寵物、拍照、美食或雨天需求提供順路行程；實際營業與路況請出發前確認。,soft_recommendation_or_scenario,景點、餐廳、推薦或情境型回答建議人工整理 aliases 與適用條件,needs_review,direct,整理 aliases、合併重複題或補充較溫和的說法,
P2,faq-413,旅遊行程與在地推薦,附近有伴手禮店嗎？,可提供附近店家與採買建議；熱門店家建議提早訂位，郊區夜間採買請提前安排。,soft_recommendation_or_scenario,景點、餐廳、推薦或情境型回答建議人工整理 aliases 與適用條件,needs_review,direct,整理 aliases、合併重複題或補充較溫和的說法,
P2,faq-414,旅遊行程與在地推薦,附近有咖啡廳嗎？,可提供附近店家與採買建議；熱門店家建議提早訂位，郊區夜間採買請提前安排。,soft_recommendation_or_scenario,景點、餐廳、推薦或情境型回答建議人工整理 aliases 與適用條件,needs_review,direct,整理 aliases、合併重複題或補充較溫和的說法,
P2,faq-415,旅遊行程與在地推薦,附近有早午餐嗎？,可提供附近店家與採買建議；熱門店家建議提早訂位，郊區夜間採買請提前安排。,soft_recommendation_or_scenario,景點、餐廳、推薦或情境型回答建議人工整理 aliases 與適用條件,needs_review,direct,整理 aliases、合併重複題或補充較溫和的說法,
P2,faq-416,旅遊行程與在地推薦,附近有素食餐廳嗎？,可提供附近店家與採買建議；熱門店家建議提早訂位，郊區夜間採買請提前安排。,soft_recommendation_or_scenario,景點、餐廳、推薦或情境型回答建議人工整理 aliases 與適用條件,needs_review,direct,整理 aliases、合併重複題或補充較溫和的說法,
P2,faq-417,旅遊行程與在地推薦,附近有便利商店或藥局嗎？,可提供附近店家與採買建議；熱門店家建議提早訂位，郊區夜間採買請提前安排。,soft_recommendation_or_scenario,景點、餐廳、推薦或情境型回答建議人工整理 aliases 與適用條件,needs_review,direct,整理 aliases、合併重複題或補充較溫和的說法,
P2,faq-418,旅遊行程與在地推薦,附近有醫院嗎？,可提供附近醫院、診所或動物醫院資訊；緊急狀況請先撥119或直接前往急診。,soft_recommendation_or_scenario,景點、餐廳、推薦或情境型回答建議人工整理 aliases 與適用條件,needs_review,direct,整理 aliases、合併重複題或補充較溫和的說法,
P2,faq-419,旅遊行程與在地推薦,附近有寵物醫院嗎？,可提供附近醫院、診所或動物醫院資訊；緊急狀況請先撥119或直接前往急診。,soft_recommendation_or_scenario,景點、餐廳、推薦或情境型回答建議人工整理 aliases 與適用條件,needs_review,direct,整理 aliases、合併重複題或補充較溫和的說法,
P2,faq-420,旅遊行程與在地推薦,可以幫忙訂票嗎？,票券代訂是否提供依民宿服務；通常可提供購票連結或建議，實際票務請旅客自行確認。,soft_recommendation_or_scenario,景點、餐廳、推薦或情境型回答建議人工整理 aliases 與適用條件,needs_review,direct,整理 aliases、合併重複題或補充較溫和的說法,
P2,faq-421,旅遊行程與在地推薦,附近有農場嗎？,可提供附近熱門點、營業日、車程與注意事項；季節活動與店家營業時間變動大，建議出發前再確認。,soft_recommendation_or_scenario,景點、餐廳、推薦或情境型回答建議人工整理 aliases 與適用條件,needs_review,direct,整理 aliases、合併重複題或補充較溫和的說法,
P2,faq-422,旅遊行程與在地推薦,附近有手作體驗嗎？,可提供附近熱門點、營業日、車程與注意事項；季節活動與店家營業時間變動大，建議出發前再確認。,soft_recommendation_or_scenario,景點、餐廳、推薦或情境型回答建議人工整理 aliases 與適用條件,needs_review,direct,整理 aliases、合併重複題或補充較溫和的說法,
P2,faq-423,旅遊行程與在地推薦,附近有拍照景點嗎？,可以依停留天數、親子、寵物、拍照、美食或雨天需求提供順路行程；實際營業與路況請出發前確認。,soft_recommendation_or_scenario,景點、餐廳、推薦或情境型回答建議人工整理 aliases 與適用條件,needs_review,direct,整理 aliases、合併重複題或補充較溫和的說法,
P2,faq-424,旅遊行程與在地推薦,附近晚上有活動嗎？,可提供附近熱門點、營業日、車程與注意事項；季節活動與店家營業時間變動大，建議出發前再確認。,soft_recommendation_or_scenario,景點、餐廳、推薦或情境型回答建議人工整理 aliases 與適用條件,needs_review,direct,整理 aliases、合併重複題或補充較溫和的說法,
P2,faq-425,旅遊行程與在地推薦,退房後順遊哪裡比較好？,可以依停留天數、親子、寵物、拍照、美食或雨天需求提供順路行程；實際營業與路況請出發前確認。,soft_recommendation_or_scenario,景點、餐廳、推薦或情境型回答建議人工整理 aliases 與適用條件,needs_review,direct,整理 aliases、合併重複題或補充較溫和的說法,
P2,faq-476,特殊需求與情境應對,可以帶導盲犬或服務犬嗎？,服務性動物需求請事先告知，民宿會依相關規範與實際動線協助安排；請攜帶必要證明與用品。,soft_recommendation_or_scenario,景點、餐廳、推薦或情境型回答建議人工整理 aliases 與適用條件,needs_review,direct,整理 aliases、合併重複題或補充較溫和的說法,
P2,faq-477,特殊需求與情境應對,我對羽絨過敏怎麼辦？,請訂房時告知過敏項目，民宿會確認是否可調整寢具、減少香氛或建議自備用品。,soft_recommendation_or_scenario,景點、餐廳、推薦或情境型回答建議人工整理 aliases 與適用條件,needs_review,direct,整理 aliases、合併重複題或補充較溫和的說法,
P2,faq-478,特殊需求與情境應對,我對香味過敏可以嗎？,請訂房時告知過敏項目，民宿會確認是否可調整寢具、減少香氛或建議自備用品。,soft_recommendation_or_scenario,景點、餐廳、推薦或情境型回答建議人工整理 aliases 與適用條件,needs_review,direct,整理 aliases、合併重複題或補充較溫和的說法,
P2,faq-479,特殊需求與情境應對,可以安排安靜房嗎？,可以提出房型、樓層或安靜需求，我們會依房況盡量安排，但無法保證一定指定成功。,soft_recommendation_or_scenario,景點、餐廳、推薦或情境型回答建議人工整理 aliases 與適用條件,needs_review,direct,整理 aliases、合併重複題或補充較溫和的說法,
P2,faq-480,特殊需求與情境應對,可以安排浪漫布置嗎？,可提前提供預算、時間與驚喜流程，民宿會確認可協助項目、費用與不傷場地的布置方式。,soft_recommendation_or_scenario,景點、餐廳、推薦或情境型回答建議人工整理 aliases 與適用條件,needs_review,direct,整理 aliases、合併重複題或補充較溫和的說法,
P2,faq-481,特殊需求與情境應對,可以準備求婚驚喜嗎？,可提前提供預算、時間與驚喜流程，民宿會確認可協助項目、費用與不傷場地的布置方式。,soft_recommendation_or_scenario,景點、餐廳、推薦或情境型回答建議人工整理 aliases 與適用條件,needs_review,direct,整理 aliases、合併重複題或補充較溫和的說法,
P2,faq-482,特殊需求與情境應對,可以準備生日蛋糕嗎？,可提前提供預算、時間與驚喜流程，民宿會確認可協助項目、費用與不傷場地的布置方式。,soft_recommendation_or_scenario,景點、餐廳、推薦或情境型回答建議人工整理 aliases 與適用條件,needs_review,direct,整理 aliases、合併重複題或補充較溫和的說法,
P2,faq-483,特殊需求與情境應對,可以提早寄生日禮物到民宿嗎？,可提前提供預算、時間與驚喜流程，民宿會確認可協助項目、費用與不傷場地的布置方式。,soft_recommendation_or_scenario,景點、餐廳、推薦或情境型回答建議人工整理 aliases 與適用條件,needs_review,direct,整理 aliases、合併重複題或補充較溫和的說法,
P2,faq-484,特殊需求與情境應對,可以安排鮮花嗎？,可提前提供預算、時間與驚喜流程，民宿會確認可協助項目、費用與不傷場地的布置方式。,soft_recommendation_or_scenario,景點、餐廳、推薦或情境型回答建議人工整理 aliases 與適用條件,needs_review,direct,整理 aliases、合併重複題或補充較溫和的說法,
P2,faq-485,特殊需求與情境應對,可以幫忙保密驚喜嗎？,可提前提供預算、時間與驚喜流程，民宿會確認可協助項目、費用與不傷場地的布置方式。,soft_recommendation_or_scenario,景點、餐廳、推薦或情境型回答建議人工整理 aliases 與適用條件,needs_review,direct,整理 aliases、合併重複題或補充較溫和的說法,
P2,faq-486,特殊需求與情境應對,可以入住前先送冷凍蛋糕嗎？,冷藏冷凍物、快遞或大型道具代收需事前確認尺寸、到貨時間與保存空間，未確認不建議寄送。,soft_recommendation_or_scenario,景點、餐廳、推薦或情境型回答建議人工整理 aliases 與適用條件,needs_review,direct,整理 aliases、合併重複題或補充較溫和的說法,
P2,faq-487,特殊需求與情境應對,可以帶長輩醫療器材嗎？,必要醫療器材或冷藏藥品可先告知；高功率設備與冷藏空間需確認，用藥請自行保管。,soft_recommendation_or_scenario,景點、餐廳、推薦或情境型回答建議人工整理 aliases 與適用條件,needs_review,direct,整理 aliases、合併重複題或補充較溫和的說法,
P2,faq-488,特殊需求與情境應對,需要冷藏藥品怎麼辦？,冷藏冷凍物、快遞或大型道具代收需事前確認尺寸、到貨時間與保存空間，未確認不建議寄送。,soft_recommendation_or_scenario,景點、餐廳、推薦或情境型回答建議人工整理 aliases 與適用條件,needs_review,direct,整理 aliases、合併重複題或補充較溫和的說法,
P2,faq-489,特殊需求與情境應對,可以入住時收快遞嗎？,冷藏冷凍物、快遞或大型道具代收需事前確認尺寸、到貨時間與保存空間，未確認不建議寄送。,soft_recommendation_or_scenario,景點、餐廳、推薦或情境型回答建議人工整理 aliases 與適用條件,needs_review,direct,整理 aliases、合併重複題或補充較溫和的說法,
P2,faq-490,特殊需求與情境應對,可以提早寄婚禮道具嗎？,冷藏冷凍物、快遞或大型道具代收需事前確認尺寸、到貨時間與保存空間，未確認不建議寄送。,soft_recommendation_or_scenario,景點、餐廳、推薦或情境型回答建議人工整理 aliases 與適用條件,needs_review,direct,整理 aliases、合併重複題或補充較溫和的說法,
P2,faq-491,特殊需求與情境應對,可以帶自己的枕頭被子嗎？,可以自備慣用寢具，請自行保管並退房時帶走；若要調整房內配置請先告知。,soft_recommendation_or_scenario,景點、餐廳、推薦或情境型回答建議人工整理 aliases 與適用條件,needs_review,direct,整理 aliases、合併重複題或補充較溫和的說法,
P2,faq-492,特殊需求與情境應對,可以要求不要打掃房間嗎？,連住期間若不需打掃可提前告知；但垃圾、廚餘與衛生問題仍需依規定處理。,soft_recommendation_or_scenario,景點、餐廳、推薦或情境型回答建議人工整理 aliases 與適用條件,needs_review,direct,整理 aliases、合併重複題或補充較溫和的說法,
P2,faq-494,特殊需求與情境應對,可以請外部按摩師到民宿嗎？,外部服務、企業小聚、開會或遠端工作需事前確認人數、設備、網路、訪客與場地規範。,soft_recommendation_or_scenario,景點、餐廳、推薦或情境型回答建議人工整理 aliases 與適用條件,needs_review,direct,整理 aliases、合併重複題或補充較溫和的說法,
P2,faq-495,特殊需求與情境應對,可以辦企業小聚嗎？,外部服務、企業小聚、開會或遠端工作需事前確認人數、設備、網路、訪客與場地規範。,soft_recommendation_or_scenario,景點、餐廳、推薦或情境型回答建議人工整理 aliases 與適用條件,needs_review,direct,整理 aliases、合併重複題或補充較溫和的說法,
P2,faq-496,特殊需求與情境應對,可以開會或遠端工作嗎？,外部服務、企業小聚、開會或遠端工作需事前確認人數、設備、網路、訪客與場地規範。,soft_recommendation_or_scenario,景點、餐廳、推薦或情境型回答建議人工整理 aliases 與適用條件,needs_review,direct,整理 aliases、合併重複題或補充較溫和的說法,
P2,faq-497,特殊需求與情境應對,可以要求高樓層或景觀房嗎？,可以提出房型、樓層或安靜需求，我們會依房況盡量安排，但無法保證一定指定成功。,soft_recommendation_or_scenario,景點、餐廳、推薦或情境型回答建議人工整理 aliases 與適用條件,needs_review,direct,整理 aliases、合併重複題或補充較溫和的說法,
P2,faq-498,特殊需求與情境應對,可以要求避開某個房間嗎？,可以提出房型、樓層或安靜需求，我們會依房況盡量安排，但無法保證一定指定成功。,soft_recommendation_or_scenario,景點、餐廳、推薦或情境型回答建議人工整理 aliases 與適用條件,needs_review,direct,整理 aliases、合併重複題或補充較溫和的說法,
P2,faq-499,特殊需求與情境應對,可以帶神明或祖先牌位入住嗎？,一般不建議也不開放攜帶神明或祖先牌位入住。若有特殊宗教物品需求，請務必事前詢問；館內禁止點香、燒金紙或進行可能影響安全與他人的儀式。,soft_recommendation_or_scenario,景點、餐廳、推薦或情境型回答建議人工整理 aliases 與適用條件,needs_review,direct,整理 aliases、合併重複題或補充較溫和的說法,
